observer,auc,sigma,tau_r,delay,obs_window,v_min,collapsed,recovered,t_return
fast_observer,0.5,2.0,12.0,0.0,160.0,0.6404886938740342,False,True,69.5
fast_observer,0.5,2.3181818181818183,12.0,0.0,160.0,0.6546648913747573,False,True,69.55
fast_observer,0.5,2.6363636363636362,12.0,0.0,160.0,0.6677030557341693,False,True,69.65
fast_observer,0.5,2.9545454545454546,12.0,0.0,160.0,0.6797478757195975,False,True,69.7
fast_observer,0.5,3.2727272727272725,12.0,0.0,160.0,0.6909280411386655,False,True,69.8
fast_observer,0.5,3.590909090909091,12.0,0.0,160.0,0.7013390653420917,False,True,69.9
fast_observer,0.5,3.909090909090909,12.0,0.0,160.0,0.7110641478424536,False,True,70.0
fast_observer,0.5,4.227272727272727,12.0,0.0,160.0,0.7201769138367149,False,True,70.10000000000001
fast_observer,0.5,4.545454545454545,12.0,0.0,160.0,0.728737762193822,False,True,70.2
fast_observer,0.5,4.863636363636363,12.0,0.0,160.0,0.7367975894748049,False,True,70.35000000000001
fast_observer,0.5,5.181818181818182,12.0,0.0,160.0,0.7444005324300492,False,True,70.45
fast_observer,0.5,5.5,12.0,0.0,160.0,0.7515866179014429,False,True,70.60000000000001
fast_observer,0.5,5.818181818181818,12.0,0.0,160.0,0.7583917055544949,False,True,70.75
fast_observer,0.5,6.136363636363637,12.0,0.0,160.0,0.7648435030534403,False,True,70.9
fast_observer,0.5,6.454545454545454,12.0,0.0,160.0,0.7709720737834539,False,True,71.05
fast_observer,0.5,6.7727272727272725,12.0,0.0,160.0,0.7768007530533444,False,True,71.2
fast_observer,0.5,7.090909090909091,12.0,0.0,160.0,0.782351098383297,False,True,71.35000000000001
fast_observer,0.5,7.409090909090909,12.0,0.0,160.0,0.7876428911458676,False,True,71.5
fast_observer,0.5,7.7272727272727275,12.0,0.0,160.0,0.7926942133610768,False,True,71.65
fast_observer,0.5,8.045454545454545,12.0,0.0,160.0,0.7975215618178187,False,True,71.8
fast_observer,0.5,8.363636363636363,12.0,0.0,160.0,0.80213879833832,False,True,71.95
fast_observer,0.5,8.681818181818182,12.0,0.0,160.0,0.8065599703295511,False,True,72.05
fast_observer,0.5,9.0,12.0,0.0,160.0,0.8107967894197133,False,True,72.2
fast_observer,0.5,9.318181818181818,12.0,0.0,160.0,0.8148611452474781,False,True,72.3
fast_observer,0.5,9.636363636363637,12.0,0.0,160.0,0.8187629655899358,False,True,72.45
fast_observer,0.5,9.954545454545453,12.0,0.0,160.0,0.8225114182199484,False,True,72.55
fast_observer,0.5,10.272727272727273,12.0,0.0,160.0,0.8261157074294965,False,True,72.60000000000001
fast_observer,0.5,10.59090909090909,12.0,0.0,160.0,0.8295838721278992,False,True,72.7
fast_observer,0.5,10.909090909090908,12.0,0.0,160.0,0.8329233972264092,False,True,72.8
fast_observer,0.5,11.227272727272727,12.0,0.0,160.0,0.8361410814212397,False,True,72.85000000000001
fast_observer,0.5,11.545454545454545,12.0,0.0,160.0,0.8392433139411676,False,True,73.10000000000001
fast_observer,0.5,11.863636363636363,12.0,0.0,160.0,0.8422363502543391,False,True,73.75
fast_observer,0.5,12.181818181818182,12.0,0.0,160.0,0.8451258448770359,False,True,74.4
fast_observer,0.5,12.5,12.0,0.0,160.0,0.8479165753359564,False,True,75.05
fast_observer,0.5,12.818181818181818,12.0,0.0,160.0,0.8506137715684815,False,True,75.65
fast_observer,0.5,13.136363636363637,12.0,0.0,160.0,0.8532218974281158,False,True,76.3
fast_observer,0.5,13.454545454545455,12.0,0.0,160.0,0.8557451473772899,False,True,76.95
fast_observer,0.5,13.772727272727273,12.0,0.0,160.0,0.8581875639820628,False,True,77.55000000000001
fast_observer,0.5,14.09090909090909,12.0,0.0,160.0,0.8605530207120516,False,True,78.2
fast_observer,0.5,14.409090909090908,12.0,0.0,160.0,0.8628446899210427,False,True,78.85000000000001
fast_observer,0.5,14.727272727272727,12.0,0.0,160.0,0.8650662433851417,False,True,79.5
fast_observer,0.5,15.045454545454545,12.0,0.0,160.0,0.8672207402632208,False,True,80.10000000000001
fast_observer,0.5,15.363636363636363,12.0,0.0,160.0,0.869310891428998,False,True,80.75
fast_observer,0.5,15.681818181818182,12.0,0.0,160.0,0.8713396275426087,False,True,81.4
fast_observer,0.5,16.0,12.0,0.0,160.0,0.8733095872250031,False,True,82.05000000000001
fast_observer,0.625,2.0,12.0,0.0,160.0,0.5506108673425425,False,True,72.2
fast_observer,0.625,2.3181818181818183,12.0,0.0,160.0,0.5683311142184473,False,True,72.25
fast_observer,0.625,2.6363636363636362,12.0,0.0,160.0,0.5846288196677125,False,True,72.3
fast_observer,0.625,2.9545454545454546,12.0,0.0,160.0,0.5996848446494967,False,True,72.4
fast_observer,0.625,3.2727272727272725,12.0,0.0,160.0,0.6136600514233312,False,True,72.45
fast_observer,0.625,3.590909090909091,12.0,0.0,160.0,0.6266738316776147,False,True,72.55
fast_observer,0.625,3.909090909090909,12.0,0.0,160.0,0.6388301848030675,False,True,72.65
fast_observer,0.625,4.227272727272727,12.0,0.0,160.0,0.6502211422958932,False,True,72.75
fast_observer,0.625,4.545454545454545,12.0,0.0,160.0,0.6609222027422774,False,True,72.9
fast_observer,0.625,4.863636363636363,12.0,0.0,160.0,0.6709969868435058,False,True,73.0
fast_observer,0.625,5.181818181818182,12.0,0.0,160.0,0.6805006655375615,False,True,73.15
fast_observer,0.625,5.5,12.0,0.0,160.0,0.6894832723768038,False,True,73.3
fast_observer,0.625,5.818181818181818,12.0,0.0,160.0,0.697989631943118,False,True,73.45
fast_observer,0.625,6.136363636363637,12.0,0.0,160.0,0.7060543788168006,False,True,73.60000000000001
fast_observer,0.625,6.454545454545454,12.0,0.0,160.0,0.7137150922293175,False,True,73.75
fast_observer,0.625,6.7727272727272725,12.0,0.0,160.0,0.7210009413166805,False,True,73.9
fast_observer,0.625,7.090909090909091,12.0,0.0,160.0,0.7279388729791221,False,True,74.10000000000001
fast_observer,0.625,7.409090909090909,12.0,0.0,160.0,0.7345536139323346,False,True,74.25
fast_observer,0.625,7.7272727272727275,12.0,0.0,160.0,0.740867766701345,False,True,74.45
fast_observer,0.625,8.045454545454545,12.0,0.0,160.0,0.7469019522722748,False,True,74.60000000000001
fast_observer,0.625,8.363636363636363,12.0,0.0,160.0,0.7526734979229004,False,True,74.8
fast_observer,0.625,8.681818181818182,12.0,0.0,160.0,0.7581999629119385,False,True,74.95
fast_observer,0.625,9.0,12.0,0.0,160.0,0.7634959867746415,False,True,75.15
fast_observer,0.625,9.318181818181818,12.0,0.0,160.0,0.768576431559347,False,True,75.3
fast_observer,0.625,9.636363636363637,12.0,0.0,160.0,0.7734537069874197,False,True,75.5
fast_observer,0.625,9.954545454545453,12.0,0.0,160.0,0.7781392727749351,False,True,75.65
fast_observer,0.625,10.272727272727273,12.0,0.0,160.0,0.7826446342868701,False,True,75.8
fast_observer,0.625,10.59090909090909,12.0,0.0,160.0,0.786979840159874,False,True,76.0
fast_observer,0.625,10.909090909090908,12.0,0.0,160.0,0.7911542465330115,False,True,76.15
fast_observer,0.625,11.227272727272727,12.0,0.0,160.0,0.7951763517765494,False,True,76.25
fast_observer,0.625,11.545454545454545,12.0,0.0,160.0,0.7990541424264586,False,True,76.4
fast_observer,0.625,11.863636363636363,12.0,0.0,160.0,0.8027954378179227,False,True,76.55
fast_observer,0.625,12.181818181818182,12.0,0.0,160.0,0.8064073060962943,False,True,76.65
fast_observer,0.625,12.5,12.0,0.0,160.0,0.8098957191699445,False,True,76.80000000000001
fast_observer,0.625,12.818181818181818,12.0,0.0,160.0,0.8132672144606006,False,True,76.9
fast_observer,0.625,13.136363636363637,12.0,0.0,160.0,0.8165273717851447,False,True,77.0
fast_observer,0.625,13.454545454545455,12.0,0.0,160.0,0.8196814342216123,False,True,77.10000000000001
fast_observer,0.625,13.772727272727273,12.0,0.0,160.0,0.8227344549775778,False,True,77.55000000000001
fast_observer,0.625,14.09090909090909,12.0,0.0,160.0,0.8256912758900627,False,True,78.2
fast_observer,0.625,14.409090909090908,12.0,0.0,160.0,0.8285558624013035,False,True,78.85000000000001
fast_observer,0.625,14.727272727272727,12.0,0.0,160.0,0.831332804231427,False,True,79.5
fast_observer,0.625,15.045454545454545,12.0,0.0,160.0,0.8340259253290251,False,True,80.10000000000001
fast_observer,0.625,15.363636363636363,12.0,0.0,160.0,0.8366386142862462,False,True,80.75
fast_observer,0.625,15.681818181818182,12.0,0.0,160.0,0.8391745344282606,False,True,81.4
fast_observer,0.625,16.0,12.0,0.0,160.0,0.8416369840312545,False,True,82.05000000000001
fast_observer,0.75,2.0,12.0,0.0,160.0,0.4607330408110509,False,True,74.35000000000001
fast_observer,0.75,2.3181818181818183,12.0,0.0,160.0,0.48199733706213593,False,True,74.45
fast_observer,0.75,2.6363636363636362,12.0,0.0,160.0,0.5015545836012543,False,True,74.5
fast_observer,0.75,2.9545454545454546,12.0,0.0,160.0,0.5196218135793965,False,True,74.55
fast_observer,0.75,3.2727272727272725,12.0,0.0,160.0,0.5363920617079967,False,True,74.65
fast_observer,0.75,3.590909090909091,12.0,0.0,160.0,0.5520085980131377,False,True,74.75
fast_observer,0.75,3.909090909090909,12.0,0.0,160.0,0.5665962217636812,False,True,74.85000000000001
fast_observer,0.75,4.227272727272727,12.0,0.0,160.0,0.580265370755071,False,True,74.95
fast_observer,0.75,4.545454545454545,12.0,0.0,160.0,0.5931066432907328,False,True,75.05
fast_observer,0.75,4.863636363636363,12.0,0.0,160.0,0.6051963842122077,False,True,75.2
fast_observer,0.75,5.181818181818182,12.0,0.0,160.0,0.6166007986450738,False,True,75.3
fast_observer,0.75,5.5,12.0,0.0,160.0,0.627379926852165,False,True,75.45
fast_observer,0.75,5.818181818181818,12.0,0.0,160.0,0.6375875583317422,False,True,75.60000000000001
fast_observer,0.75,6.136363636363637,12.0,0.0,160.0,0.6472652545801599,False,True,75.75
fast_observer,0.75,6.454545454545454,12.0,0.0,160.0,0.6564581106751806,False,True,75.95
fast_observer,0.75,6.7727272727272725,12.0,0.0,160.0,0.6652011295800163,False,True,76.10000000000001
fast_observer,0.75,7.090909090909091,12.0,0.0,160.0,0.6735266475749453,False,True,76.3
fast_observer,0.75,7.409090909090909,12.0,0.0,160.0,0.6814643367188016,False,True,76.5
fast_observer,0.75,7.7272727272727275,12.0,0.0,160.0,0.6890413200416136,False,True,76.65
fast_observer,0.75,8.045454545454545,12.0,0.0,160.0,0.6962823427267298,False,True,76.85000000000001
fast_observer,0.75,8.363636363636363,12.0,0.0,160.0,0.7032081975074808,False,True,77.05000000000001
fast_observer,0.75,8.681818181818182,12.0,0.0,160.0,0.7098399554943264,False,True,77.25
fast_observer,0.75,9.0,12.0,0.0,160.0,0.7161951841295695,False,True,77.45
fast_observer,0.75,9.318181818181818,12.0,0.0,160.0,0.7222917178712163,False,True,77.65
fast_observer,0.75,9.636363636363637,12.0,0.0,160.0,0.7281444483849041,False,True,77.85000000000001
fast_observer,0.75,9.954545454545453,12.0,0.0,160.0,0.733767127329922,False,True,78.05000000000001
fast_observer,0.75,10.272727272727273,12.0,0.0,160.0,0.7391735611442447,False,True,78.25
fast_observer,0.75,10.59090909090909,12.0,0.0,160.0,0.7443758081918496,False,True,78.45
fast_observer,0.75,10.909090909090908,12.0,0.0,160.0,0.7493850958396128,False,True,78.65
fast_observer,0.75,11.227272727272727,12.0,0.0,160.0,0.7542116221318599,False,True,78.85000000000001
fast_observer,0.75,11.545454545454545,12.0,0.0,160.0,0.7588649709117506,False,True,79.0
fast_observer,0.75,11.863636363636363,12.0,0.0,160.0,0.7633545253815079,False,True,79.2
fast_observer,0.75,12.181818181818182,12.0,0.0,160.0,0.7676887673155531,False,True,79.35000000000001
fast_observer,0.75,12.5,12.0,0.0,160.0,0.771874863003934,False,True,79.55000000000001
fast_observer,0.75,12.818181818181818,12.0,0.0,160.0,0.7759206573527219,False,True,79.7
fast_observer,0.75,13.136363636363637,12.0,0.0,160.0,0.7798328461421733,False,True,79.85000000000001
fast_observer,0.75,13.454545454545455,12.0,0.0,160.0,0.7836177210659346,False,True,80.05000000000001
fast_observer,0.75,13.772727272727273,12.0,0.0,160.0,0.7872813459730932,False,True,80.2
fast_observer,0.75,14.09090909090909,12.0,0.0,160.0,0.7908295310680764,False,True,80.35000000000001
fast_observer,0.75,14.409090909090908,12.0,0.0,160.0,0.794267034881564,False,True,80.45
fast_observer,0.75,14.727272727272727,12.0,0.0,160.0,0.7975993650777125,False,True,80.60000000000001
fast_observer,0.75,15.045454545454545,12.0,0.0,160.0,0.8008311103948302,False,True,80.75
fast_observer,0.75,15.363636363636363,12.0,0.0,160.0,0.8039663371434957,False,True,80.85000000000001
fast_observer,0.75,15.681818181818182,12.0,0.0,160.0,0.8070094413139131,False,True,81.4
fast_observer,0.75,16.0,12.0,0.0,160.0,0.8099643808375051,False,True,82.05000000000001
fast_observer,0.875,2.0,12.0,0.0,160.0,0.37085521427956,False,True,76.2
fast_observer,0.875,2.3181818181818183,12.0,0.0,160.0,0.39566355990582525,False,True,76.25
fast_observer,0.875,2.6363636363636362,12.0,0.0,160.0,0.4184803475347969,False,True,76.35000000000001
fast_observer,0.875,2.9545454545454546,12.0,0.0,160.0,0.43955878250929586,False,True,76.4
fast_observer,0.875,3.2727272727272725,12.0,0.0,160.0,0.4591240719926633,False,True,76.5
fast_observer,0.875,3.590909090909091,12.0,0.0,160.0,0.47734336434866087,False,True,76.60000000000001
fast_observer,0.875,3.909090909090909,12.0,0.0,160.0,0.4943622587242945,False,True,76.7
fast_observer,0.875,4.227272727272727,12.0,0.0,160.0,0.5103095992142503,False,True,76.80000000000001
fast_observer,0.875,4.545454545454545,12.0,0.0,160.0,0.5252910838391882,False,True,76.9
fast_observer,0.875,4.863636363636363,12.0,0.0,160.0,0.5393957815809096,False,True,77.05000000000001
fast_observer,0.875,5.181818181818182,12.0,0.0,160.0,0.5527009317525857,False,True,77.15
fast_observer,0.875,5.5,12.0,0.0,160.0,0.5652765813275256,False,True,77.30000000000001
fast_observer,0.875,5.818181818181818,12.0,0.0,160.0,0.577185484720366,False,True,77.45
fast_observer,0.875,6.136363636363637,12.0,0.0,160.0,0.5884761303435205,False,True,77.60000000000001
fast_observer,0.875,6.454545454545454,12.0,0.0,160.0,0.5992011291210445,False,True,77.80000000000001
fast_observer,0.875,6.7727272727272725,12.0,0.0,160.0,0.6094013178433528,False,True,77.95
fast_observer,0.875,7.090909090909091,12.0,0.0,160.0,0.6191144221707695,False,True,78.15
fast_observer,0.875,7.409090909090909,12.0,0.0,160.0,0.6283750595052693,False,True,78.35000000000001
fast_observer,0.875,7.7272727272727275,12.0,0.0,160.0,0.6372148733818824,False,True,78.55000000000001
fast_observer,0.875,8.045454545454545,12.0,0.0,160.0,0.645662733181184,False,True,78.75
fast_observer,0.875,8.363636363636363,12.0,0.0,160.0,0.6537428970920606,False,True,78.95
fast_observer,0.875,8.681818181818182,12.0,0.0,160.0,0.6614799480767141,False,True,79.15
fast_observer,0.875,9.0,12.0,0.0,160.0,0.6688943814844974,False,True,79.35000000000001
fast_observer,0.875,9.318181818181818,12.0,0.0,160.0,0.676007004183086,False,True,79.55000000000001
fast_observer,0.875,9.636363636363637,12.0,0.0,160.0,0.6828351897823874,False,True,79.80000000000001
fast_observer,0.875,9.954545454545453,12.0,0.0,160.0,0.6893949818849091,False,True,80.0
fast_observer,0.875,10.272727272727273,12.0,0.0,160.0,0.6957024880016185,False,True,80.25
fast_observer,0.875,10.59090909090909,12.0,0.0,160.0,0.7017717762238243,False,True,80.45
fast_observer,0.875,10.909090909090908,12.0,0.0,160.0,0.7076159451462161,False,True,80.65
fast_observer,0.875,11.227272727272727,12.0,0.0,160.0,0.7132468924871702,False,True,80.9
fast_observer,0.875,11.545454545454545,12.0,0.0,160.0,0.7186757993970436,False,True,81.10000000000001
fast_observer,0.875,11.863636363636363,12.0,0.0,160.0,0.723913612945093,False,True,81.30000000000001
fast_observer,0.875,12.181818181818182,12.0,0.0,160.0,0.7289702285348117,False,True,81.5
fast_observer,0.875,12.5,12.0,0.0,160.0,0.7338540068379228,False,True,81.75
fast_observer,0.875,12.818181818181818,12.0,0.0,160.0,0.7385741002448427,False,True,81.95
fast_observer,0.875,13.136363636363637,12.0,0.0,160.0,0.7431383204992028,False,True,82.15
fast_observer,0.875,13.454545454545455,12.0,0.0,160.0,0.7475540079102575,False,True,82.35000000000001
fast_observer,0.875,13.772727272727273,12.0,0.0,160.0,0.7518282369686085,False,True,82.55000000000001
fast_observer,0.875,14.09090909090909,12.0,0.0,160.0,0.7559677862460881,False,True,82.7
fast_observer,0.875,14.409090909090908,12.0,0.0,160.0,0.7599782073618252,False,True,82.9
fast_observer,0.875,14.727272727272727,12.0,0.0,160.0,0.763865925923998,False,True,83.10000000000001
fast_observer,0.875,15.045454545454545,12.0,0.0,160.0,0.7676362954606349,False,True,83.25
fast_observer,0.875,15.363636363636363,12.0,0.0,160.0,0.7712940600007454,False,True,83.45
fast_observer,0.875,15.681818181818182,12.0,0.0,160.0,0.7748443481995659,False,True,83.60000000000001
fast_observer,0.875,16.0,12.0,0.0,160.0,0.7782917776437552,False,True,83.75
fast_observer,1.0,2.0,12.0,0.0,160.0,0.2809773877480681,True,True,77.80000000000001
fast_observer,1.0,2.3181818181818183,12.0,0.0,160.0,0.30932978274951534,True,True,77.85000000000001
fast_observer,1.0,2.6363636363636362,12.0,0.0,160.0,0.3354061114683393,True,True,77.95
fast_observer,1.0,2.9545454545454546,12.0,0.0,160.0,0.3594957514391947,False,True,78.0
fast_observer,1.0,3.2727272727272725,12.0,0.0,160.0,0.3818560822773297,False,True,78.10000000000001
fast_observer,1.0,3.590909090909091,12.0,0.0,160.0,0.40267813068418307,False,True,78.2
fast_observer,1.0,3.909090909090909,12.0,0.0,160.0,0.4221282956849077,False,True,78.30000000000001
fast_observer,1.0,4.227272727272727,12.0,0.0,160.0,0.4403538276734283,False,True,78.4
fast_observer,1.0,4.545454545454545,12.0,0.0,160.0,0.457475524387644,False,True,78.5
fast_observer,1.0,4.863636363636363,12.0,0.0,160.0,0.4735951789496106,False,True,78.65
fast_observer,1.0,5.181818181818182,12.0,0.0,160.0,0.48880106486009767,False,True,78.75
fast_observer,1.0,5.5,12.0,0.0,160.0,0.5031732358028863,False,True,78.9
fast_observer,1.0,5.818181818181818,12.0,0.0,160.0,0.5167834111089891,False,True,79.05000000000001
fast_observer,1.0,6.136363636363637,12.0,0.0,160.0,0.5296870061068807,False,True,79.2
fast_observer,1.0,6.454545454545454,12.0,0.0,160.0,0.5419441475669075,False,True,79.4
fast_observer,1.0,6.7727272727272725,12.0,0.0,160.0,0.5536015061066899,False,True,79.55000000000001
fast_observer,1.0,7.090909090909091,12.0,0.0,160.0,0.5647021967665941,False,True,79.75
fast_observer,1.0,7.409090909090909,12.0,0.0,160.0,0.5752857822917353,False,True,79.95
fast_observer,1.0,7.7272727272727275,12.0,0.0,160.0,0.5853884267221515,False,True,80.15
fast_observer,1.0,8.045454545454545,12.0,0.0,160.0,0.5950431236356404,False,True,80.35000000000001
fast_observer,1.0,8.363636363636363,12.0,0.0,160.0,0.6042775966766405,False,True,80.55000000000001
fast_observer,1.0,8.681818181818182,12.0,0.0,160.0,0.6131199406591012,False,True,80.75
fast_observer,1.0,9.0,12.0,0.0,160.0,0.6215935788394256,False,True,81.0
fast_observer,1.0,9.318181818181818,12.0,0.0,160.0,0.6297222904949551,False,True,81.2
fast_observer,1.0,9.636363636363637,12.0,0.0,160.0,0.6375259311798724,False,True,81.45
fast_observer,1.0,9.954545454545453,12.0,0.0,160.0,0.645022836439897,False,True,81.65
fast_observer,1.0,10.272727272727273,12.0,0.0,160.0,0.6522314148589928,False,True,81.9
fast_observer,1.0,10.59090909090909,12.0,0.0,160.0,0.6591677442557993,False,True,82.15
fast_observer,1.0,10.909090909090908,12.0,0.0,160.0,0.6658467944528168,False,True,82.35000000000001
fast_observer,1.0,11.227272727272727,12.0,0.0,160.0,0.6722821628424805,False,True,82.60000000000001
fast_observer,1.0,11.545454545454545,12.0,0.0,160.0,0.6784866278823347,False,True,82.85000000000001
fast_observer,1.0,11.863636363636363,12.0,0.0,160.0,0.6844727005086776,False,True,83.10000000000001
fast_observer,1.0,12.181818181818182,12.0,0.0,160.0,0.6902516897540711,False,True,83.30000000000001
fast_observer,1.0,12.5,12.0,0.0,160.0,0.6958331506719122,False,True,83.55000000000001
fast_observer,1.0,12.818181818181818,12.0,0.0,160.0,0.7012275431369622,False,True,83.80000000000001
fast_observer,1.0,13.136363636363637,12.0,0.0,160.0,0.7064437948562317,False,True,84.0
fast_observer,1.0,13.454545454545455,12.0,0.0,160.0,0.7114902947545797,False,True,84.25
fast_observer,1.0,13.772727272727273,12.0,0.0,160.0,0.7163751279641241,False,True,84.45
fast_observer,1.0,14.09090909090909,12.0,0.0,160.0,0.7211060414241013,False,True,84.65
fast_observer,1.0,14.409090909090908,12.0,0.0,160.0,0.7256893798420856,False,True,84.9
fast_observer,1.0,14.727272727272727,12.0,0.0,160.0,0.7301324867702833,False,True,85.10000000000001
fast_observer,1.0,15.045454545454545,12.0,0.0,160.0,0.7344414805264396,False,True,85.30000000000001
fast_observer,1.0,15.363636363636363,12.0,0.0,160.0,0.7386217828579944,False,True,85.5
fast_observer,1.0,15.681818181818182,12.0,0.0,160.0,0.7426792550852184,False,True,85.75
fast_observer,1.0,16.0,12.0,0.0,160.0,0.7466191744500069,False,True,85.95
fast_observer,1.125,2.0,12.0,0.0,160.0,0.19109956121657715,True,True,79.25
fast_observer,1.125,2.3181818181818183,12.0,0.0,160.0,0.2229960055932047,True,True,79.30000000000001
fast_observer,1.125,2.6363636363636362,12.0,0.0,160.0,0.2523318754018819,True,True,79.35000000000001
fast_observer,1.125,2.9545454545454546,12.0,0.0,160.0,0.27943272036909467,True,True,79.4
fast_observer,1.125,3.2727272727272725,12.0,0.0,160.0,0.3045880925619957,True,True,79.5
fast_observer,1.125,3.590909090909091,12.0,0.0,160.0,0.3280128970197065,True,True,79.60000000000001
fast_observer,1.125,3.909090909090909,12.0,0.0,160.0,0.3498943326455217,True,True,79.7
fast_observer,1.125,4.227272727272727,12.0,0.0,160.0,0.3703980561326072,False,True,79.80000000000001
fast_observer,1.125,4.545454545454545,12.0,0.0,160.0,0.3896599649360992,False,True,79.9
fast_observer,1.125,4.863636363636363,12.0,0.0,160.0,0.40779457631831134,False,True,80.05000000000001
fast_observer,1.125,5.181818181818182,12.0,0.0,160.0,0.42490119796761056,False,True,80.2
fast_observer,1.125,5.5,12.0,0.0,160.0,0.44106989027824683,False,True,80.30000000000001
fast_observer,1.125,5.818181818181818,12.0,0.0,160.0,0.45638133749761334,False,True,80.45
fast_observer,1.125,6.136363636363637,12.0,0.0,160.0,0.4708978818702406,False,True,80.65
fast_observer,1.125,6.454545454545454,12.0,0.0,160.0,0.4846871660127707,False,True,80.80000000000001
fast_observer,1.125,6.7727272727272725,12.0,0.0,160.0,0.49780169437002575,False,True,80.95
fast_observer,1.125,7.090909090909091,12.0,0.0,160.0,0.5102899713624184,False,True,81.15
fast_observer,1.125,7.409090909090909,12.0,0.0,160.0,0.5221965050782023,False,True,81.35000000000001
fast_observer,1.125,7.7272727272727275,12.0,0.0,160.0,0.5335619800624203,False,True,81.55000000000001
fast_observer,1.125,8.045454545454545,12.0,0.0,160.0,0.5444235140900945,False,True,81.75
fast_observer,1.125,8.363636363636363,12.0,0.0,160.0,0.5548122962612205,False,True,81.95
fast_observer,1.125,8.681818181818182,12.0,0.0,160.0,0.5647599332414892,False,True,82.2
fast_observer,1.125,9.0,12.0,0.0,160.0,0.5742927761943538,False,True,82.4
fast_observer,1.125,9.318181818181818,12.0,0.0,160.0,0.5834375768068243,False,True,82.65
fast_observer,1.125,9.636363636363637,12.0,0.0,160.0,0.5922166725773554,False,True,82.9
fast_observer,1.125,9.954545454545453,12.0,0.0,160.0,0.600650690994884,False,True,83.10000000000001
fast_observer,1.125,10.272727272727273,12.0,0.0,160.0,0.6087603417163672,False,True,83.35000000000001
fast_observer,1.125,10.59090909090909,12.0,0.0,160.0,0.6165637122877735,False,True,83.60000000000001
fast_observer,1.125,10.909090909090908,12.0,0.0,160.0,0.6240776437594193,False,True,83.85000000000001
fast_observer,1.125,11.227272727272727,12.0,0.0,160.0,0.6313174331977898,False,True,84.10000000000001
fast_observer,1.125,11.545454545454545,12.0,0.0,160.0,0.6382974563676268,False,True,84.35000000000001
fast_observer,1.125,11.863636363636363,12.0,0.0,160.0,0.6450317880722616,False,True,84.60000000000001
fast_observer,1.125,12.181818181818182,12.0,0.0,160.0,0.65153315097333,False,True,84.85000000000001
fast_observer,1.125,12.5,12.0,0.0,160.0,0.6578122945059006,False,True,85.10000000000001
fast_observer,1.125,12.818181818181818,12.0,0.0,160.0,0.6638809860290825,False,True,85.35000000000001
fast_observer,1.125,13.136363636363637,12.0,0.0,160.0,0.6697492692132611,False,True,85.60000000000001
fast_observer,1.125,13.454545454545455,12.0,0.0,160.0,0.6754265815989023,False,True,85.85000000000001
fast_observer,1.125,13.772727272727273,12.0,0.0,160.0,0.6809220189596391,False,True,86.10000000000001
fast_observer,1.125,14.09090909090909,12.0,0.0,160.0,0.6862442966021147,False,True,86.35000000000001
fast_observer,1.125,14.409090909090908,12.0,0.0,160.0,0.6914005523223461,False,True,86.60000000000001
fast_observer,1.125,14.727272727272727,12.0,0.0,160.0,0.6963990476165688,False,True,86.80000000000001
fast_observer,1.125,15.045454545454545,12.0,0.0,160.0,0.701246665592245,False,True,87.05000000000001
fast_observer,1.125,15.363636363636363,12.0,0.0,160.0,0.7059495057152436,False,True,87.30000000000001
fast_observer,1.125,15.681818181818182,12.0,0.0,160.0,0.7105141619708698,False,True,87.5
fast_observer,1.125,16.0,12.0,0.0,160.0,0.7149465712562572,False,True,87.75
fast_observer,1.25,2.0,12.0,0.0,160.0,0.10122173468508557,True,True,80.5
fast_observer,1.25,2.3181818181818183,12.0,0.0,160.0,0.13666222843689393,True,True,80.55000000000001
fast_observer,1.25,2.6363636363636362,12.0,0.0,160.0,0.1692576393354238,True,True,80.60000000000001
fast_observer,1.25,2.9545454545454546,12.0,0.0,160.0,0.19936968929899448,True,True,80.7
fast_observer,1.25,3.2727272727272725,12.0,0.0,160.0,0.22732010284666176,True,True,80.75
fast_observer,1.25,3.590909090909091,12.0,0.0,160.0,0.25334766335522957,True,True,80.85000000000001
fast_observer,1.25,3.909090909090909,12.0,0.0,160.0,0.2776603696061354,True,True,80.95
fast_observer,1.25,4.227272727272727,12.0,0.0,160.0,0.3004422845917858,True,True,81.05000000000001
fast_observer,1.25,4.545454545454545,12.0,0.0,160.0,0.3218444054845547,True,True,81.2
fast_observer,1.25,4.863636363636363,12.0,0.0,160.0,0.34199397368701234,True,True,81.30000000000001
fast_observer,1.25,5.181818181818182,12.0,0.0,160.0,0.36100133107512233,False,True,81.45
fast_observer,1.25,5.5,12.0,0.0,160.0,0.3789665447536081,False,True,81.60000000000001
fast_observer,1.25,5.818181818181818,12.0,0.0,160.0,0.39597926388623716,False,True,81.75
fast_observer,1.25,6.136363636363637,12.0,0.0,160.0,0.4121087576336003,False,True,81.9
fast_observer,1.25,6.454545454545454,12.0,0.0,160.0,0.4274301844586345,False,True,82.05000000000001
fast_observer,1.25,6.7727272727272725,12.0,0.0,160.0,0.44200188263336104,False,True,82.25
fast_observer,1.25,7.090909090909091,12.0,0.0,160.0,0.4558777459582428,False,True,82.4
fast_observer,1.25,7.409090909090909,12.0,0.0,160.0,0.46910722786466963,False,True,82.60000000000001
fast_observer,1.25,7.7272727272727275,12.0,0.0,160.0,0.4817355334026889,False,True,82.80000000000001
fast_observer,1.25,8.045454545454545,12.0,0.0,160.0,0.49380390454454914,False,True,83.0
fast_observer,1.25,8.363636363636363,12.0,0.0,160.0,0.5053469958458005,False,True,83.25
fast_observer,1.25,8.681818181818182,12.0,0.0,160.0,0.5163999258238771,False,True,83.45
fast_observer,1.25,9.0,12.0,0.0,160.0,0.5269919735492821,False,True,83.7
fast_observer,1.25,9.318181818181818,12.0,0.0,160.0,0.5371528631186937,False,True,83.9
fast_observer,1.25,9.636363636363637,12.0,0.0,160.0,0.5469074139748388,False,True,84.15
fast_observer,1.25,9.954545454545453,12.0,0.0,160.0,0.5562785455498706,False,True,84.4
fast_observer,1.25,10.272727272727273,12.0,0.0,160.0,0.5652892685737408,False,True,84.65
fast_observer,1.25,10.59090909090909,12.0,0.0,160.0,0.573959680319749,False,True,84.9
fast_observer,1.25,10.909090909090908,12.0,0.0,160.0,0.5823084930660222,False,True,85.15
fast_observer,1.25,11.227272727272727,12.0,0.0,160.0,0.5903527035531001,False,True,85.4
fast_observer,1.25,11.545454545454545,12.0,0.0,160.0,0.5981082848529192,False,True,85.7
fast_observer,1.25,11.863636363636363,12.0,0.0,160.0,0.6055908756358478,False,True,85.95
fast_observer,1.25,12.181818181818182,12.0,0.0,160.0,0.6128146121925885,False,True,86.2
fast_observer,1.25,12.5,12.0,0.0,160.0,0.6197914383398899,False,True,86.45
fast_observer,1.25,12.818181818181818,12.0,0.0,160.0,0.6265344289212038,False,True,86.75
fast_observer,1.25,13.136363636363637,12.0,0.0,160.0,0.6330547435702897,False,True,87.0
fast_observer,1.25,13.454545454545455,12.0,0.0,160.0,0.6393628684432243,False,True,87.25
fast_observer,1.25,13.772727272727273,12.0,0.0,160.0,0.6454689099551557,False,True,87.5
fast_observer,1.25,14.09090909090909,12.0,0.0,160.0,0.651382551780127,False,True,87.80000000000001
fast_observer,1.25,14.409090909090908,12.0,0.0,160.0,0.6571117248026075,False,True,88.05000000000001
fast_observer,1.25,14.727272727272727,12.0,0.0,160.0,0.662665608462855,False,True,88.30000000000001
fast_observer,1.25,15.045454545454545,12.0,0.0,160.0,0.6680518506580501,False,True,88.55000000000001
fast_observer,1.25,15.363636363636363,12.0,0.0,160.0,0.6732772285724932,False,True,88.80000000000001
fast_observer,1.25,15.681818181818182,12.0,0.0,160.0,0.6783490688565218,False,True,89.05000000000001
fast_observer,1.25,16.0,12.0,0.0,160.0,0.6832739680625078,False,True,89.30000000000001
fast_observer,1.375,2.0,12.0,0.0,160.0,0.01134390815359372,True,True,81.65
fast_observer,1.375,2.3181818181818183,12.0,0.0,160.0,0.050328451280582734,True,True,81.7
fast_observer,1.375,2.6363636363636362,12.0,0.0,160.0,0.08618340326896638,True,True,81.75
fast_observer,1.375,2.9545454545454546,12.0,0.0,160.0,0.11930665822889333,True,True,81.85000000000001
fast_observer,1.375,3.2727272727272725,12.0,0.0,160.0,0.15005211313132816,True,True,81.9
fast_observer,1.375,3.590909090909091,12.0,0.0,160.0,0.17868242969075207,True,True,82.0
fast_observer,1.375,3.909090909090909,12.0,0.0,160.0,0.20542640656674893,True,True,82.10000000000001
fast_observer,1.375,4.227272727272727,12.0,0.0,160.0,0.23048651305096457,True,True,82.2
fast_observer,1.375,4.545454545454545,12.0,0.0,160.0,0.25402884603301,True,True,82.30000000000001
fast_observer,1.375,4.863636363636363,12.0,0.0,160.0,0.2761933710557137,True,True,82.45
fast_observer,1.375,5.181818181818182,12.0,0.0,160.0,0.29710146418263494,True,True,82.60000000000001
fast_observer,1.375,5.5,12.0,0.0,160.0,0.3168631992289685,True,True,82.7
fast_observer,1.375,5.818181818181818,12.0,0.0,160.0,0.33557719027486066,True,True,82.9
fast_observer,1.375,6.136363636363637,12.0,0.0,160.0,0.3533196333969608,False,True,83.05000000000001
fast_observer,1.375,6.454545454545454,12.0,0.0,160.0,0.37017320290449784,False,True,83.2
fast_observer,1.375,6.7727272727272725,12.0,0.0,160.0,0.3862020708966974,False,True,83.4
fast_observer,1.375,7.090909090909091,12.0,0.0,160.0,0.4014655205540666,False,True,83.55000000000001
fast_observer,1.375,7.409090909090909,12.0,0.0,160.0,0.41601795065113645,False,True,83.75
fast_observer,1.375,7.7272727272727275,12.0,0.0,160.0,0.42990908674295836,False,True,83.95
fast_observer,1.375,8.045454545454545,12.0,0.0,160.0,0.44318429499900425,False,True,84.15
fast_observer,1.375,8.363636363636363,12.0,0.0,160.0,0.45588169543038026,False,True,84.4
fast_observer,1.375,8.681818181818182,12.0,0.0,160.0,0.46803991840626447,False,True,84.60000000000001
fast_observer,1.375,9.0,12.0,0.0,160.0,0.4796911709042107,False,True,84.85000000000001
fast_observer,1.375,9.318181818181818,12.0,0.0,160.0,0.4908681494305634,False,True,85.05000000000001
fast_observer,1.375,9.636363636363637,12.0,0.0,160.0,0.5015981553723229,False,True,85.30000000000001
fast_observer,1.375,9.954545454545453,12.0,0.0,160.0,0.5119064001048573,False,True,85.55000000000001
fast_observer,1.375,10.272727272727273,12.0,0.0,160.0,0.521818195431115,False,True,85.80000000000001
fast_observer,1.375,10.59090909090909,12.0,0.0,160.0,0.5313556483517238,False,True,86.05000000000001
fast_observer,1.375,10.909090909090908,12.0,0.0,160.0,0.5405393423726245,False,True,86.35000000000001
fast_observer,1.375,11.227272727272727,12.0,0.0,160.0,0.5493879739084102,False,True,86.60000000000001
fast_observer,1.375,11.545454545454545,12.0,0.0,160.0,0.5579191133382106,False,True,86.85000000000001
fast_observer,1.375,11.863636363636363,12.0,0.0,160.0,0.5661499631994318,False,True,87.15
fast_observer,1.375,12.181818181818182,12.0,0.0,160.0,0.5740960734118477,False,True,87.4
fast_observer,1.375,12.5,12.0,0.0,160.0,0.5817705821738789,False,True,87.7
fast_observer,1.375,12.818181818181818,12.0,0.0,160.0,0.589187871813323,False,True,87.95
fast_observer,1.375,13.136363636363637,12.0,0.0,160.0,0.5963602179273187,False,True,88.25
fast_observer,1.375,13.454545454545455,12.0,0.0,160.0,0.6032991552875472,False,True,88.5
fast_observer,1.375,13.772727272727273,12.0,0.0,160.0,0.6100158009506707,False,True,88.80000000000001
fast_observer,1.375,14.09090909090909,12.0,0.0,160.0,0.6165208069581396,False,True,89.05000000000001
fast_observer,1.375,14.409090909090908,12.0,0.0,160.0,0.6228228972828679,False,True,89.35000000000001
fast_observer,1.375,14.727272727272727,12.0,0.0,160.0,0.6289321693091402,False,True,89.60000000000001
fast_observer,1.375,15.045454545454545,12.0,0.0,160.0,0.6348570357238558,False,True,89.9
fast_observer,1.375,15.363636363636363,12.0,0.0,160.0,0.6406049514297428,False,True,90.15
fast_observer,1.375,15.681818181818182,12.0,0.0,160.0,0.646183975742174,False,True,90.45
fast_observer,1.375,16.0,12.0,0.0,160.0,0.6516013648687587,False,True,90.7
fast_observer,1.5,2.0,12.0,0.0,160.0,-0.07853391837789736,True,True,82.65
fast_observer,1.5,2.3181818181818183,12.0,0.0,160.0,-0.036005325875727315,True,True,82.75
fast_observer,1.5,2.6363636363636362,12.0,0.0,160.0,0.003109167202508689,True,True,82.80000000000001
fast_observer,1.5,2.9545454545454546,12.0,0.0,160.0,0.03924362715879272,True,True,82.85000000000001
fast_observer,1.5,3.2727272727272725,12.0,0.0,160.0,0.07278412341599436,True,True,82.95
fast_observer,1.5,3.590909090909091,12.0,0.0,160.0,0.10401719602627528,True,True,83.05000000000001
fast_observer,1.5,3.909090909090909,12.0,0.0,160.0,0.13319244352736237,True,True,83.15
fast_observer,1.5,4.227272727272727,12.0,0.0,160.0,0.160530741510143,True,True,83.25
fast_observer,1.5,4.545454545454545,12.0,0.0,160.0,0.18621328658146583,True,True,83.35000000000001
fast_observer,1.5,4.863636363636363,12.0,0.0,160.0,0.21039276842441532,True,True,83.5
fast_observer,1.5,5.181818181818182,12.0,0.0,160.0,0.2332015972901475,True,True,83.60000000000001
fast_observer,1.5,5.5,12.0,0.0,160.0,0.25475985370432924,True,True,83.75
fast_observer,1.5,5.818181818181818,12.0,0.0,160.0,0.2751751166634847,True,True,83.9
fast_observer,1.5,6.136363636363637,12.0,0.0,160.0,0.294530509160321,True,True,84.10000000000001
fast_observer,1.5,6.454545454545454,12.0,0.0,160.0,0.31291622135036146,True,True,84.25
fast_observer,1.5,6.7727272727272725,12.0,0.0,160.0,0.330402259160034,True,True,84.4
fast_observer,1.5,7.090909090909091,12.0,0.0,160.0,0.34705329514989086,True,True,84.60000000000001
fast_observer,1.5,7.409090909090909,12.0,0.0,160.0,0.36292867343760365,False,True,84.80000000000001
fast_observer,1.5,7.7272727272727275,12.0,0.0,160.0,0.37808264008322723,False,True,85.0
fast_observer,1.5,8.045454545454545,12.0,0.0,160.0,0.392564685453459,False,True,85.2
fast_observer,1.5,8.363636363636363,12.0,0.0,160.0,0.40641639501496063,False,True,85.4
fast_observer,1.5,8.681818181818182,12.0,0.0,160.0,0.4196799109886524,False,True,85.65
fast_observer,1.5,9.0,12.0,0.0,160.0,0.43239036825913857,False,True,85.9
fast_observer,1.5,9.318181818181818,12.0,0.0,160.0,0.4445834357424333,False,True,86.10000000000001
fast_observer,1.5,9.636363636363637,12.0,0.0,160.0,0.4562888967698071,False,True,86.35000000000001
fast_observer,1.5,9.954545454545453,12.0,0.0,160.0,0.4675342546598453,False,True,86.60000000000001
fast_observer,1.5,10.272727272727273,12.0,0.0,160.0,0.47834712228848936,False,True,86.85000000000001
fast_observer,1.5,10.59090909090909,12.0,0.0,160.0,0.4887516163836981,False,True,87.15
fast_observer,1.5,10.909090909090908,12.0,0.0,160.0,0.49877019167922737,False,True,87.4
fast_observer,1.5,11.227272727272727,12.0,0.0,160.0,0.5084232442637201,False,True,87.65
fast_observer,1.5,11.545454545454545,12.0,0.0,160.0,0.517729941823503,False,True,87.95
fast_observer,1.5,11.863636363636363,12.0,0.0,160.0,0.5267090507630162,False,True,88.2
fast_observer,1.5,12.181818181818182,12.0,0.0,160.0,0.5353775346311065,False,True,88.5
fast_observer,1.5,12.5,12.0,0.0,160.0,0.5437497260078687,False,True,88.80000000000001
fast_observer,1.5,12.818181818181818,12.0,0.0,160.0,0.5518413147054442,False,True,89.05000000000001
fast_observer,1.5,13.136363636363637,12.0,0.0,160.0,0.5596656922843479,False,True,89.35000000000001
fast_observer,1.5,13.454545454545455,12.0,0.0,160.0,0.567235442131869,False,True,89.65
fast_observer,1.5,13.772727272727273,12.0,0.0,160.0,0.5745626919461859,False,True,89.95
fast_observer,1.5,14.09090909090909,12.0,0.0,160.0,0.5816590621361521,False,True,90.2
fast_observer,1.5,14.409090909090908,12.0,0.0,160.0,0.5885340697631283,False,True,90.5
fast_observer,1.5,14.727272727272727,12.0,0.0,160.0,0.5951987301554255,False,True,90.80000000000001
fast_observer,1.5,15.045454545454545,12.0,0.0,160.0,0.6016622207896599,False,True,91.10000000000001
fast_observer,1.5,15.363636363636363,12.0,0.0,160.0,0.6079326742869924,False,True,91.35000000000001
fast_observer,1.5,15.681818181818182,12.0,0.0,160.0,0.6140188826278259,False,True,91.65
fast_observer,1.5,16.0,12.0,0.0,160.0,0.6199287616750095,False,True,91.95
fast_observer,1.625,2.0,12.0,0.0,160.0,-0.16841174490938912,True,True,83.65
fast_observer,1.625,2.3181818181818183,12.0,0.0,160.0,-0.1223391030320383,True,True,83.7
fast_observer,1.625,2.6363636363636362,12.0,0.0,160.0,-0.07996506886394861,True,True,83.75
fast_observer,1.625,2.9545454545454546,12.0,0.0,160.0,-0.040819403911308075,True,True,83.85000000000001
fast_observer,1.625,3.2727272727272725,12.0,0.0,160.0,-0.004483866299339201,True,True,83.9
fast_observer,1.625,3.590909090909091,12.0,0.0,160.0,0.029351962361798118,True,True,84.0
fast_observer,1.625,3.909090909090909,12.0,0.0,160.0,0.06095848048797591,True,True,84.10000000000001
fast_observer,1.625,4.227272727272727,12.0,0.0,160.0,0.09057496996932136,True,True,84.2
fast_observer,1.625,4.545454545454545,12.0,0.0,160.0,0.11839772712992068,True,True,84.35000000000001
fast_observer,1.625,4.863636363636363,12.0,0.0,160.0,0.14459216579311587,True,True,84.45
fast_observer,1.625,5.181818181818182,12.0,0.0,160.0,0.16930173039765992,True,True,84.60000000000001
fast_observer,1.625,5.5,12.0,0.0,160.0,0.19265650817969035,True,True,84.75
fast_observer,1.625,5.818181818181818,12.0,0.0,160.0,0.21477304305210795,True,True,84.9
fast_observer,1.625,6.136363636363637,12.0,0.0,160.0,0.2357413849236812,True,True,85.05000000000001
fast_observer,1.625,6.454545454545454,12.0,0.0,160.0,0.2556592397962247,True,True,85.2
fast_observer,1.625,6.7727272727272725,12.0,0.0,160.0,0.27460244742337014,True,True,85.4
fast_observer,1.625,7.090909090909091,12.0,0.0,160.0,0.2926410697457157,True,True,85.55000000000001
fast_observer,1.625,7.409090909090909,12.0,0.0,160.0,0.30983939622407053,True,True,85.75
fast_observer,1.625,7.7272727272727275,12.0,0.0,160.0,0.3262561934234966,True,True,85.95
fast_observer,1.625,8.045454545454545,12.0,0.0,160.0,0.3419450759079142,True,True,86.15
fast_observer,1.625,8.363636363636363,12.0,0.0,160.0,0.35695109459954094,False,True,86.4
fast_observer,1.625,8.681818181818182,12.0,0.0,160.0,0.37131990357104,False,True,86.60000000000001
fast_observer,1.625,9.0,12.0,0.0,160.0,0.3850895656140668,False,True,86.85000000000001
fast_observer,1.625,9.318181818181818,12.0,0.0,160.0,0.3982987220543027,False,True,87.10000000000001
fast_observer,1.625,9.636363636363637,12.0,0.0,160.0,0.41097963816729155,False,True,87.35000000000001
fast_observer,1.625,9.954545454545453,12.0,0.0,160.0,0.4231621092148329,False,True,87.60000000000001
fast_observer,1.625,10.272727272727273,12.0,0.0,160.0,0.4348760491458628,False,True,87.85000000000001
fast_observer,1.625,10.59090909090909,12.0,0.0,160.0,0.44614758441567304,False,True,88.10000000000001
fast_observer,1.625,10.909090909090908,12.0,0.0,160.0,0.4570010409858287,False,True,88.4
fast_observer,1.625,11.227272727272727,12.0,0.0,160.0,0.4674585146190309,False,True,88.65
fast_observer,1.625,11.545454545454545,12.0,0.0,160.0,0.47754077030879405,False,True,88.95
fast_observer,1.625,11.863636363636363,12.0,0.0,160.0,0.4872681383266009,False,True,89.2
fast_observer,1.625,12.181818181818182,12.0,0.0,160.0,0.4966589958503655,False,True,89.5
fast_observer,1.625,12.5,12.0,0.0,160.0,0.5057288698418569,False,True,89.80000000000001
fast_observer,1.625,12.818181818181818,12.0,0.0,160.0,0.5144947575975636,False,True,90.10000000000001
fast_observer,1.625,13.136363636363637,12.0,0.0,160.0,0.5229711666413767,False,True,90.35000000000001
fast_observer,1.625,13.454545454545455,12.0,0.0,160.0,0.531171728976192,False,True,90.65
fast_observer,1.625,13.772727272727273,12.0,0.0,160.0,0.5391095829417017,False,True,90.95
fast_observer,1.625,14.09090909090909,12.0,0.0,160.0,0.5467973173141646,False,True,91.25
fast_observer,1.625,14.409090909090908,12.0,0.0,160.0,0.5542452422433888,False,True,91.55000000000001
fast_observer,1.625,14.727272727272727,12.0,0.0,160.0,0.5614652910017107,False,True,91.85000000000001
fast_observer,1.625,15.045454545454545,12.0,0.0,160.0,0.5684674058554655,False,True,92.15
fast_observer,1.625,15.363636363636363,12.0,0.0,160.0,0.5752603971442419,False,True,92.45
fast_observer,1.625,15.681818181818182,12.0,0.0,160.0,0.5818537895134788,False,True,92.75
fast_observer,1.625,16.0,12.0,0.0,160.0,0.5882561584812606,False,True,93.05000000000001
fast_observer,1.75,2.0,12.0,0.0,160.0,-0.2582895714408809,True,True,84.5
fast_observer,1.75,2.3181818181818183,12.0,0.0,160.0,-0.2086728801883492,True,True,84.55000000000001
fast_observer,1.75,2.6363636363636362,12.0,0.0,160.0,-0.16303930493040603,True,True,84.65
fast_observer,1.75,2.9545454545454546,12.0,0.0,160.0,-0.12088243498140851,True,True,84.7
fast_observer,1.75,3.2727272727272725,12.0,0.0,160.0,-0.08175185601467314,True,True,84.80000000000001
fast_observer,1.75,3.590909090909091,12.0,0.0,160.0,-0.04531327130267937,True,True,84.9
fast_observer,1.75,3.909090909090909,12.0,0.0,160.0,-0.01127548255141054,True,True,85.0
fast_observer,1.75,4.227272727272727,12.0,0.0,160.0,0.020619198428499724,True,True,85.10000000000001
fast_observer,1.75,4.545454545454545,12.0,0.0,160.0,0.050582167678376484,True,True,85.2
fast_observer,1.75,4.863636363636363,12.0,0.0,160.0,0.07879156316181757,True,True,85.35000000000001
fast_observer,1.75,5.181818181818182,12.0,0.0,160.0,0.10540186350517217,True,True,85.45
fast_observer,1.75,5.5,12.0,0.0,160.0,0.13055316265505104,True,True,85.60000000000001
fast_observer,1.75,5.818181818181818,12.0,0.0,160.0,0.15437096944073148,True,True,85.75
fast_observer,1.75,6.136363636363637,12.0,0.0,160.0,0.17695226068704087,True,True,85.9
fast_observer,1.75,6.454545454545454,12.0,0.0,160.0,0.1984022582420882,True,True,86.10000000000001
fast_observer,1.75,6.7727272727272725,12.0,0.0,160.0,0.21880263568670624,True,True,86.25
fast_observer,1.75,7.090909090909091,12.0,0.0,160.0,0.23822884434153946,True,True,86.45
fast_observer,1.75,7.409090909090909,12.0,0.0,160.0,0.2567501190105374,True,True,86.65
fast_observer,1.75,7.7272727272727275,12.0,0.0,160.0,0.274429746763765,True,True,86.85000000000001
fast_observer,1.75,8.045454545454545,12.0,0.0,160.0,0.29132546636236933,True,True,87.05000000000001
fast_observer,1.75,8.363636363636363,12.0,0.0,160.0,0.3074857941841208,True,True,87.25
fast_observer,1.75,8.681818181818182,12.0,0.0,160.0,0.322959896153428,True,True,87.5
fast_observer,1.75,9.0,12.0,0.0,160.0,0.33778876296899524,True,True,87.75
fast_observer,1.75,9.318181818181818,12.0,0.0,160.0,0.35201400836617175,False,True,87.95
fast_observer,1.75,9.636363636363637,12.0,0.0,160.0,0.36567037956477527,False,True,88.2
fast_observer,1.75,9.954545454545453,12.0,0.0,160.0,0.3787899637698188,False,True,88.45
fast_observer,1.75,10.272727272727273,12.0,0.0,160.0,0.39140497600323737,False,True,88.75
fast_observer,1.75,10.59090909090909,12.0,0.0,160.0,0.403543552447648,False,True,89.0
fast_observer,1.75,10.909090909090908,12.0,0.0,160.0,0.41523189029243085,False,True,89.30000000000001
fast_observer,1.75,11.227272727272727,12.0,0.0,160.0,0.42649378497434015,False,True,89.55000000000001
fast_observer,1.75,11.545454545454545,12.0,0.0,160.0,0.43735159879408614,False,True,89.85000000000001
fast_observer,1.75,11.863636363636363,12.0,0.0,160.0,0.4478272258901858,False,True,90.10000000000001
fast_observer,1.75,12.181818181818182,12.0,0.0,160.0,0.4579404570696244,False,True,90.4
fast_observer,1.75,12.5,12.0,0.0,160.0,0.46770801367584625,False,True,90.7
fast_observer,1.75,12.818181818181818,12.0,0.0,160.0,0.47714820048968454,False,True,91.0
fast_observer,1.75,13.136363636363637,12.0,0.0,160.0,0.48627664099840584,False,True,91.30000000000001
fast_observer,1.75,13.454545454545455,12.0,0.0,160.0,0.4951080158205139,False,True,91.60000000000001
fast_observer,1.75,13.772727272727273,12.0,0.0,160.0,0.5036564739372181,False,True,91.9
fast_observer,1.75,14.09090909090909,12.0,0.0,160.0,0.5119355724921777,False,True,92.2
fast_observer,1.75,14.409090909090908,12.0,0.0,160.0,0.5199564147236494,False,True,92.5
fast_observer,1.75,14.727272727272727,12.0,0.0,160.0,0.5277318518479961,False,True,92.85000000000001
fast_observer,1.75,15.045454545454545,12.0,0.0,160.0,0.5352725909212703,False,True,93.15
fast_observer,1.75,15.363636363636363,12.0,0.0,160.0,0.5425881200014905,False,True,93.45
fast_observer,1.75,15.681818181818182,12.0,0.0,160.0,0.5496886963991302,False,True,93.75
fast_observer,1.75,16.0,12.0,0.0,160.0,0.5565835552875111,False,True,94.05000000000001
fast_observer,1.875,2.0,12.0,0.0,160.0,-0.348167397972372,True,True,85.35000000000001
fast_observer,1.875,2.3181818181818183,12.0,0.0,160.0,-0.295006657344659,True,True,85.4
fast_observer,1.875,2.6363636363636362,12.0,0.0,160.0,-0.24611354099686328,True,True,85.45
fast_observer,1.875,2.9545454545454546,12.0,0.0,160.0,-0.2009454660515089,True,True,85.55000000000001
fast_observer,1.875,3.2727272727272725,12.0,0.0,160.0,-0.15901984573000713,True,True,85.60000000000001
fast_observer,1.875,3.590909090909091,12.0,0.0,160.0,-0.11997850496715591,True,True,85.7
fast_observer,1.875,3.909090909090909,12.0,0.0,160.0,-0.08350944559079682,True,True,85.80000000000001
fast_observer,1.875,4.227272727272727,12.0,0.0,160.0,-0.049336573112321,True,True,85.9
fast_observer,1.875,4.545454545454545,12.0,0.0,160.0,-0.017233391773168086,True,True,86.05000000000001
fast_observer,1.875,4.863636363636363,12.0,0.0,160.0,0.012990960530518647,True,True,86.15
fast_observer,1.875,5.181818181818182,12.0,0.0,160.0,0.041501996612684125,True,True,86.30000000000001
fast_observer,1.875,5.5,12.0,0.0,160.0,0.06844981713041175,True,True,86.45
fast_observer,1.875,5.818181818181818,12.0,0.0,160.0,0.09396889582935591,True,True,86.60000000000001
fast_observer,1.875,6.136363636363637,12.0,0.0,160.0,0.11816313645040082,True,True,86.75
fast_observer,1.875,6.454545454545454,12.0,0.0,160.0,0.1411452766879515,True,True,86.9
fast_observer,1.875,6.7727272727272725,12.0,0.0,160.0,0.16300282395004234,True,True,87.10000000000001
fast_observer,1.875,7.090909090909091,12.0,0.0,160.0,0.18381661893736415,True,True,87.30000000000001
fast_observer,1.875,7.409090909090909,12.0,0.0,160.0,0.20366084179700414,True,True,87.45
fast_observer,1.875,7.7272727272727275,12.0,0.0,160.0,0.2226033001040334,True,True,87.65
fast_observer,1.875,8.045454545454545,12.0,0.0,160.0,0.24070585681682427,True,True,87.9
fast_observer,1.875,8.363636363636363,12.0,0.0,160.0,0.25802049376870106,True,True,88.10000000000001
fast_observer,1.875,8.681818181818182,12.0,0.0,160.0,0.2745998887358158,True,True,88.30000000000001
fast_observer,1.875,9.0,12.0,0.0,160.0,0.2904879603239232,True,True,88.55000000000001
fast_observer,1.875,9.318181818181818,12.0,0.0,160.0,0.30572929467804094,True,True,88.80000000000001
fast_observer,1.875,9.636363636363637,12.0,0.0,160.0,0.3203611209622588,True,True,89.05000000000001
fast_observer,1.875,9.954545454545453,12.0,0.0,160.0,0.33441781832480644,True,True,89.30000000000001
fast_observer,1.875,10.272727272727273,12.0,0.0,160.0,0.3479339028606114,True,True,89.55000000000001
fast_observer,1.875,10.59090909090909,12.0,0.0,160.0,0.3609395204796227,False,True,89.85000000000001
fast_observer,1.875,10.909090909090908,12.0,0.0,160.0,0.3734627395990334,False,True,90.10000000000001
fast_observer,1.875,11.227272727272727,12.0,0.0,160.0,0.38552905532965004,False,True,90.4
fast_observer,1.875,11.545454545454545,12.0,0.0,160.0,0.3971624272793783,False,True,90.7
fast_observer,1.875,11.863636363636363,12.0,0.0,160.0,0.40838631345377024,False,True,90.95
fast_observer,1.875,12.181818181818182,12.0,0.0,160.0,0.41922191828888344,False,True,91.25
fast_observer,1.875,12.5,12.0,0.0,160.0,0.42968715750983477,False,True,91.55000000000001
fast_observer,1.875,12.818181818181818,12.0,0.0,160.0,0.4398016433818048,False,True,91.85000000000001
fast_observer,1.875,13.136363636363637,12.0,0.0,160.0,0.4495821153554349,False,True,92.15
fast_observer,1.875,13.454545454545455,12.0,0.0,160.0,0.45904430266483653,False,True,92.5
fast_observer,1.875,13.772727272727273,12.0,0.0,160.0,0.4682033649327331,False,True,92.80000000000001
fast_observer,1.875,14.09090909090909,12.0,0.0,160.0,0.4770738276701902,False,True,93.10000000000001
fast_observer,1.875,14.409090909090908,12.0,0.0,160.0,0.48566758720391023,False,True,93.4
fast_observer,1.875,14.727272727272727,12.0,0.0,160.0,0.49399841269428113,False,True,93.75
fast_observer,1.875,15.045454545454545,12.0,0.0,160.0,0.5020777759870751,False,True,94.05000000000001
fast_observer,1.875,15.363636363636363,12.0,0.0,160.0,0.5099158428587397,False,True,94.35000000000001
fast_observer,1.875,15.681818181818182,12.0,0.0,160.0,0.5175236032847833,False,True,94.65
fast_observer,1.875,16.0,12.0,0.0,160.0,0.5249109520937618,False,True,95.0
fast_observer,2.0,2.0,12.0,0.0,160.0,-0.43804522450386346,True,True,86.10000000000001
fast_observer,2.0,2.3181818181818183,12.0,0.0,160.0,-0.3813404345009697,True,True,86.15
fast_observer,2.0,2.6363636363636362,12.0,0.0,160.0,-0.3291877770633217,True,True,86.25
fast_observer,2.0,2.9545454545454546,12.0,0.0,160.0,-0.28100849712160925,True,True,86.30000000000001
fast_observer,2.0,3.2727272727272725,12.0,0.0,160.0,-0.23628783544534102,True,True,86.4
fast_observer,2.0,3.590909090909091,12.0,0.0,160.0,-0.1946437386316331,True,True,86.5
fast_observer,2.0,3.909090909090909,12.0,0.0,160.0,-0.15574340863018332,True,True,86.60000000000001
fast_observer,2.0,4.227272727272727,12.0,0.0,160.0,-0.11929234465314299,True,True,86.7
fast_observer,2.0,4.545454545454545,12.0,0.0,160.0,-0.08504895122471266,True,True,86.80000000000001
fast_observer,2.0,4.863636363636363,12.0,0.0,160.0,-0.05280964210078026,True,True,86.95
fast_observer,2.0,5.181818181818182,12.0,0.0,160.0,-0.022397870279803646,True,True,87.05000000000001
fast_observer,2.0,5.5,12.0,0.0,160.0,0.00634647160577253,True,True,87.2
fast_observer,2.0,5.818181818181818,12.0,0.0,160.0,0.03356682221797869,True,True,87.35000000000001
fast_observer,2.0,6.136363636363637,12.0,0.0,160.0,0.059374012213761145,True,True,87.5
fast_observer,2.0,6.454545454545454,12.0,0.0,160.0,0.08388829513381531,True,True,87.7
fast_observer,2.0,6.7727272727272725,12.0,0.0,160.0,0.10720301221337872,True,True,87.85000000000001
fast_observer,2.0,7.090909090909091,12.0,0.0,160.0,0.1294043935331881,True,True,88.05000000000001
fast_observer,2.0,7.409090909090909,12.0,0.0,160.0,0.15057156458347118,True,True,88.25
fast_observer,2.0,7.7272727272727275,12.0,0.0,160.0,0.17077685344430293,True,True,88.45
fast_observer,2.0,8.045454545454545,12.0,0.0,160.0,0.19008624727127915,True,True,88.65
fast_observer,2.0,8.363636363636363,12.0,0.0,160.0,0.2085551933532809,True,True,88.85000000000001
fast_observer,2.0,8.681818181818182,12.0,0.0,160.0,0.22623988131820347,True,True,89.10000000000001
fast_observer,2.0,9.0,12.0,0.0,160.0,0.24318715767885135,True,True,89.35000000000001
fast_observer,2.0,9.318181818181818,12.0,0.0,160.0,0.25944458098991036,True,True,89.55000000000001
fast_observer,2.0,9.636363636363637,12.0,0.0,160.0,0.2750518623597431,True,True,89.80000000000001
fast_observer,2.0,9.954545454545453,12.0,0.0,160.0,0.2900456728797934,True,True,90.10000000000001
fast_observer,2.0,10.272727272727273,12.0,0.0,160.0,0.3044628297179853,True,True,90.35000000000001
fast_observer,2.0,10.59090909090909,12.0,0.0,160.0,0.318335488511598,True,True,90.60000000000001
fast_observer,2.0,10.909090909090908,12.0,0.0,160.0,0.3316935889056356,True,True,90.9
fast_observer,2.0,11.227272727272727,12.0,0.0,160.0,0.3445643256849603,True,True,91.15
fast_observer,2.0,11.545454545454545,12.0,0.0,160.0,0.3569732557646702,False,True,91.45
fast_observer,2.0,11.863636363636363,12.0,0.0,160.0,0.368945401017355,False,True,91.75
fast_observer,2.0,12.181818181818182,12.0,0.0,160.0,0.38050337950814234,False,True,92.05000000000001
fast_observer,2.0,12.5,12.0,0.0,160.0,0.39166630134382424,False,True,92.35000000000001
fast_observer,2.0,12.818181818181818,12.0,0.0,160.0,0.4024550862739253,False,True,92.65
fast_observer,2.0,13.136363636363637,12.0,0.0,160.0,0.4128875897124634,False,True,92.95
fast_observer,2.0,13.454545454545455,12.0,0.0,160.0,0.422980589509159,False,True,93.30000000000001
fast_observer,2.0,13.772727272727273,12.0,0.0,160.0,0.4327502559282487,False,True,93.60000000000001
fast_observer,2.0,14.09090909090909,12.0,0.0,160.0,0.44221208284820296,False,True,93.9
fast_observer,2.0,14.409090909090908,12.0,0.0,160.0,0.4513787596841712,False,True,94.25
fast_observer,2.0,14.727272727272727,12.0,0.0,160.0,0.46026497354056684,False,True,94.55000000000001
fast_observer,2.0,15.045454545454545,12.0,0.0,160.0,0.46888296105288085,False,True,94.9
fast_observer,2.0,15.363636363636363,12.0,0.0,160.0,0.47724356571598936,False,True,95.2
fast_observer,2.0,15.681818181818182,12.0,0.0,160.0,0.48535851017043447,False,True,95.55000000000001
fast_observer,2.0,16.0,12.0,0.0,160.0,0.4932383489000122,False,True,95.85000000000001
fast_observer,2.125,2.0,12.0,0.0,160.0,-0.527923051035355,True,True,86.85000000000001
fast_observer,2.125,2.3181818181818183,12.0,0.0,160.0,-0.4676742116572803,True,True,86.9
fast_observer,2.125,2.6363636363636362,12.0,0.0,160.0,-0.41226201312977945,True,True,86.95
fast_observer,2.125,2.9545454545454546,12.0,0.0,160.0,-0.36107152819171007,True,True,87.05000000000001
fast_observer,2.125,3.2727272727272725,12.0,0.0,160.0,-0.31355582516067465,True,True,87.10000000000001
fast_observer,2.125,3.590909090909091,12.0,0.0,160.0,-0.26930897229610984,True,True,87.2
fast_observer,2.125,3.909090909090909,12.0,0.0,160.0,-0.2279773716695699,True,True,87.30000000000001
fast_observer,2.125,4.227272727272727,12.0,0.0,160.0,-0.18924811619396412,True,True,87.4
fast_observer,2.125,4.545454545454545,12.0,0.0,160.0,-0.1528645106762567,True,True,87.55000000000001
fast_observer,2.125,4.863636363636363,12.0,0.0,160.0,-0.11861024473207885,True,True,87.65
fast_observer,2.125,5.181818181818182,12.0,0.0,160.0,-0.08629773717229083,True,True,87.80000000000001
fast_observer,2.125,5.5,12.0,0.0,160.0,-0.055756873918866724,True,True,87.95
fast_observer,2.125,5.818181818181818,12.0,0.0,160.0,-0.026835251393396868,True,True,88.10000000000001
fast_observer,2.125,6.136363636363637,12.0,0.0,160.0,0.0005848879771209188,True,True,88.25
fast_observer,2.125,6.454545454545454,12.0,0.0,160.0,0.026631313579679034,True,True,88.4
fast_observer,2.125,6.7727272727272725,12.0,0.0,160.0,0.05140320047671433,True,True,88.60000000000001
fast_observer,2.125,7.090909090909091,12.0,0.0,160.0,0.07499216812901213,True,True,88.75
fast_observer,2.125,7.409090909090909,12.0,0.0,160.0,0.09748228736993808,True,True,88.95
fast_observer,2.125,7.7272727272727275,12.0,0.0,160.0,0.11895040678457167,True,True,89.15
fast_observer,2.125,8.045454545454545,12.0,0.0,160.0,0.13946663772573378,True,True,89.4
fast_observer,2.125,8.363636363636363,12.0,0.0,160.0,0.15908989293786094,True,True,89.60000000000001
fast_observer,2.125,8.681818181818182,12.0,0.0,160.0,0.177879873900591,True,True,89.80000000000001
fast_observer,2.125,9.0,12.0,0.0,160.0,0.19588635503377974,True,True,90.05000000000001
fast_observer,2.125,9.318181818181818,12.0,0.0,160.0,0.2131598673017799,True,True,90.30000000000001
fast_observer,2.125,9.636363636363637,12.0,0.0,160.0,0.2297426037572268,True,True,90.55000000000001
fast_observer,2.125,9.954545454545453,12.0,0.0,160.0,0.24567352743478071,True,True,90.80000000000001
fast_observer,2.125,10.272727272727273,12.0,0.0,160.0,0.2609917565753596,True,True,91.05000000000001
fast_observer,2.125,10.59090909090909,12.0,0.0,160.0,0.2757314565435725,True,True,91.35000000000001
fast_observer,2.125,10.909090909090908,12.0,0.0,160.0,0.28992443821223784,True,True,91.60000000000001
fast_observer,2.125,11.227272727272727,12.0,0.0,160.0,0.3035995960402709,True,True,91.9
fast_observer,2.125,11.545454545454545,12.0,0.0,160.0,0.3167840842499623,True,True,92.2
fast_observer,2.125,11.863636363636363,12.0,0.0,160.0,0.32950448858093917,True,True,92.5
fast_observer,2.125,12.181818181818182,12.0,0.0,160.0,0.34178484072740106,True,True,92.80000000000001
fast_observer,2.125,12.5,12.0,0.0,160.0,0.3536454451778132,False,True,93.10000000000001
fast_observer,2.125,12.818181818181818,12.0,0.0,160.0,0.36510852916604497,False,True,93.4
fast_observer,2.125,13.136363636363637,12.0,0.0,160.0,0.3761930640694926,False,True,93.7
fast_observer,2.125,13.454545454545455,12.0,0.0,160.0,0.3869168763534813,False,True,94.05000000000001
fast_observer,2.125,13.772727272727273,12.0,0.0,160.0,0.39729714692376433,False,True,94.35000000000001
fast_observer,2.125,14.09090909090909,12.0,0.0,160.0,0.4073503380262161,False,True,94.7
fast_observer,2.125,14.409090909090908,12.0,0.0,160.0,0.4170899321644319,False,True,95.0
fast_observer,2.125,14.727272727272727,12.0,0.0,160.0,0.4265315343868526,False,True,95.35000000000001
fast_observer,2.125,15.045454545454545,12.0,0.0,160.0,0.4356881461186854,False,True,95.65
fast_observer,2.125,15.363636363636363,12.0,0.0,160.0,0.44457128857323847,False,True,96.0
fast_observer,2.125,15.681818181818182,12.0,0.0,160.0,0.4531934170560869,False,True,96.30000000000001
fast_observer,2.125,16.0,12.0,0.0,160.0,0.4615657457062638,False,True,96.65
fast_observer,2.25,2.0,12.0,0.0,160.0,-0.6178008775668467,True,True,87.55000000000001
fast_observer,2.25,2.3181818181818183,12.0,0.0,160.0,-0.554007988813591,True,True,87.60000000000001
fast_observer,2.25,2.6363636363636362,12.0,0.0,160.0,-0.49533624919623676,True,True,87.65
fast_observer,2.25,2.9545454545454546,12.0,0.0,160.0,-0.4411345592618105,True,True,87.7
fast_observer,2.25,3.2727272727272725,12.0,0.0,160.0,-0.3908238148760086,True,True,87.80000000000001
fast_observer,2.25,3.590909090909091,12.0,0.0,160.0,-0.3439742059605872,True,True,87.9
fast_observer,2.25,3.909090909090909,12.0,0.0,160.0,-0.300211334708957,True,True,88.0
fast_observer,2.25,4.227272727272727,12.0,0.0,160.0,-0.25920388773478564,True,True,88.10000000000001
fast_observer,2.25,4.545454545454545,12.0,0.0,160.0,-0.22068007012780153,True,True,88.2
fast_observer,2.25,4.863636363636363,12.0,0.0,160.0,-0.18441084736337734,True,True,88.35000000000001
fast_observer,2.25,5.181818181818182,12.0,0.0,160.0,-0.15019760406477908,True,True,88.5
fast_observer,2.25,5.5,12.0,0.0,160.0,-0.11786021944350585,True,True,88.60000000000001
fast_observer,2.25,5.818181818181818,12.0,0.0,160.0,-0.08723732500477333,True,True,88.75
fast_observer,2.25,6.136363636363637,12.0,0.0,160.0,-0.058204236259518614,True,True,88.95
fast_observer,2.25,6.454545454545454,12.0,0.0,160.0,-0.030625667974457673,True,True,89.10000000000001
fast_observer,2.25,6.7727272727272725,12.0,0.0,160.0,-0.004396611259949148,True,True,89.25
fast_observer,2.25,7.090909090909091,12.0,0.0,160.0,0.020579942724836774,True,True,89.45
fast_observer,2.25,7.409090909090909,12.0,0.0,160.0,0.04439301015640509,True,True,89.65
fast_observer,2.25,7.7272727272727275,12.0,0.0,160.0,0.06712396012484066,True,True,89.85000000000001
fast_observer,2.25,8.045454545454545,12.0,0.0,160.0,0.08884702818018869,True,True,90.05000000000001
fast_observer,2.25,8.363636363636363,12.0,0.0,160.0,0.10962459252244085,True,True,90.30000000000001
fast_observer,2.25,8.681818181818182,12.0,0.0,160.0,0.12951986648297856,True,True,90.5
fast_observer,2.25,9.0,12.0,0.0,160.0,0.14858555238870833,True,True,90.75
fast_observer,2.25,9.318181818181818,12.0,0.0,160.0,0.16687515361364935,True,True,91.0
fast_observer,2.25,9.636363636363637,12.0,0.0,160.0,0.18443334515471096,True,True,91.25
fast_observer,2.25,9.954545454545453,12.0,0.0,160.0,0.20130138198976755,True,True,91.5
fast_observer,2.25,10.272727272727273,12.0,0.0,160.0,0.21752068343273367,True,True,91.75
fast_observer,2.25,10.59090909090909,12.0,0.0,160.0,0.23312742457554708,True,True,92.05000000000001
fast_observer,2.25,10.909090909090908,12.0,0.0,160.0,0.24815528751884,True,True,92.30000000000001
fast_observer,2.25,11.227272727272727,12.0,0.0,160.0,0.26263486639558015,True,True,92.60000000000001
fast_observer,2.25,11.545454545454545,12.0,0.0,160.0,0.2765949127352539,True,True,92.9
fast_observer,2.25,11.863636363636363,12.0,0.0,160.0,0.29006357614452394,True,True,93.2
fast_observer,2.25,12.181818181818182,12.0,0.0,160.0,0.30306630194665957,True,True,93.5
fast_observer,2.25,12.5,12.0,0.0,160.0,0.31562458901180274,True,True,93.80000000000001
fast_observer,2.25,12.818181818181818,12.0,0.0,160.0,0.3277619720581656,True,True,94.10000000000001
fast_observer,2.25,13.136363636363637,12.0,0.0,160.0,0.3394985384265216,True,True,94.45
fast_observer,2.25,13.454545454545455,12.0,0.0,160.0,0.3508531631978042,False,True,94.75
fast_observer,2.25,13.772727272727273,12.0,0.0,160.0,0.3618440379192795,False,True,95.05000000000001
fast_observer,2.25,14.09090909090909,12.0,0.0,160.0,0.37248859320422884,False,True,95.4
fast_observer,2.25,14.409090909090908,12.0,0.0,160.0,0.38280110464469264,False,True,95.75
fast_observer,2.25,14.727272727272727,12.0,0.0,160.0,0.392798095233138,False,True,96.05000000000001
fast_observer,2.25,15.045454545454545,12.0,0.0,160.0,0.4024933311844909,False,True,96.4
fast_observer,2.25,15.363636363636363,12.0,0.0,160.0,0.4118990114304883,False,True,96.75
fast_observer,2.25,15.681818181818182,12.0,0.0,160.0,0.4210283239417392,False,True,97.05000000000001
fast_observer,2.25,16.0,12.0,0.0,160.0,0.4298931425125143,False,True,97.4
fast_observer,2.375,2.0,12.0,0.0,160.0,-0.7076787040983378,True,True,88.15
fast_observer,2.375,2.3181818181818183,12.0,0.0,160.0,-0.6403417659699017,True,True,88.25
fast_observer,2.375,2.6363636363636362,12.0,0.0,160.0,-0.5784104852626942,True,True,88.30000000000001
fast_observer,2.375,2.9545454545454546,12.0,0.0,160.0,-0.5211975903319114,True,True,88.35000000000001
fast_observer,2.375,3.2727272727272725,12.0,0.0,160.0,-0.4680918045913428,True,True,88.45
fast_observer,2.375,3.590909090909091,12.0,0.0,160.0,-0.41863943962506456,True,True,88.55000000000001
fast_observer,2.375,3.909090909090909,12.0,0.0,160.0,-0.37244529774834323,True,True,88.65
fast_observer,2.375,4.227272727272727,12.0,0.0,160.0,-0.329159659275607,True,True,88.75
fast_observer,2.375,4.545454545454545,12.0,0.0,160.0,-0.2884956295793461,True,True,88.85000000000001
fast_observer,2.375,4.863636363636363,12.0,0.0,160.0,-0.2502114499946765,True,True,89.0
fast_observer,2.375,5.181818181818182,12.0,0.0,160.0,-0.21409747095726692,True,True,89.15
fast_observer,2.375,5.5,12.0,0.0,160.0,-0.17996356496814514,True,True,89.25
fast_observer,2.375,5.818181818181818,12.0,0.0,160.0,-0.14763939861614958,True,True,89.4
fast_observer,2.375,6.136363636363637,12.0,0.0,160.0,-0.11699336049615881,True,True,89.60000000000001
fast_observer,2.375,6.454545454545454,12.0,0.0,160.0,-0.08788264952859394,True,True,89.75
fast_observer,2.375,6.7727272727272725,12.0,0.0,160.0,-0.06019642299661324,True,True,89.9
fast_observer,2.375,7.090909090909091,12.0,0.0,160.0,-0.033832282679339375,True,True,90.10000000000001
fast_observer,2.375,7.409090909090909,12.0,0.0,160.0,-0.00869626705712785,True,True,90.30000000000001
fast_observer,2.375,7.7272727272727275,12.0,0.0,160.0,0.015297513465109484,True,True,90.5
fast_observer,2.375,8.045454545454545,12.0,0.0,160.0,0.038227418634643705,True,True,90.7
fast_observer,2.375,8.363636363636363,12.0,0.0,160.0,0.060159292107021055,True,True,90.95
fast_observer,2.375,8.681818181818182,12.0,0.0,160.0,0.08115985906536635,True,True,91.15
fast_observer,2.375,9.0,12.0,0.0,160.0,0.10128474974363635,True,True,91.4
fast_observer,2.375,9.318181818181818,12.0,0.0,160.0,0.12059043992551864,True,True,91.65
fast_observer,2.375,9.636363636363637,12.0,0.0,160.0,0.13912408655219463,True,True,91.9
fast_observer,2.375,9.954545454545453,12.0,0.0,160.0,0.15692923654475474,True,True,92.15
fast_observer,2.375,10.272727272727273,12.0,0.0,160.0,0.17404961029010751,True,True,92.4
fast_observer,2.375,10.59090909090909,12.0,0.0,160.0,0.1905233926075223,True,True,92.7
fast_observer,2.375,10.909090909090908,12.0,0.0,160.0,0.2063861368254424,True,True,92.95
fast_observer,2.375,11.227272727272727,12.0,0.0,160.0,0.2216701367508906,True,True,93.25
fast_observer,2.375,11.545454545454545,12.0,0.0,160.0,0.23640574122054558,True,True,93.55000000000001
fast_observer,2.375,11.863636363636363,12.0,0.0,160.0,0.2506226637081086,True,True,93.85000000000001
fast_observer,2.375,12.181818181818182,12.0,0.0,160.0,0.26434776316591857,True,True,94.15
fast_observer,2.375,12.5,12.0,0.0,160.0,0.2776037328457914,True,True,94.45
fast_observer,2.375,12.818181818181818,12.0,0.0,160.0,0.2904154149502857,True,True,94.75
fast_observer,2.375,13.136363636363637,12.0,0.0,160.0,0.30280401278355024,True,True,95.10000000000001
fast_observer,2.375,13.454545454545455,12.0,0.0,160.0,0.3147894500421259,True,True,95.4
fast_observer,2.375,13.772727272727273,12.0,0.0,160.0,0.3263909289147954,True,True,95.75
fast_observer,2.375,14.09090909090909,12.0,0.0,160.0,0.33762684838224133,True,True,96.10000000000001
fast_observer,2.375,14.409090909090908,12.0,0.0,160.0,0.3485122771249534,True,True,96.4
fast_observer,2.375,14.727272727272727,12.0,0.0,160.0,0.3590646560794231,False,True,96.75
fast_observer,2.375,15.045454545454545,12.0,0.0,160.0,0.3692985162502955,False,True,97.10000000000001
fast_observer,2.375,15.363636363636363,12.0,0.0,160.0,0.37922673428773773,False,True,97.4
fast_observer,2.375,15.681818181818182,12.0,0.0,160.0,0.3888632308273912,False,True,97.75
fast_observer,2.375,16.0,12.0,0.0,160.0,0.39822053931876505,False,True,98.10000000000001
fast_observer,2.5,2.0,12.0,0.0,160.0,-0.797556530629829,True,True,88.80000000000001
fast_observer,2.5,2.3181818181818183,12.0,0.0,160.0,-0.7266755431262124,True,True,88.85000000000001
fast_observer,2.5,2.6363636363636362,12.0,0.0,160.0,-0.6614847213291519,True,True,88.9
fast_observer,2.5,2.9545454545454546,12.0,0.0,160.0,-0.6012606214020121,True,True,89.0
fast_observer,2.5,3.2727272727272725,12.0,0.0,160.0,-0.5453597943066764,True,True,89.05000000000001
fast_observer,2.5,3.590909090909091,12.0,0.0,160.0,-0.4933046732895414,True,True,89.15
fast_observer,2.5,3.909090909090909,12.0,0.0,160.0,-0.4446792607877297,True,True,89.25
fast_observer,2.5,4.227272727272727,12.0,0.0,160.0,-0.3991154308164288,True,True,89.35000000000001
fast_observer,2.5,4.545454545454545,12.0,0.0,160.0,-0.3563111890308907,True,True,89.5
fast_observer,2.5,4.863636363636363,12.0,0.0,160.0,-0.3160120526259749,True,True,89.60000000000001
fast_observer,2.5,5.181818181818182,12.0,0.0,160.0,-0.2779973378497545,True,True,89.75
fast_observer,2.5,5.5,12.0,0.0,160.0,-0.2420669104927844,True,True,89.9
fast_observer,2.5,5.818181818181818,12.0,0.0,160.0,-0.20804147222752606,True,True,90.05000000000001
fast_observer,2.5,6.136363636363637,12.0,0.0,160.0,-0.17578248473279898,True,True,90.2
fast_observer,2.5,6.454545454545454,12.0,0.0,160.0,-0.14513963108273079,True,True,90.35000000000001
fast_observer,2.5,6.7727272727272725,12.0,0.0,160.0,-0.11599623473327705,True,True,90.55000000000001
fast_observer,2.5,7.090909090909091,12.0,0.0,160.0,-0.08824450808351489,True,True,90.7
fast_observer,2.5,7.409090909090909,12.0,0.0,160.0,-0.061785544270660964,True,True,90.9
fast_observer,2.5,7.7272727272727275,12.0,0.0,160.0,-0.03652893319462129,True,True,91.10000000000001
fast_observer,2.5,8.045454545454545,12.0,0.0,160.0,-0.012392190910901353,True,True,91.30000000000001
fast_observer,2.5,8.363636363636363,12.0,0.0,160.0,0.010693991691601108,True,True,91.55000000000001
fast_observer,2.5,8.681818181818182,12.0,0.0,160.0,0.0327998516477537,True,True,91.75
fast_observer,2.5,9.0,12.0,0.0,160.0,0.053983947098564404,True,True,92.0
fast_observer,2.5,9.318181818181818,12.0,0.0,160.0,0.0743057262373883,True,True,92.25
fast_observer,2.5,9.636363636363637,12.0,0.0,160.0,0.09381482794967877,True,True,92.5
fast_observer,2.5,9.954545454545453,12.0,0.0,160.0,0.11255709109974225,True,True,92.75
fast_observer,2.5,10.272727272727273,12.0,0.0,160.0,0.13057853714748185,True,True,93.0
fast_observer,2.5,10.59090909090909,12.0,0.0,160.0,0.1479193606394969,True,True,93.30000000000001
fast_observer,2.5,10.909090909090908,12.0,0.0,160.0,0.16461698613204417,True,True,93.60000000000001
fast_observer,2.5,11.227272727272727,12.0,0.0,160.0,0.18070540710620056,True,True,93.85000000000001
fast_observer,2.5,11.545454545454545,12.0,0.0,160.0,0.19621656970583742,True,True,94.15
fast_observer,2.5,11.863636363636363,12.0,0.0,160.0,0.21118175127169345,True,True,94.45
fast_observer,2.5,12.181818181818182,12.0,0.0,160.0,0.22562922438517738,True,True,94.75
fast_observer,2.5,12.5,12.0,0.0,160.0,0.23958287667978,True,True,95.10000000000001
fast_observer,2.5,12.818181818181818,12.0,0.0,160.0,0.2530688578424063,True,True,95.4
fast_observer,2.5,13.136363636363637,12.0,0.0,160.0,0.26610948714057964,True,True,95.7
fast_observer,2.5,13.454545454545455,12.0,0.0,160.0,0.2787257368864491,True,True,96.05000000000001
fast_observer,2.5,13.772727272727273,12.0,0.0,160.0,0.290937819910311,True,True,96.4
fast_observer,2.5,14.09090909090909,12.0,0.0,160.0,0.3027651035602539,True,True,96.7
fast_observer,2.5,14.409090909090908,12.0,0.0,160.0,0.3142234496052143,True,True,97.05000000000001
fast_observer,2.5,14.727272727272727,12.0,0.0,160.0,0.32533121692570877,True,True,97.4
fast_observer,2.5,15.045454545454545,12.0,0.0,160.0,0.3361037013161003,True,True,97.75
fast_observer,2.5,15.363636363636363,12.0,0.0,160.0,0.346554457144987,True,True,98.10000000000001
fast_observer,2.5,15.681818181818182,12.0,0.0,160.0,0.35669813771304343,False,True,98.45
fast_observer,2.5,16.0,12.0,0.0,160.0,0.36654793612501585,False,True,98.75
fast_observer,2.625,2.0,12.0,0.0,160.0,-0.8874343571613199,True,True,89.35000000000001
fast_observer,2.625,2.3181818181818183,12.0,0.0,160.0,-0.8130093202825229,True,True,89.45
fast_observer,2.625,2.6363636363636362,12.0,0.0,160.0,-0.7445589573956101,True,True,89.5
fast_observer,2.625,2.9545454545454546,12.0,0.0,160.0,-0.681323652472113,True,True,89.55000000000001
fast_observer,2.625,3.2727272727272725,12.0,0.0,160.0,-0.6226277840220101,True,True,89.65
fast_observer,2.625,3.590909090909091,12.0,0.0,160.0,-0.5679699069540183,True,True,89.75
fast_observer,2.625,3.909090909090909,12.0,0.0,160.0,-0.5169132238271162,True,True,89.85000000000001
fast_observer,2.625,4.227272727272727,12.0,0.0,160.0,-0.4690712023572498,True,True,89.95
fast_observer,2.625,4.545454545454545,12.0,0.0,160.0,-0.424126748482435,True,True,90.05000000000001
fast_observer,2.625,4.863636363636363,12.0,0.0,160.0,-0.3818126552572737,True,True,90.2
fast_observer,2.625,5.181818181818182,12.0,0.0,160.0,-0.34189720474224206,True,True,90.35000000000001
fast_observer,2.625,5.5,12.0,0.0,160.0,-0.30417025601742376,True,True,90.45
fast_observer,2.625,5.818181818181818,12.0,0.0,160.0,-0.2684435458389022,True,True,90.60000000000001
fast_observer,2.625,6.136363636363637,12.0,0.0,160.0,-0.23457160896943885,True,True,90.80000000000001
fast_observer,2.625,6.454545454545454,12.0,0.0,160.0,-0.2023966126368676,True,True,90.95
fast_observer,2.625,6.7727272727272725,12.0,0.0,160.0,-0.17179604646994104,True,True,91.10000000000001
fast_observer,2.625,7.090909090909091,12.0,0.0,160.0,-0.14265673348769067,True,True,91.30000000000001
fast_observer,2.625,7.409090909090909,12.0,0.0,160.0,-0.11487482148419399,True,True,91.5
fast_observer,2.625,7.7272727272727275,12.0,0.0,160.0,-0.08835537985435227,True,True,91.7
fast_observer,2.625,8.045454545454545,12.0,0.0,160.0,-0.0630118004564465,True,True,91.9
fast_observer,2.625,8.363636363636363,12.0,0.0,160.0,-0.03877130872381867,True,True,92.15
fast_observer,2.625,8.681818181818182,12.0,0.0,160.0,-0.01556015576985857,True,True,92.35000000000001
fast_observer,2.625,9.0,12.0,0.0,160.0,0.0066831444534928295,True,True,92.60000000000001
fast_observer,2.625,9.318181818181818,12.0,0.0,160.0,0.02802101254925757,True,True,92.85000000000001
fast_observer,2.625,9.636363636363637,12.0,0.0,160.0,0.04850556934716276,True,True,93.10000000000001
fast_observer,2.625,9.954545454545453,12.0,0.0,160.0,0.06818494565472925,True,True,93.35000000000001
fast_observer,2.625,10.272727272727273,12.0,0.0,160.0,0.08710746400485558,True,True,93.60000000000001
fast_observer,2.625,10.59090909090909,12.0,0.0,160.0,0.10531532867147202,True,True,93.9
fast_observer,2.625,10.909090909090908,12.0,0.0,160.0,0.12284783543864655,True,True,94.15
fast_observer,2.625,11.227272727272727,12.0,0.0,160.0,0.13974067746151037,True,True,94.45
fast_observer,2.625,11.545454545454545,12.0,0.0,160.0,0.15602739819112954,True,True,94.75
fast_observer,2.625,11.863636363636363,12.0,0.0,160.0,0.17174083883527827,True,True,95.05000000000001
fast_observer,2.625,12.181818181818182,12.0,0.0,160.0,0.18691068560443666,True,True,95.35000000000001
fast_observer,2.625,12.5,12.0,0.0,160.0,0.20156202051376915,True,True,95.65
fast_observer,2.625,12.818181818181818,12.0,0.0,160.0,0.21572230073452642,True,True,96.0
fast_observer,2.625,13.136363636363637,12.0,0.0,160.0,0.2294149614976082,True,True,96.30000000000001
fast_observer,2.625,13.454545454545455,12.0,0.0,160.0,0.2426620237307712,True,True,96.65
fast_observer,2.625,13.772727272727273,12.0,0.0,160.0,0.2554847109058266,True,True,97.0
fast_observer,2.625,14.09090909090909,12.0,0.0,160.0,0.26790335873826665,True,True,97.30000000000001
fast_observer,2.625,14.409090909090908,12.0,0.0,160.0,0.2799346220854745,True,True,97.65
fast_observer,2.625,14.727272727272727,12.0,0.0,160.0,0.2915977777719938,True,True,98.0
fast_observer,2.625,15.045454545454545,12.0,0.0,160.0,0.30290888638190555,True,True,98.35000000000001
fast_observer,2.625,15.363636363636363,12.0,0.0,160.0,0.31388218000223594,True,True,98.7
fast_observer,2.625,15.681818181818182,12.0,0.0,160.0,0.3245330445986958,True,True,99.05000000000001
fast_observer,2.625,16.0,12.0,0.0,160.0,0.33487533293126687,True,True,99.4
fast_observer,2.75,2.0,12.0,0.0,160.0,-0.9773121836928124,True,True,89.95
fast_observer,2.75,2.3181818181818183,12.0,0.0,160.0,-0.8993430974388334,True,True,90.0
fast_observer,2.75,2.6363636363636362,12.0,0.0,160.0,-0.827633193462067,True,True,90.05000000000001
fast_observer,2.75,2.9545454545454546,12.0,0.0,160.0,-0.761386683542213,True,True,90.15
fast_observer,2.75,3.2727272727272725,12.0,0.0,160.0,-0.6998957737373439,True,True,90.2
fast_observer,2.75,3.590909090909091,12.0,0.0,160.0,-0.6426351406184955,True,True,90.30000000000001
fast_observer,2.75,3.909090909090909,12.0,0.0,160.0,-0.5891471868665024,True,True,90.4
fast_observer,2.75,4.227272727272727,12.0,0.0,160.0,-0.5390269738980716,True,True,90.5
fast_observer,2.75,4.545454545454545,12.0,0.0,160.0,-0.49194230793397975,True,True,90.60000000000001
fast_observer,2.75,4.863636363636363,12.0,0.0,160.0,-0.44761325788857276,True,True,90.75
fast_observer,2.75,5.181818181818182,12.0,0.0,160.0,-0.4057970716347299,True,True,90.9
fast_observer,2.75,5.5,12.0,0.0,160.0,-0.3662736015420628,True,True,91.05000000000001
fast_observer,2.75,5.818181818181818,12.0,0.0,160.0,-0.3288456194502786,True,True,91.2
fast_observer,2.75,6.136363636363637,12.0,0.0,160.0,-0.29336073320607864,True,True,91.35000000000001
fast_observer,2.75,6.454545454545454,12.0,0.0,160.0,-0.25965359419100414,True,True,91.5
fast_observer,2.75,6.7727272727272725,12.0,0.0,160.0,-0.2275958582066046,True,True,91.7
fast_observer,2.75,7.090909090909091,12.0,0.0,160.0,-0.19706895889186624,True,True,91.85000000000001
fast_observer,2.75,7.409090909090909,12.0,0.0,160.0,-0.16796409869772733,True,True,92.05000000000001
fast_observer,2.75,7.7272727272727275,12.0,0.0,160.0,-0.14018182651408354,True,True,92.25
fast_observer,2.75,8.045454545454545,12.0,0.0,160.0,-0.11363141000199169,True,True,92.45
fast_observer,2.75,8.363636363636363,12.0,0.0,160.0,-0.08823660913923884,True,True,92.7
fast_observer,2.75,8.681818181818182,12.0,0.0,160.0,-0.06392016318747065,True,True,92.9
fast_observer,2.75,9.0,12.0,0.0,160.0,-0.0406176581915787,True,True,93.15
fast_observer,2.75,9.318181818181818,12.0,0.0,160.0,-0.018263701138873194,True,True,93.4
fast_observer,2.75,9.636363636363637,12.0,0.0,160.0,0.0031963107446464096,True,True,93.65
fast_observer,2.75,9.954545454545453,12.0,0.0,160.0,0.0238128002097161,True,True,93.9
fast_observer,2.75,10.272727272727273,12.0,0.0,160.0,0.04363639086222984,True,True,94.15
fast_observer,2.75,10.59090909090909,12.0,0.0,160.0,0.06271129670344673,True,True,94.45
fast_observer,2.75,10.909090909090908,12.0,0.0,160.0,0.08107868474524883,True,True,94.7
fast_observer,2.75,11.227272727272727,12.0,0.0,160.0,0.09877594781682036,True,True,95.0
fast_observer,2.75,11.545454545454545,12.0,0.0,160.0,0.1158382266764212,True,True,95.30000000000001
fast_observer,2.75,11.863636363636363,12.0,0.0,160.0,0.13229992639886262,True,True,95.60000000000001
fast_observer,2.75,12.181818181818182,12.0,0.0,160.0,0.1481921468236954,True,True,95.9
fast_observer,2.75,12.5,12.0,0.0,160.0,0.16354116434775812,True,True,96.25
fast_observer,2.75,12.818181818181818,12.0,0.0,160.0,0.17837574362664663,True,True,96.55000000000001
fast_observer,2.75,13.136363636363637,12.0,0.0,160.0,0.19272043585463783,True,True,96.9
fast_observer,2.75,13.454545454545455,12.0,0.0,160.0,0.2065983105750938,True,True,97.2
fast_observer,2.75,13.772727272727273,12.0,0.0,160.0,0.22003160190134202,True,True,97.55000000000001
fast_observer,2.75,14.09090909090909,12.0,0.0,160.0,0.2330416139162796,True,True,97.9
fast_observer,2.75,14.409090909090908,12.0,0.0,160.0,0.24564579456573518,True,True,98.25
fast_observer,2.75,14.727272727272727,12.0,0.0,160.0,0.25786433861827973,True,True,98.60000000000001
fast_observer,2.75,15.045454545454545,12.0,0.0,160.0,0.26971407144771053,True,True,98.95
fast_observer,2.75,15.363636363636363,12.0,0.0,160.0,0.2812099028594854,True,True,99.30000000000001
fast_observer,2.75,15.681818181818182,12.0,0.0,160.0,0.2923679514843482,True,True,99.65
fast_observer,2.75,16.0,12.0,0.0,160.0,0.30320272973751716,True,True,100.0
fast_observer,2.875,2.0,12.0,0.0,160.0,-1.0671900102243033,True,True,90.45
fast_observer,2.875,2.3181818181818183,12.0,0.0,160.0,-0.9856768745951449,True,True,90.5
fast_observer,2.875,2.6363636363636362,12.0,0.0,160.0,-0.9107074295285243,True,True,90.60000000000001
fast_observer,2.875,2.9545454545454546,12.0,0.0,160.0,-0.841449714612314,True,True,90.65
fast_observer,2.875,3.2727272727272725,12.0,0.0,160.0,-0.7771637634526777,True,True,90.75
fast_observer,2.875,3.590909090909091,12.0,0.0,160.0,-0.7173003742829724,True,True,90.85000000000001
fast_observer,2.875,3.909090909090909,12.0,0.0,160.0,-0.6613811499058891,True,True,90.95
fast_observer,2.875,4.227272727272727,12.0,0.0,160.0,-0.6089827454388931,True,True,91.05000000000001
fast_observer,2.875,4.545454545454545,12.0,0.0,160.0,-0.5597578673855241,True,True,91.15
fast_observer,2.875,4.863636363636363,12.0,0.0,160.0,-0.5134138605198717,True,True,91.30000000000001
fast_observer,2.875,5.181818181818182,12.0,0.0,160.0,-0.46969693852721783,True,True,91.4
fast_observer,2.875,5.5,12.0,0.0,160.0,-0.4283769470667022,True,True,91.55000000000001
fast_observer,2.875,5.818181818181818,12.0,0.0,160.0,-0.3892476930616549,True,True,91.7
fast_observer,2.875,6.136363636363637,12.0,0.0,160.0,-0.35214985744271876,True,True,91.85000000000001
fast_observer,2.875,6.454545454545454,12.0,0.0,160.0,-0.3169105757451411,True,True,92.05000000000001
fast_observer,2.875,6.7727272727272725,12.0,0.0,160.0,-0.2833956699432686,True,True,92.2
fast_observer,2.875,7.090909090909091,12.0,0.0,160.0,-0.25148118429604216,True,True,92.4
fast_observer,2.875,7.409090909090909,12.0,0.0,160.0,-0.22105337591126045,True,True,92.60000000000001
fast_observer,2.875,7.7272727272727275,12.0,0.0,160.0,-0.1920082731738147,True,True,92.80000000000001
fast_observer,2.875,8.045454545454545,12.0,0.0,160.0,-0.16425101954753651,True,True,93.0
fast_observer,2.875,8.363636363636363,12.0,0.0,160.0,-0.13770190955465883,True,True,93.2
fast_observer,2.875,8.681818181818182,12.0,0.0,160.0,-0.11228017060508291,True,True,93.45
fast_observer,2.875,9.0,12.0,0.0,160.0,-0.08791846083665097,True,True,93.7
fast_observer,2.875,9.318181818181818,12.0,0.0,160.0,-0.06454841482700352,True,True,93.9
fast_observer,2.875,9.636363636363637,12.0,0.0,160.0,-0.04211294785786958,True,True,94.15
fast_observer,2.875,9.954545454545453,12.0,0.0,160.0,-0.020559345235296966,True,True,94.45
fast_observer,2.875,10.272727272727273,12.0,0.0,160.0,0.00016531771960396022,True,True,94.7
fast_observer,2.875,10.59090909090909,12.0,0.0,160.0,0.020107264735421505,True,True,94.95
fast_observer,2.875,10.909090909090908,12.0,0.0,160.0,0.03930953405185068,True,True,95.25
fast_observer,2.875,11.227272727272727,12.0,0.0,160.0,0.05781121817213008,True,True,95.55000000000001
fast_observer,2.875,11.545454545454545,12.0,0.0,160.0,0.07564905516171305,True,True,95.85000000000001
fast_observer,2.875,11.863636363636363,12.0,0.0,160.0,0.0928590139624474,True,True,96.15
fast_observer,2.875,12.181818181818182,12.0,0.0,160.0,0.10947360804295411,True,True,96.45
fast_observer,2.875,12.5,12.0,0.0,160.0,0.12552030818174706,True,True,96.80000000000001
fast_observer,2.875,12.818181818181818,12.0,0.0,160.0,0.14102918651876722,True,True,97.10000000000001
fast_observer,2.875,13.136363636363637,12.0,0.0,160.0,0.15602591021166626,True,True,97.45
fast_observer,2.875,13.454545454545455,12.0,0.0,160.0,0.17053459741941632,True,True,97.75
fast_observer,2.875,13.772727272727273,12.0,0.0,160.0,0.18457849289685777,True,True,98.10000000000001
fast_observer,2.875,14.09090909090909,12.0,0.0,160.0,0.198179869094292,True,True,98.45
fast_observer,2.875,14.409090909090908,12.0,0.0,160.0,0.21135696704599596,True,True,98.80000000000001
fast_observer,2.875,14.727272727272727,12.0,0.0,160.0,0.22413089946456485,True,True,99.15
fast_observer,2.875,15.045454545454545,12.0,0.0,160.0,0.23651925651351557,True,True,99.5
fast_observer,2.875,15.363636363636363,12.0,0.0,160.0,0.24853762571673507,True,True,99.85000000000001
fast_observer,2.875,15.681818181818182,12.0,0.0,160.0,0.26020285837000046,True,True,100.2
fast_observer,2.875,16.0,12.0,0.0,160.0,0.2715301265437684,True,True,100.55000000000001
fast_observer,3.0,2.0,12.0,0.0,160.0,-1.1570678367557956,True,True,90.95
fast_observer,3.0,2.3181818181818183,12.0,0.0,160.0,-1.0720106517514547,True,True,91.05000000000001
fast_observer,3.0,2.6363636363636362,12.0,0.0,160.0,-0.9937816655949825,True,True,91.10000000000001
fast_observer,3.0,2.9545454545454546,12.0,0.0,160.0,-0.9215127456824144,True,True,91.15
fast_observer,3.0,3.2727272727272725,12.0,0.0,160.0,-0.8544317531680112,True,True,91.25
fast_observer,3.0,3.590909090909091,12.0,0.0,160.0,-0.7919656079474501,True,True,91.35000000000001
fast_observer,3.0,3.909090909090909,12.0,0.0,160.0,-0.7336151129452759,True,True,91.45
fast_observer,3.0,4.227272727272727,12.0,0.0,160.0,-0.6789385169797141,True,True,91.55000000000001
fast_observer,3.0,4.545454545454545,12.0,0.0,160.0,-0.6275734268370687,True,True,91.65
fast_observer,3.0,4.863636363636363,12.0,0.0,160.0,-0.57921446315117,True,True,91.80000000000001
fast_observer,3.0,5.181818181818182,12.0,0.0,160.0,-0.5335968054197053,True,True,91.95
fast_observer,3.0,5.5,12.0,0.0,160.0,-0.49048029259134107,True,True,92.05000000000001
fast_observer,3.0,5.818181818181818,12.0,0.0,160.0,-0.4496497666730312,True,True,92.2
fast_observer,3.0,6.136363636363637,12.0,0.0,160.0,-0.41093898167935883,True,True,92.4
fast_observer,3.0,6.454545454545454,12.0,0.0,160.0,-0.37416755729927714,True,True,92.55000000000001
fast_observer,3.0,6.7727272727272725,12.0,0.0,160.0,-0.3391954816799322,True,True,92.7
fast_observer,3.0,7.090909090909091,12.0,0.0,160.0,-0.3058934097002178,True,True,92.9
fast_observer,3.0,7.409090909090909,12.0,0.0,160.0,-0.2741426531247933,True,True,93.10000000000001
fast_observer,3.0,7.7272727272727275,12.0,0.0,160.0,-0.24383471983354557,True,True,93.30000000000001
fast_observer,3.0,8.045454545454545,12.0,0.0,160.0,-0.21487062909308138,True,True,93.5
fast_observer,3.0,8.363636363636363,12.0,0.0,160.0,-0.1871672099700787,True,True,93.7
fast_observer,3.0,8.681818181818182,12.0,0.0,160.0,-0.16064017802269523,True,True,93.95
fast_observer,3.0,9.0,12.0,0.0,160.0,-0.13521926348172242,True,True,94.2
fast_observer,3.0,9.318181818181818,12.0,0.0,160.0,-0.11083312851513433,True,True,94.45
fast_observer,3.0,9.636363636363637,12.0,0.0,160.0,-0.08742220646038558,True,True,94.7
fast_observer,3.0,9.954545454545453,12.0,0.0,160.0,-0.06493149068030964,True,True,94.95
fast_observer,3.0,10.272727272727273,12.0,0.0,160.0,-0.043305755423022035,True,True,95.2
fast_observer,3.0,10.59090909090909,12.0,0.0,160.0,-0.022496767232603777,True,True,95.5
fast_observer,3.0,10.909090909090908,12.0,0.0,160.0,-0.0024596166415470355,True,True,95.75
fast_observer,3.0,11.227272727272727,12.0,0.0,160.0,0.016846488527440168,True,True,96.05000000000001
fast_observer,3.0,11.545454545454545,12.0,0.0,160.0,0.035459883647005135,True,True,96.35000000000001
fast_observer,3.0,11.863636363636363,12.0,0.0,160.0,0.05341810152603228,True,True,96.65
fast_observer,3.0,12.181818181818182,12.0,0.0,160.0,0.07075506926221295,True,True,96.95
fast_observer,3.0,12.5,12.0,0.0,160.0,0.0874994520157358,True,True,97.30000000000001
fast_observer,3.0,12.818181818181818,12.0,0.0,160.0,0.10368262941088743,True,True,97.60000000000001
fast_observer,3.0,13.136363636363637,12.0,0.0,160.0,0.11933138456869498,True,True,97.95
fast_observer,3.0,13.454545454545455,12.0,0.0,160.0,0.13447088426373846,True,True,98.30000000000001
fast_observer,3.0,13.772727272727273,12.0,0.0,160.0,0.14912538389237295,True,True,98.60000000000001
fast_observer,3.0,14.09090909090909,12.0,0.0,160.0,0.16331812427230463,True,True,98.95
fast_observer,3.0,14.409090909090908,12.0,0.0,160.0,0.17706813952625663,True,True,99.30000000000001
fast_observer,3.0,14.727272727272727,12.0,0.0,160.0,0.19039746031085042,True,True,99.65
fast_observer,3.0,15.045454545454545,12.0,0.0,160.0,0.20332444157932042,True,True,100.0
fast_observer,3.0,15.363636363636363,12.0,0.0,160.0,0.21586534857398415,True,True,100.4
fast_observer,3.0,15.681818181818182,12.0,0.0,160.0,0.2280377652556522,True,True,100.75
fast_observer,3.0,16.0,12.0,0.0,160.0,0.2398575233500194,True,True,101.10000000000001
fast_observer,3.125,2.0,12.0,0.0,160.0,-1.2469456632872873,True,True,91.45
fast_observer,3.125,2.3181818181818183,12.0,0.0,160.0,-1.1583444289077658,True,True,91.5
fast_observer,3.125,2.6363636363636362,12.0,0.0,160.0,-1.0768559016614405,True,True,91.60000000000001
fast_observer,3.125,2.9545454545454546,12.0,0.0,160.0,-1.0015757767525153,True,True,91.65
fast_observer,3.125,3.2727272727272725,12.0,0.0,160.0,-0.9316997428833451,True,True,91.75
fast_observer,3.125,3.590909090909091,12.0,0.0,160.0,-0.8666308416119266,True,True,91.85000000000001
fast_observer,3.125,3.909090909090909,12.0,0.0,160.0,-0.8058490759846619,True,True,91.95
fast_observer,3.125,4.227272727272727,12.0,0.0,160.0,-0.7488942885205354,True,True,92.05000000000001
fast_observer,3.125,4.545454545454545,12.0,0.0,160.0,-0.6953889862886127,True,True,92.15
fast_observer,3.125,4.863636363636363,12.0,0.0,160.0,-0.6450150657824684,True,True,92.30000000000001
fast_observer,3.125,5.181818181818182,12.0,0.0,160.0,-0.597496672312193,True,True,92.4
fast_observer,3.125,5.5,12.0,0.0,160.0,-0.5525836381159805,True,True,92.55000000000001
fast_observer,3.125,5.818181818181818,12.0,0.0,160.0,-0.5100518402844075,True,True,92.7
fast_observer,3.125,6.136363636363637,12.0,0.0,160.0,-0.46972810591599834,True,True,92.85000000000001
fast_observer,3.125,6.454545454545454,12.0,0.0,160.0,-0.4314245388534137,True,True,93.05000000000001
fast_observer,3.125,6.7727272727272725,12.0,0.0,160.0,-0.39499529341659634,True,True,93.2
fast_observer,3.125,7.090909090909091,12.0,0.0,160.0,-0.36030563510439406,True,True,93.4
fast_observer,3.125,7.409090909090909,12.0,0.0,160.0,-0.32723193033832626,True,True,93.60000000000001
fast_observer,3.125,7.7272727272727275,12.0,0.0,160.0,-0.2956611664932768,True,True,93.80000000000001
fast_observer,3.125,8.045454545454545,12.0,0.0,160.0,-0.2654902386386268,True,True,94.0
fast_observer,3.125,8.363636363636363,12.0,0.0,160.0,-0.23663251038549854,True,True,94.2
fast_observer,3.125,8.681818181818182,12.0,0.0,160.0,-0.20900018544030752,True,True,94.45
fast_observer,3.125,9.0,12.0,0.0,160.0,-0.18252006612679453,True,True,94.7
fast_observer,3.125,9.318181818181818,12.0,0.0,160.0,-0.1571178422032649,True,True,94.9
fast_observer,3.125,9.636363636363637,12.0,0.0,160.0,-0.13273146506290154,True,True,95.15
fast_observer,3.125,9.954545454545453,12.0,0.0,160.0,-0.1093036361253226,True,True,95.45
fast_observer,3.125,10.272727272727273,12.0,0.0,160.0,-0.08677682856564807,True,True,95.7
fast_observer,3.125,10.59090909090909,12.0,0.0,160.0,-0.06510079920062867,True,True,95.95
fast_observer,3.125,10.909090909090908,12.0,0.0,160.0,-0.04422876733494468,True,True,96.25
fast_observer,3.125,11.227272727272727,12.0,0.0,160.0,-0.024118241117249743,True,True,96.55000000000001
fast_observer,3.125,11.545454545454545,12.0,0.0,160.0,-0.004729287867702781,True,True,96.85000000000001
fast_observer,3.125,11.863636363636363,12.0,0.0,160.0,0.013977189089616659,True,True,97.15
fast_observer,3.125,12.181818181818182,12.0,0.0,160.0,0.03203653048147199,True,True,97.45
fast_observer,3.125,12.5,12.0,0.0,160.0,0.049478595849725276,True,True,97.80000000000001
fast_observer,3.125,12.818181818181818,12.0,0.0,160.0,0.0663360723030078,True,True,98.10000000000001
fast_observer,3.125,13.136363636363637,12.0,0.0,160.0,0.08263685892572423,True,True,98.45
fast_observer,3.125,13.454545454545455,12.0,0.0,160.0,0.09840717110806077,True,True,98.80000000000001
fast_observer,3.125,13.772727272727273,12.0,0.0,160.0,0.11367227488788867,True,True,99.10000000000001
fast_observer,3.125,14.09090909090909,12.0,0.0,160.0,0.1284563794503175,True,True,99.45
fast_observer,3.125,14.409090909090908,12.0,0.0,160.0,0.1427793120065172,True,True,99.80000000000001
fast_observer,3.125,14.727272727272727,12.0,0.0,160.0,0.15666402115713596,True,True,100.15
fast_observer,3.125,15.045454545454545,12.0,0.0,160.0,0.17012962664512538,True,True,100.55000000000001
fast_observer,3.125,15.363636363636363,12.0,0.0,160.0,0.18319307143123345,True,True,100.9
fast_observer,3.125,15.681818181818182,12.0,0.0,160.0,0.1958726721413049,True,True,101.25
fast_observer,3.125,16.0,12.0,0.0,160.0,0.20818492015627005,True,True,101.60000000000001
fast_observer,3.25,2.0,12.0,0.0,160.0,-1.3368234898187779,True,True,91.95
fast_observer,3.25,2.3181818181818183,12.0,0.0,160.0,-1.2446782060640758,True,True,92.0
fast_observer,3.25,2.6363636363636362,12.0,0.0,160.0,-1.1599301377278988,True,True,92.05000000000001
fast_observer,3.25,2.9545454545454546,12.0,0.0,160.0,-1.0816388078226162,True,True,92.15
fast_observer,3.25,3.2727272727272725,12.0,0.0,160.0,-1.008967732598679,True,True,92.2
fast_observer,3.25,3.590909090909091,12.0,0.0,160.0,-0.9412960752764034,True,True,92.30000000000001
fast_observer,3.25,3.909090909090909,12.0,0.0,160.0,-0.8780830390240488,True,True,92.4
fast_observer,3.25,4.227272727272727,12.0,0.0,160.0,-0.8188500600613574,True,True,92.5
fast_observer,3.25,4.545454545454545,12.0,0.0,160.0,-0.7632045457401578,True,True,92.65
fast_observer,3.25,4.863636363636363,12.0,0.0,160.0,-0.7108156684137678,True,True,92.75
fast_observer,3.25,5.181818181818182,12.0,0.0,160.0,-0.6613965392046808,True,True,92.9
fast_observer,3.25,5.5,12.0,0.0,160.0,-0.6146869836406199,True,True,93.05000000000001
fast_observer,3.25,5.818181818181818,12.0,0.0,160.0,-0.5704539138957838,True,True,93.2
fast_observer,3.25,6.136363636363637,12.0,0.0,160.0,-0.5285172301526386,True,True,93.35000000000001
fast_observer,3.25,6.454545454545454,12.0,0.0,160.0,-0.48868152040755036,True,True,93.5
fast_observer,3.25,6.7727272727272725,12.0,0.0,160.0,-0.45079510515325993,True,True,93.7
fast_observer,3.25,7.090909090909091,12.0,0.0,160.0,-0.41471786050856924,True,True,93.85000000000001
fast_observer,3.25,7.409090909090909,12.0,0.0,160.0,-0.3803212075518594,True,True,94.05000000000001
fast_observer,3.25,7.7272727272727275,12.0,0.0,160.0,-0.34748761315300775,True,True,94.25
fast_observer,3.25,8.045454545454545,12.0,0.0,160.0,-0.3161098481841721,True,True,94.45
fast_observer,3.25,8.363636363636363,12.0,0.0,160.0,-0.28609781080091845,True,True,94.7
fast_observer,3.25,8.681818181818182,12.0,0.0,160.0,-0.25736019285791967,True,True,94.9
fast_observer,3.25,9.0,12.0,0.0,160.0,-0.22982086877186614,True,True,95.15
fast_observer,3.25,9.318181818181818,12.0,0.0,160.0,-0.20340255589139547,True,True,95.4
fast_observer,3.25,9.636363636363637,12.0,0.0,160.0,-0.1780407236654175,True,True,95.65
fast_observer,3.25,9.954545454545453,12.0,0.0,160.0,-0.15367578157033557,True,True,95.9
fast_observer,3.25,10.272727272727273,12.0,0.0,160.0,-0.13024790170827374,True,True,96.15
fast_observer,3.25,10.59090909090909,12.0,0.0,160.0,-0.1077048311686538,True,True,96.45
fast_observer,3.25,10.909090909090908,12.0,0.0,160.0,-0.08599791802834249,True,True,96.75
fast_observer,3.25,11.227272727272727,12.0,0.0,160.0,-0.06508297076193958,True,True,97.0
fast_observer,3.25,11.545454545454545,12.0,0.0,160.0,-0.04491845938241082,True,True,97.30000000000001
fast_observer,3.25,11.863636363636363,12.0,0.0,160.0,-0.025463723346798424,True,True,97.60000000000001
fast_observer,3.25,12.181818181818182,12.0,0.0,160.0,-0.006682008299269352,True,True,97.95
fast_observer,3.25,12.5,12.0,0.0,160.0,0.01145773968371401,True,True,98.25
fast_observer,3.25,12.818181818181818,12.0,0.0,160.0,0.02898951519512798,True,True,98.60000000000001
fast_observer,3.25,13.136363636363637,12.0,0.0,160.0,0.04594233328275328,True,True,98.9
fast_observer,3.25,13.454545454545455,12.0,0.0,160.0,0.06234345795238335,True,True,99.25
fast_observer,3.25,13.772727272727273,12.0,0.0,160.0,0.07821916588340423,True,True,99.60000000000001
fast_observer,3.25,14.09090909090909,12.0,0.0,160.0,0.0935946346283299,True,True,99.95
fast_observer,3.25,14.409090909090908,12.0,0.0,160.0,0.10849048448677796,True,True,100.30000000000001
fast_observer,3.25,14.727272727272727,12.0,0.0,160.0,0.12293058200342148,True,True,100.65
fast_observer,3.25,15.045454545454545,12.0,0.0,160.0,0.13693481171093064,True,True,101.0
fast_observer,3.25,15.363636363636363,12.0,0.0,160.0,0.15052079428848295,True,True,101.4
fast_observer,3.25,15.681818181818182,12.0,0.0,160.0,0.16370757902695654,True,True,101.75
fast_observer,3.25,16.0,12.0,0.0,160.0,0.17651231696252068,True,True,102.10000000000001
fast_observer,3.375,2.0,12.0,0.0,160.0,-1.42670131635027,True,True,92.4
fast_observer,3.375,2.3181818181818183,12.0,0.0,160.0,-1.3310119832203868,True,True,92.45
fast_observer,3.375,2.6363636363636362,12.0,0.0,160.0,-1.2430043737943552,True,True,92.5
fast_observer,3.375,2.9545454545454546,12.0,0.0,160.0,-1.1617018388927165,True,True,92.60000000000001
fast_observer,3.375,3.2727272727272725,12.0,0.0,160.0,-1.0862357223140122,True,True,92.65
fast_observer,3.375,3.590909090909091,12.0,0.0,160.0,-1.015961308940881,True,True,92.75
fast_observer,3.375,3.909090909090909,12.0,0.0,160.0,-0.9503170020634348,True,True,92.85000000000001
fast_observer,3.375,4.227272727272727,12.0,0.0,160.0,-0.8888058316021786,True,True,92.95
fast_observer,3.375,4.545454545454545,12.0,0.0,160.0,-0.8310201051917009,True,True,93.10000000000001
fast_observer,3.375,4.863636363636363,12.0,0.0,160.0,-0.7766162710450667,True,True,93.2
fast_observer,3.375,5.181818181818182,12.0,0.0,160.0,-0.7252964060971685,True,True,93.35000000000001
fast_observer,3.375,5.5,12.0,0.0,160.0,-0.6767903291652589,True,True,93.5
fast_observer,3.375,5.818181818181818,12.0,0.0,160.0,-0.6308559875071595,True,True,93.65
fast_observer,3.375,6.136363636363637,12.0,0.0,160.0,-0.587306354389278,True,True,93.80000000000001
fast_observer,3.375,6.454545454545454,12.0,0.0,160.0,-0.5459385019616868,True,True,93.95
fast_observer,3.375,6.7727272727272725,12.0,0.0,160.0,-0.5065949168899239,True,True,94.15
fast_observer,3.375,7.090909090909091,12.0,0.0,160.0,-0.46913008591274497,True,True,94.30000000000001
fast_observer,3.375,7.409090909090909,12.0,0.0,160.0,-0.43341048476539223,True,True,94.5
fast_observer,3.375,7.7272727272727275,12.0,0.0,160.0,-0.39931405981273893,True,True,94.7
fast_observer,3.375,8.045454545454545,12.0,0.0,160.0,-0.3667294577297168,True,True,94.9
fast_observer,3.375,8.363636363636363,12.0,0.0,160.0,-0.3355631112163385,True,True,95.15
fast_observer,3.375,8.681818181818182,12.0,0.0,160.0,-0.3057202002755323,True,True,95.35000000000001
fast_observer,3.375,9.0,12.0,0.0,160.0,-0.277121671416938,True,True,95.60000000000001
fast_observer,3.375,9.318181818181818,12.0,0.0,160.0,-0.24968726957952594,True,True,95.85000000000001
fast_observer,3.375,9.636363636363637,12.0,0.0,160.0,-0.22334998226793404,True,True,96.10000000000001
fast_observer,3.375,9.954545454545453,12.0,0.0,160.0,-0.19804792701534848,True,True,96.35000000000001
fast_observer,3.375,10.272727272727273,12.0,0.0,160.0,-0.1737189748508998,True,True,96.60000000000001
fast_observer,3.375,10.59090909090909,12.0,0.0,160.0,-0.15030886313667885,True,True,96.9
fast_observer,3.375,10.909090909090908,12.0,0.0,160.0,-0.12776706872174018,True,True,97.2
fast_observer,3.375,11.227272727272727,12.0,0.0,160.0,-0.10604770040662952,True,True,97.45
fast_observer,3.375,11.545454545454545,12.0,0.0,160.0,-0.08510763089711908,True,True,97.75
fast_observer,3.375,11.863636363636363,12.0,0.0,160.0,-0.06490463578321368,True,True,98.10000000000001
fast_observer,3.375,12.181818181818182,12.0,0.0,160.0,-0.045400547080010345,True,True,98.4
fast_observer,3.375,12.5,12.0,0.0,160.0,-0.026563116482296725,True,True,98.7
fast_observer,3.375,12.818181818181818,12.0,0.0,160.0,-0.00835704191275143,True,True,99.05000000000001
fast_observer,3.375,13.136363636363637,12.0,0.0,160.0,0.009247807639782267,True,True,99.35000000000001
fast_observer,3.375,13.454545454545455,12.0,0.0,160.0,0.02627974479670576,True,True,99.7
fast_observer,3.375,13.772727272727273,12.0,0.0,160.0,0.042766056878919684,True,True,100.05000000000001
fast_observer,3.375,14.09090909090909,12.0,0.0,160.0,0.058732889806342926,True,True,100.4
fast_observer,3.375,14.409090909090908,12.0,0.0,160.0,0.07420165696703863,True,True,100.75
fast_observer,3.375,14.727272727272727,12.0,0.0,160.0,0.08919714284970666,True,True,101.10000000000001
fast_observer,3.375,15.045454545454545,12.0,0.0,160.0,0.10373999677673548,True,True,101.5
fast_observer,3.375,15.363636363636363,12.0,0.0,160.0,0.1178485171457323,True,True,101.85000000000001
fast_observer,3.375,15.681818181818182,12.0,0.0,160.0,0.13154248591260878,True,True,102.2
fast_observer,3.375,16.0,12.0,0.0,160.0,0.14483971376877125,True,True,102.60000000000001
fast_observer,3.5,2.0,12.0,0.0,160.0,-1.516579142881761,True,True,92.80000000000001
fast_observer,3.5,2.3181818181818183,12.0,0.0,160.0,-1.4173457603766972,True,True,92.85000000000001
fast_observer,3.5,2.6363636363636362,12.0,0.0,160.0,-1.3260786098608126,True,True,92.95
fast_observer,3.5,2.9545454545454546,12.0,0.0,160.0,-1.2417648699628172,True,True,93.0
fast_observer,3.5,3.2727272727272725,12.0,0.0,160.0,-1.1635037120293474,True,True,93.10000000000001
fast_observer,3.5,3.590909090909091,12.0,0.0,160.0,-1.0906265426053579,True,True,93.2
fast_observer,3.5,3.909090909090909,12.0,0.0,160.0,-1.0225509651028215,True,True,93.30000000000001
fast_observer,3.5,4.227272727272727,12.0,0.0,160.0,-0.958761603143,True,True,93.4
fast_observer,3.5,4.545454545454545,12.0,0.0,160.0,-0.8988356646432467,True,True,93.5
fast_observer,3.5,4.863636363636363,12.0,0.0,160.0,-0.8424168736763651,True,True,93.65
fast_observer,3.5,5.181818181818182,12.0,0.0,160.0,-0.7891962729896566,True,True,93.75
fast_observer,3.5,5.5,12.0,0.0,160.0,-0.738893674689898,True,True,93.9
fast_observer,3.5,5.818181818181818,12.0,0.0,160.0,-0.6912580611185358,True,True,94.05000000000001
fast_observer,3.5,6.136363636363637,12.0,0.0,160.0,-0.6460954786259187,True,True,94.2
fast_observer,3.5,6.454545454545454,12.0,0.0,160.0,-0.6031954835158235,True,True,94.4
fast_observer,3.5,6.7727272727272725,12.0,0.0,160.0,-0.5623947286265879,True,True,94.55000000000001
fast_observer,3.5,7.090909090909091,12.0,0.0,160.0,-0.5235423113169207,True,True,94.75
fast_observer,3.5,7.409090909090909,12.0,0.0,160.0,-0.48649976197892564,True,True,94.95
fast_observer,3.5,7.7272727272727275,12.0,0.0,160.0,-0.4511405064724698,True,True,95.15
fast_observer,3.5,8.045454545454545,12.0,0.0,160.0,-0.417349067275262,True,True,95.35000000000001
fast_observer,3.5,8.363636363636363,12.0,0.0,160.0,-0.3850284116317584,True,True,95.55000000000001
fast_observer,3.5,8.681818181818182,12.0,0.0,160.0,-0.35408020769314447,True,True,95.80000000000001
fast_observer,3.5,9.0,12.0,0.0,160.0,-0.3244224740620092,True,True,96.05000000000001
fast_observer,3.5,9.318181818181818,12.0,0.0,160.0,-0.29597198326765645,True,True,96.30000000000001
fast_observer,3.5,9.636363636363637,12.0,0.0,160.0,-0.2686592408704499,True,True,96.55000000000001
fast_observer,3.5,9.954545454545453,12.0,0.0,160.0,-0.2424200724603613,True,True,96.80000000000001
fast_observer,3.5,10.272727272727273,12.0,0.0,160.0,-0.21719004799352595,True,True,97.05000000000001
fast_observer,3.5,10.59090909090909,12.0,0.0,160.0,-0.19291289510470425,True,True,97.35000000000001
fast_observer,3.5,10.909090909090908,12.0,0.0,160.0,-0.16953621941513805,True,True,97.60000000000001
fast_observer,3.5,11.227272727272727,12.0,0.0,160.0,-0.1470124300513194,True,True,97.9
fast_observer,3.5,11.545454545454545,12.0,0.0,160.0,-0.12529680241182733,True,True,98.2
fast_observer,3.5,11.863636363636363,12.0,0.0,160.0,-0.10434554821962931,True,True,98.5
fast_observer,3.5,12.181818181818182,12.0,0.0,160.0,-0.08411908586075159,True,True,98.85000000000001
fast_observer,3.5,12.5,12.0,0.0,160.0,-0.06458397264830779,True,True,99.15
fast_observer,3.5,12.818181818181818,12.0,0.0,160.0,-0.04570359902063144,True,True,99.5
fast_observer,3.5,13.136363636363637,12.0,0.0,160.0,-0.027446718003188927,True,True,99.80000000000001
fast_observer,3.5,13.454545454545455,12.0,0.0,160.0,-0.009783968358971875,True,True,100.15
fast_observer,3.5,13.772727272727273,12.0,0.0,160.0,0.007312947874435484,True,True,100.5
fast_observer,3.5,14.09090909090909,12.0,0.0,160.0,0.023871144984355403,True,True,100.85000000000001
fast_observer,3.5,14.409090909090908,12.0,0.0,160.0,0.03991282944729941,True,True,101.2
fast_observer,3.5,14.727272727272727,12.0,0.0,160.0,0.05546370369599223,True,True,101.55000000000001
fast_observer,3.5,15.045454545454545,12.0,0.0,160.0,0.07054518184254074,True,True,101.95
fast_observer,3.5,15.363636363636363,12.0,0.0,160.0,0.08517624000298166,True,True,102.30000000000001
fast_observer,3.5,15.681818181818182,12.0,0.0,160.0,0.09937739279826142,True,True,102.65
fast_observer,3.5,16.0,12.0,0.0,160.0,0.11316711057502235,True,True,103.05000000000001
fast_observer,3.625,2.0,12.0,0.0,160.0,-1.6064569694132527,True,True,93.25
fast_observer,3.625,2.3181818181818183,12.0,0.0,160.0,-1.503679537533009,True,True,93.30000000000001
fast_observer,3.625,2.6363636363636362,12.0,0.0,160.0,-1.4091528459272702,True,True,93.35000000000001
fast_observer,3.625,2.9545454545454546,12.0,0.0,160.0,-1.321827901032918,True,True,93.45
fast_observer,3.625,3.2727272727272725,12.0,0.0,160.0,-1.2407717017446802,True,True,93.5
fast_observer,3.625,3.590909090909091,12.0,0.0,160.0,-1.1652917762698354,True,True,93.60000000000001
fast_observer,3.625,3.909090909090909,12.0,0.0,160.0,-1.0947849281422084,True,True,93.7
fast_observer,3.625,4.227272727272727,12.0,0.0,160.0,-1.0287173746838216,True,True,93.80000000000001
fast_observer,3.625,4.545454545454545,12.0,0.0,160.0,-0.9666512240947917,True,True,93.95
fast_observer,3.625,4.863636363636363,12.0,0.0,160.0,-0.9082174763076641,True,True,94.05000000000001
fast_observer,3.625,5.181818181818182,12.0,0.0,160.0,-0.8530961398821437,True,True,94.2
fast_observer,3.625,5.5,12.0,0.0,160.0,-0.8009970202145377,True,True,94.35000000000001
fast_observer,3.625,5.818181818181818,12.0,0.0,160.0,-0.751660134729913,True,True,94.5
fast_observer,3.625,6.136363636363637,12.0,0.0,160.0,-0.7048846028625579,True,True,94.65
fast_observer,3.625,6.454545454545454,12.0,0.0,160.0,-0.6604524650699601,True,True,94.80000000000001
fast_observer,3.625,6.7727272727272725,12.0,0.0,160.0,-0.6181945403632514,True,True,95.0
fast_observer,3.625,7.090909090909091,12.0,0.0,160.0,-0.5779545367210965,True,True,95.15
fast_observer,3.625,7.409090909090909,12.0,0.0,160.0,-0.5395890391924584,True,True,95.35000000000001
fast_observer,3.625,7.7272727272727275,12.0,0.0,160.0,-0.5029669531322009,True,True,95.55000000000001
fast_observer,3.625,8.045454545454545,12.0,0.0,160.0,-0.467968676820807,True,True,95.75
fast_observer,3.625,8.363636363636363,12.0,0.0,160.0,-0.4344937120471787,True,True,96.0
fast_observer,3.625,8.681818181818182,12.0,0.0,160.0,-0.40244021511075656,True,True,96.2
fast_observer,3.625,9.0,12.0,0.0,160.0,-0.3717232767070814,True,True,96.45
fast_observer,3.625,9.318181818181818,12.0,0.0,160.0,-0.34225669695578737,True,True,96.7
fast_observer,3.625,9.636363636363637,12.0,0.0,160.0,-0.31396849947296557,True,True,96.95
fast_observer,3.625,9.954545454545453,12.0,0.0,160.0,-0.2867922179053741,True,True,97.2
fast_observer,3.625,10.272727272727273,12.0,0.0,160.0,-0.26066112113615164,True,True,97.5
fast_observer,3.625,10.59090909090909,12.0,0.0,160.0,-0.2355169270727293,True,True,97.75
fast_observer,3.625,10.909090909090908,12.0,0.0,160.0,-0.21130537010853598,True,True,98.05000000000001
fast_observer,3.625,11.227272727272727,12.0,0.0,160.0,-0.18797715969600945,True,True,98.35000000000001
fast_observer,3.625,11.545454545454545,12.0,0.0,160.0,-0.16548597392653536,True,True,98.65
fast_observer,3.625,11.863636363636363,12.0,0.0,160.0,-0.1437864606560446,True,True,98.95
fast_observer,3.625,12.181818181818182,12.0,0.0,160.0,-0.12283762464149255,True,True,99.25
fast_observer,3.625,12.5,12.0,0.0,160.0,-0.10260482881431868,True,True,99.55000000000001
fast_observer,3.625,12.818181818181818,12.0,0.0,160.0,-0.083050156128511,True,True,99.9
fast_observer,3.625,13.136363636363637,12.0,0.0,160.0,-0.06414124364615995,True,True,100.25
fast_observer,3.625,13.454545454545455,12.0,0.0,160.0,-0.04584768151464948,True,True,100.60000000000001
fast_observer,3.625,13.772727272727273,12.0,0.0,160.0,-0.028140161130049413,True,True,100.9
fast_observer,3.625,14.09090909090909,12.0,0.0,160.0,-0.010990599837631598,True,True,101.30000000000001
fast_observer,3.625,14.409090909090908,12.0,0.0,160.0,0.005624001927560105,True,True,101.65
fast_observer,3.625,14.727272727272727,12.0,0.0,160.0,0.021730264542277333,True,True,102.0
fast_observer,3.625,15.045454545454545,12.0,0.0,160.0,0.03735036690834566,True,True,102.35000000000001
fast_observer,3.625,15.363636363636363,12.0,0.0,160.0,0.052503962860231054,True,True,102.75
fast_observer,3.625,15.681818181818182,12.0,0.0,160.0,0.06721229968391346,True,True,103.10000000000001
fast_observer,3.625,16.0,12.0,0.0,160.0,0.0814945073812733,True,True,103.5
fast_observer,3.75,2.0,12.0,0.0,160.0,-1.6963347959447446,True,True,93.65
fast_observer,3.75,2.3181818181818183,12.0,0.0,160.0,-1.5900133146893183,True,True,93.7
fast_observer,3.75,2.6363636363636362,12.0,0.0,160.0,-1.4922270819937284,True,True,93.75
fast_observer,3.75,2.9545454545454546,12.0,0.0,160.0,-1.4018909321030177,True,True,93.85000000000001
fast_observer,3.75,3.2727272727272725,12.0,0.0,160.0,-1.318039691460014,True,True,93.9
fast_observer,3.75,3.590909090909091,12.0,0.0,160.0,-1.2399570099343113,True,True,94.0
fast_observer,3.75,3.909090909090909,12.0,0.0,160.0,-1.1670188911815944,True,True,94.10000000000001
fast_observer,3.75,4.227272727272727,12.0,0.0,160.0,-1.0986731462246426,True,True,94.2
fast_observer,3.75,4.545454545454545,12.0,0.0,160.0,-1.0344667835463357,True,True,94.35000000000001
fast_observer,3.75,4.863636363636363,12.0,0.0,160.0,-0.9740180789389629,True,True,94.45
fast_observer,3.75,5.181818181818182,12.0,0.0,160.0,-0.9169960067746319,True,True,94.60000000000001
fast_observer,3.75,5.5,12.0,0.0,160.0,-0.8631003657391766,True,True,94.75
fast_observer,3.75,5.818181818181818,12.0,0.0,160.0,-0.8120622083412886,True,True,94.9
fast_observer,3.75,6.136363636363637,12.0,0.0,160.0,-0.7636737270991983,True,True,95.05000000000001
fast_observer,3.75,6.454545454545454,12.0,0.0,160.0,-0.7177094466240963,True,True,95.2
fast_observer,3.75,6.7727272727272725,12.0,0.0,160.0,-0.6739943520999155,True,True,95.4
fast_observer,3.75,7.090909090909091,12.0,0.0,160.0,-0.632366762125272,True,True,95.60000000000001
fast_observer,3.75,7.409090909090909,12.0,0.0,160.0,-0.5926783164059913,True,True,95.75
fast_observer,3.75,7.7272727272727275,12.0,0.0,160.0,-0.5547933997919321,True,True,95.95
fast_observer,3.75,8.045454545454545,12.0,0.0,160.0,-0.5185882863663518,True,True,96.2
fast_observer,3.75,8.363636363636363,12.0,0.0,160.0,-0.48395901246259876,True,True,96.4
fast_observer,3.75,8.681818181818182,12.0,0.0,160.0,-0.4508002225283692,True,True,96.60000000000001
fast_observer,3.75,9.0,12.0,0.0,160.0,-0.41902407935215324,True,True,96.85000000000001
fast_observer,3.75,9.318181818181818,12.0,0.0,160.0,-0.3885414106439176,True,True,97.10000000000001
fast_observer,3.75,9.636363636363637,12.0,0.0,160.0,-0.3592777580754816,True,True,97.35000000000001
fast_observer,3.75,9.954545454545453,12.0,0.0,160.0,-0.33116436335038696,True,True,97.60000000000001
fast_observer,3.75,10.272727272727273,12.0,0.0,160.0,-0.3041321942787774,True,True,97.9
fast_observer,3.75,10.59090909090909,12.0,0.0,160.0,-0.2781209590407543,True,True,98.15
fast_observer,3.75,10.909090909090908,12.0,0.0,160.0,-0.2530745208019335,True,True,98.45
fast_observer,3.75,11.227272727272727,12.0,0.0,160.0,-0.22894188934069953,True,True,98.75
fast_observer,3.75,11.545454545454545,12.0,0.0,160.0,-0.20567514544124385,True,True,99.05000000000001
fast_observer,3.75,11.863636363636363,12.0,0.0,160.0,-0.18322737309245996,True,True,99.35000000000001
fast_observer,3.75,12.181818181818182,12.0,0.0,160.0,-0.16155616342223347,True,True,99.65
fast_observer,3.75,12.5,12.0,0.0,160.0,-0.1406256849803298,True,True,100.0
fast_observer,3.75,12.818181818181818,12.0,0.0,160.0,-0.12039671323639044,True,True,100.30000000000001
fast_observer,3.75,13.136363636363637,12.0,0.0,160.0,-0.10083576928913113,True,True,100.65
fast_observer,3.75,13.454545454545455,12.0,0.0,160.0,-0.08191139467032701,True,True,101.0
fast_observer,3.75,13.772727272727273,12.0,0.0,160.0,-0.06359327013453353,True,True,101.35000000000001
fast_observer,3.75,14.09090909090909,12.0,0.0,160.0,-0.045852344659618946,True,True,101.7
fast_observer,3.75,14.409090909090908,12.0,0.0,160.0,-0.028664825592179175,True,True,102.05000000000001
fast_observer,3.75,14.727272727272727,12.0,0.0,160.0,-0.012003174611436922,True,True,102.4
fast_observer,3.75,15.045454545454545,12.0,0.0,160.0,0.004155551974150866,True,True,102.80000000000001
fast_observer,3.75,15.363636363636363,12.0,0.0,160.0,0.019831685717480094,True,True,103.15
fast_observer,3.75,15.681818181818182,12.0,0.0,160.0,0.03504720656956547,True,True,103.55000000000001
fast_observer,3.75,16.0,12.0,0.0,160.0,0.04982190418752396,True,True,103.9
fast_observer,3.875,2.0,12.0,0.0,160.0,-1.7862126224762351,True,True,94.05000000000001
fast_observer,3.875,2.3181818181818183,12.0,0.0,160.0,-1.6763470918456296,True,True,94.10000000000001
fast_observer,3.875,2.6363636363636362,12.0,0.0,160.0,-1.575301318060185,True,True,94.15
fast_observer,3.875,2.9545454545454546,12.0,0.0,160.0,-1.4819539631731191,True,True,94.25
fast_observer,3.875,3.2727272727272725,12.0,0.0,160.0,-1.3953076811753484,True,True,94.30000000000001
fast_observer,3.875,3.590909090909091,12.0,0.0,160.0,-1.3146222435987887,True,True,94.4
fast_observer,3.875,3.909090909090909,12.0,0.0,160.0,-1.239252854220981,True,True,94.5
fast_observer,3.875,4.227272727272727,12.0,0.0,160.0,-1.1686289177654638,True,True,94.60000000000001
fast_observer,3.875,4.545454545454545,12.0,0.0,160.0,-1.102282342997881,True,True,94.75
fast_observer,3.875,4.863636363636363,12.0,0.0,160.0,-1.0398186815702615,True,True,94.85000000000001
fast_observer,3.875,5.181818181818182,12.0,0.0,160.0,-0.980895873667119,True,True,95.0
fast_observer,3.875,5.5,12.0,0.0,160.0,-0.9252037112638161,True,True,95.15
fast_observer,3.875,5.818181818181818,12.0,0.0,160.0,-0.8724642819526655,True,True,95.30000000000001
fast_observer,3.875,6.136363636363637,12.0,0.0,160.0,-0.822462851335838,True,True,95.45
fast_observer,3.875,6.454545454545454,12.0,0.0,160.0,-0.7749664281782329,True,True,95.60000000000001
fast_observer,3.875,6.7727272727272725,12.0,0.0,160.0,-0.7297941638365789,True,True,95.80000000000001
fast_observer,3.875,7.090909090909091,12.0,0.0,160.0,-0.6867789875294483,True,True,95.95
fast_observer,3.875,7.409090909090909,12.0,0.0,160.0,-0.6457675936195247,True,True,96.15
fast_observer,3.875,7.7272727272727275,12.0,0.0,160.0,-0.6066198464516632,True,True,96.35000000000001
fast_observer,3.875,8.045454545454545,12.0,0.0,160.0,-0.5692078959118968,True,True,96.55000000000001
fast_observer,3.875,8.363636363636363,12.0,0.0,160.0,-0.5334243128780176,True,True,96.80000000000001
fast_observer,3.875,8.681818181818182,12.0,0.0,160.0,-0.49916022994598147,True,True,97.0
fast_observer,3.875,9.0,12.0,0.0,160.0,-0.4663248819972248,True,True,97.25
fast_observer,3.875,9.318181818181818,12.0,0.0,160.0,-0.43482612433204837,True,True,97.5
fast_observer,3.875,9.636363636363637,12.0,0.0,160.0,-0.40458701667799796,True,True,97.75
fast_observer,3.875,9.954545454545453,12.0,0.0,160.0,-0.37553650879539974,True,True,98.0
fast_observer,3.875,10.272727272727273,12.0,0.0,160.0,-0.3476032674214037,True,True,98.25
fast_observer,3.875,10.59090909090909,12.0,0.0,160.0,-0.32072499100877927,True,True,98.55000000000001
fast_observer,3.875,10.909090909090908,12.0,0.0,160.0,-0.2948436714953316,True,True,98.85000000000001
fast_observer,3.875,11.227272727272727,12.0,0.0,160.0,-0.2699066189853893,True,True,99.15
fast_observer,3.875,11.545454545454545,12.0,0.0,160.0,-0.24586431695595187,True,True,99.45
fast_observer,3.875,11.863636363636363,12.0,0.0,160.0,-0.2226682855288754,True,True,99.75
fast_observer,3.875,12.181818181818182,12.0,0.0,160.0,-0.20027470220297486,True,True,100.05000000000001
fast_observer,3.875,12.5,12.0,0.0,160.0,-0.17864654114634076,True,True,100.4
fast_observer,3.875,12.818181818181818,12.0,0.0,160.0,-0.15774327034427046,True,True,100.7
fast_observer,3.875,13.136363636363637,12.0,0.0,160.0,-0.13753029493210203,True,True,101.05000000000001
fast_observer,3.875,13.454545454545455,12.0,0.0,160.0,-0.1179751078260047,True,True,101.4
fast_observer,3.875,13.772727272727273,12.0,0.0,160.0,-0.0990463791390181,True,True,101.75
fast_observer,3.875,14.09090909090909,12.0,0.0,160.0,-0.0807140894816064,True,True,102.10000000000001
fast_observer,3.875,14.409090909090908,12.0,0.0,160.0,-0.06295365311191853,True,True,102.45
fast_observer,3.875,14.727272727272727,12.0,0.0,160.0,-0.04573661376515153,True,True,102.80000000000001
fast_observer,3.875,15.045454545454545,12.0,0.0,160.0,-0.029039262960044176,True,True,103.2
fast_observer,3.875,15.363636363636363,12.0,0.0,160.0,-0.012840591425270262,True,True,103.55000000000001
fast_observer,3.875,15.681818181818182,12.0,0.0,160.0,0.0028821134552177038,True,True,103.95
fast_observer,3.875,16.0,12.0,0.0,160.0,0.01814930099377468,True,True,104.30000000000001
fast_observer,4.0,2.0,12.0,0.0,160.0,-1.876090449007727,True,True,94.4
fast_observer,4.0,2.3181818181818183,12.0,0.0,160.0,-1.7626808690019393,True,True,94.45
fast_observer,4.0,2.6363636363636362,12.0,0.0,160.0,-1.658375554126643,True,True,94.55000000000001
fast_observer,4.0,2.9545454545454546,12.0,0.0,160.0,-1.56201699424322,True,True,94.60000000000001
fast_observer,4.0,3.2727272727272725,12.0,0.0,160.0,-1.4725756708906819,True,True,94.7
fast_observer,4.0,3.590909090909091,12.0,0.0,160.0,-1.389287477263266,True,True,94.80000000000001
fast_observer,4.0,3.909090909090909,12.0,0.0,160.0,-1.3114868172603669,True,True,94.9
fast_observer,4.0,4.227272727272727,12.0,0.0,160.0,-1.2385846893062855,True,True,95.0
fast_observer,4.0,4.545454545454545,12.0,0.0,160.0,-1.1700979024494247,True,True,95.10000000000001
fast_observer,4.0,4.863636363636363,12.0,0.0,160.0,-1.1056192842015595,True,True,95.25
fast_observer,4.0,5.181818181818182,12.0,0.0,160.0,-1.0447957405596067,True,True,95.35000000000001
fast_observer,4.0,5.5,12.0,0.0,160.0,-0.9873070567884555,True,True,95.5
fast_observer,4.0,5.818181818181818,12.0,0.0,160.0,-0.9328663555640413,True,True,95.65
fast_observer,4.0,6.136363636363637,12.0,0.0,160.0,-0.8812519755724778,True,True,95.80000000000001
fast_observer,4.0,6.454545454545454,12.0,0.0,160.0,-0.8322234097323695,True,True,96.0
fast_observer,4.0,6.7727272727272725,12.0,0.0,160.0,-0.7855939755732435,True,True,96.15
fast_observer,4.0,7.090909090909091,12.0,0.0,160.0,-0.7411912129336239,True,True,96.35000000000001
fast_observer,4.0,7.409090909090909,12.0,0.0,160.0,-0.6988568708330577,True,True,96.55000000000001
fast_observer,4.0,7.7272727272727275,12.0,0.0,160.0,-0.658446293111394,True,True,96.75
fast_observer,4.0,8.045454545454545,12.0,0.0,160.0,-0.6198275054574424,True,True,96.95
fast_observer,4.0,8.363636363636363,12.0,0.0,160.0,-0.5828896132934377,True,True,97.15
fast_observer,4.0,8.681818181818182,12.0,0.0,160.0,-0.5475202373635937,True,True,97.4
fast_observer,4.0,9.0,12.0,0.0,160.0,-0.5136256846422967,True,True,97.65
fast_observer,4.0,9.318181818181818,12.0,0.0,160.0,-0.4811108380201792,True,True,97.85000000000001
fast_observer,4.0,9.636363636363637,12.0,0.0,160.0,-0.44989627528051407,True,True,98.15
fast_observer,4.0,9.954545454545453,12.0,0.0,160.0,-0.4199086542404127,True,True,98.4
fast_observer,4.0,10.272727272727273,12.0,0.0,160.0,-0.39107434056402957,True,True,98.65
fast_observer,4.0,10.59090909090909,12.0,0.0,160.0,-0.363329022976805,True,True,98.95
fast_observer,4.0,10.909090909090908,12.0,0.0,160.0,-0.3366128221887292,True,True,99.2
fast_observer,4.0,11.227272727272727,12.0,0.0,160.0,-0.31087134863007937,True,True,99.5
fast_observer,4.0,11.545454545454545,12.0,0.0,160.0,-0.2860534884706598,True,True,99.80000000000001
fast_observer,4.0,11.863636363636363,12.0,0.0,160.0,-0.2621091979652905,True,True,100.10000000000001
fast_observer,4.0,12.181818181818182,12.0,0.0,160.0,-0.2389932409837161,True,True,100.45
fast_observer,4.0,12.5,12.0,0.0,160.0,-0.21666739731235163,True,True,100.75
fast_observer,4.0,12.818181818181818,12.0,0.0,160.0,-0.19508982745215003,True,True,101.10000000000001
fast_observer,4.0,13.136363636363637,12.0,0.0,160.0,-0.17422482057507294,True,True,101.45
fast_observer,4.0,13.454545454545455,12.0,0.0,160.0,-0.15403882098168203,True,True,101.75
fast_observer,4.0,13.772727272727273,12.0,0.0,160.0,-0.13449948814350277,True,True,102.10000000000001
fast_observer,4.0,14.09090909090909,12.0,0.0,160.0,-0.11557583430359371,True,True,102.45
fast_observer,4.0,14.409090909090908,12.0,0.0,160.0,-0.09724248063165783,True,True,102.85000000000001
fast_observer,4.0,14.727272727272727,12.0,0.0,160.0,-0.07947005291886615,True,True,103.2
fast_observer,4.0,15.045454545454545,12.0,0.0,160.0,-0.06223407789423904,True,True,103.55000000000001
fast_observer,4.0,15.363636363636363,12.0,0.0,160.0,-0.045512868568021045,True,True,103.95
fast_observer,4.0,15.681818181818182,12.0,0.0,160.0,-0.029282979659130143,True,True,104.35000000000001
fast_observer,4.0,16.0,12.0,0.0,160.0,-0.013523302199974512,True,True,104.7
fast_observer,4.125,2.0,12.0,0.0,160.0,-1.9659682755392183,True,True,94.80000000000001
fast_observer,4.125,2.3181818181818183,12.0,0.0,160.0,-1.8490146461582493,True,True,94.85000000000001
fast_observer,4.125,2.6363636363636362,12.0,0.0,160.0,-1.7414497901931005,True,True,94.9
fast_observer,4.125,2.9545454545454546,12.0,0.0,160.0,-1.642080025313319,True,True,95.0
fast_observer,4.125,3.2727272727272725,12.0,0.0,160.0,-1.5498436606060155,True,True,95.05000000000001
fast_observer,4.125,3.590909090909091,12.0,0.0,160.0,-1.4639527109277435,True,True,95.15
fast_observer,4.125,3.909090909090909,12.0,0.0,160.0,-1.383720780299754,True,True,95.25
fast_observer,4.125,4.227272727272727,12.0,0.0,160.0,-1.3085404608471083,True,True,95.35000000000001
fast_observer,4.125,4.545454545454545,12.0,0.0,160.0,-1.2379134619009702,True,True,95.5
fast_observer,4.125,4.863636363636363,12.0,0.0,160.0,-1.1714198868328591,True,True,95.60000000000001
fast_observer,4.125,5.181818181818182,12.0,0.0,160.0,-1.108695607452095,True,True,95.75
fast_observer,4.125,5.5,12.0,0.0,160.0,-1.0494104023130943,True,True,95.9
fast_observer,4.125,5.818181818181818,12.0,0.0,160.0,-0.9932684291754171,True,True,96.05000000000001
fast_observer,4.125,6.136363636363637,12.0,0.0,160.0,-0.9400410998091181,True,True,96.2
fast_observer,4.125,6.454545454545454,12.0,0.0,160.0,-0.889480391286506,True,True,96.35000000000001
fast_observer,4.125,6.7727272727272725,12.0,0.0,160.0,-0.8413937873099074,True,True,96.55000000000001
fast_observer,4.125,7.090909090909091,12.0,0.0,160.0,-0.7956034383377998,True,True,96.7
fast_observer,4.125,7.409090909090909,12.0,0.0,160.0,-0.7519461480465904,True,True,96.9
fast_observer,4.125,7.7272727272727275,12.0,0.0,160.0,-0.7102727397711255,True,True,97.10000000000001
fast_observer,4.125,8.045454545454545,12.0,0.0,160.0,-0.670447115002987,True,True,97.30000000000001
fast_observer,4.125,8.363636363636363,12.0,0.0,160.0,-0.6323549137088579,True,True,97.55000000000001
fast_observer,4.125,8.681818181818182,12.0,0.0,160.0,-0.5958802447812065,True,True,97.75
fast_observer,4.125,9.0,12.0,0.0,160.0,-0.5609264872873686,True,True,98.0
fast_observer,4.125,9.318181818181818,12.0,0.0,160.0,-0.5273955517083097,True,True,98.25
fast_observer,4.125,9.636363636363637,12.0,0.0,160.0,-0.49520553388302985,True,True,98.5
fast_observer,4.125,9.954545454545453,12.0,0.0,160.0,-0.46428079968542557,True,True,98.75
fast_observer,4.125,10.272727272727273,12.0,0.0,160.0,-0.43454541370665556,True,True,99.0
fast_observer,4.125,10.59090909090909,12.0,0.0,160.0,-0.4059330549448296,True,True,99.30000000000001
fast_observer,4.125,10.909090909090908,12.0,0.0,160.0,-0.378381972882127,True,True,99.60000000000001
fast_observer,4.125,11.227272727272727,12.0,0.0,160.0,-0.3518360782747694,True,True,99.9
fast_observer,4.125,11.545454545454545,12.0,0.0,160.0,-0.32624265998536794,True,True,100.2
fast_observer,4.125,11.863636363636363,12.0,0.0,160.0,-0.3015501104017052,True,True,100.5
fast_observer,4.125,12.181818181818182,12.0,0.0,160.0,-0.2777117797644571,True,True,100.80000000000001
fast_observer,4.125,12.5,12.0,0.0,160.0,-0.25468825347836277,True,True,101.15
fast_observer,4.125,12.818181818181818,12.0,0.0,160.0,-0.23243638456002938,True,True,101.45
fast_observer,4.125,13.136363636363637,12.0,0.0,160.0,-0.21091934621804398,True,True,101.80000000000001
fast_observer,4.125,13.454545454545455,12.0,0.0,160.0,-0.19010253413735972,True,True,102.15
fast_observer,4.125,13.772727272727273,12.0,0.0,160.0,-0.16995259714798708,True,True,102.5
fast_observer,4.125,14.09090909090909,12.0,0.0,160.0,-0.1504375791255809,True,True,102.85000000000001
fast_observer,4.125,14.409090909090908,12.0,0.0,160.0,-0.13153130815139702,True,True,103.2
fast_observer,4.125,14.727272727272727,12.0,0.0,160.0,-0.1132034920725806,True,True,103.60000000000001
fast_observer,4.125,15.045454545454545,12.0,0.0,160.0,-0.09542889282843417,True,True,103.95
fast_observer,4.125,15.363636363636363,12.0,0.0,160.0,-0.07818514571077176,True,True,104.35000000000001
fast_observer,4.125,15.681818181818182,12.0,0.0,160.0,-0.06144807277347795,True,True,104.7
fast_observer,4.125,16.0,12.0,0.0,160.0,-0.045195905393723625,True,True,105.10000000000001
fast_observer,4.25,2.0,12.0,0.0,160.0,-2.055846102070709,True,True,95.15
fast_observer,4.25,2.3181818181818183,12.0,0.0,160.0,-1.9353484233145606,True,True,95.2
fast_observer,4.25,2.6363636363636362,12.0,0.0,160.0,-1.824524026259559,True,True,95.25
fast_observer,4.25,2.9545454545454546,12.0,0.0,160.0,-1.7221430563834206,True,True,95.35000000000001
fast_observer,4.25,3.2727272727272725,12.0,0.0,160.0,-1.62711165032135,True,True,95.4
fast_observer,4.25,3.590909090909091,12.0,0.0,160.0,-1.5386179445922206,True,True,95.5
fast_observer,4.25,3.909090909090909,12.0,0.0,160.0,-1.45595474333914,True,True,95.60000000000001
fast_observer,4.25,4.227272727272727,12.0,0.0,160.0,-1.3784962323879293,True,True,95.7
fast_observer,4.25,4.545454545454545,12.0,0.0,160.0,-1.305729021352515,True,True,95.85000000000001
fast_observer,4.25,4.863636363636363,12.0,0.0,160.0,-1.2372204894641576,True,True,95.95
fast_observer,4.25,5.181818181818182,12.0,0.0,160.0,-1.1725954743445826,True,True,96.10000000000001
fast_observer,4.25,5.5,12.0,0.0,160.0,-1.1115137478377333,True,True,96.25
fast_observer,4.25,5.818181818181818,12.0,0.0,160.0,-1.0536705027867945,True,True,96.4
fast_observer,4.25,6.136363636363637,12.0,0.0,160.0,-0.9988302240457576,True,True,96.55000000000001
fast_observer,4.25,6.454545454545454,12.0,0.0,160.0,-0.9467373728406423,True,True,96.7
fast_observer,4.25,6.7727272727272725,12.0,0.0,160.0,-0.8971935990465709,True,True,96.9
fast_observer,4.25,7.090909090909091,12.0,0.0,160.0,-0.8500156637419753,True,True,97.05000000000001
fast_observer,4.25,7.409090909090909,12.0,0.0,160.0,-0.8050354252601236,True,True,97.25
fast_observer,4.25,7.7272727272727275,12.0,0.0,160.0,-0.7620991864308563,True,True,97.45
fast_observer,4.25,8.045454545454545,12.0,0.0,160.0,-0.7210667245485325,True,True,97.7
fast_observer,4.25,8.363636363636363,12.0,0.0,160.0,-0.6818202141242778,True,True,97.9
fast_observer,4.25,8.681818181818182,12.0,0.0,160.0,-0.6442402521988184,True,True,98.10000000000001
fast_observer,4.25,9.0,12.0,0.0,160.0,-0.6082272899324402,True,True,98.35000000000001
fast_observer,4.25,9.318181818181818,12.0,0.0,160.0,-0.57368026539644,True,True,98.60000000000001
fast_observer,4.25,9.636363636363637,12.0,0.0,160.0,-0.5405147924855463,True,True,98.85000000000001
fast_observer,4.25,9.954545454545453,12.0,0.0,160.0,-0.5086529451304388,True,True,99.10000000000001
fast_observer,4.25,10.272727272727273,12.0,0.0,160.0,-0.4780164868492812,True,True,99.4
fast_observer,4.25,10.59090909090909,12.0,0.0,160.0,-0.4485370869128549,True,True,99.65
fast_observer,4.25,10.909090909090908,12.0,0.0,160.0,-0.4201511235755248,True,True,99.95
fast_observer,4.25,11.227272727272727,12.0,0.0,160.0,-0.39280080791945926,True,True,100.25
fast_observer,4.25,11.545454545454545,12.0,0.0,160.0,-0.36643183150007597,True,True,100.55000000000001
fast_observer,4.25,11.863636363636363,12.0,0.0,160.0,-0.3409910228381214,True,True,100.85000000000001
fast_observer,4.25,12.181818181818182,12.0,0.0,160.0,-0.316430318545198,True,True,101.15
fast_observer,4.25,12.5,12.0,0.0,160.0,-0.29270910964437374,True,True,101.5
fast_observer,4.25,12.818181818181818,12.0,0.0,160.0,-0.26978294166790945,True,True,101.80000000000001
fast_observer,4.25,13.136363636363637,12.0,0.0,160.0,-0.2476138718610147,True,True,102.15
fast_observer,4.25,13.454545454545455,12.0,0.0,160.0,-0.22616624729303733,True,True,102.5
fast_observer,4.25,13.772727272727273,12.0,0.0,160.0,-0.20540570615247142,True,True,102.85000000000001
fast_observer,4.25,14.09090909090909,12.0,0.0,160.0,-0.1852993239475681,True,True,103.2
fast_observer,4.25,14.409090909090908,12.0,0.0,160.0,-0.16582013567113635,True,True,103.55000000000001
fast_observer,4.25,14.727272727272727,12.0,0.0,160.0,-0.14693693122629525,True,True,103.95
fast_observer,4.25,15.045454545454545,12.0,0.0,160.0,-0.12862370776262924,True,True,104.30000000000001
fast_observer,4.25,15.363636363636363,12.0,0.0,160.0,-0.11085742285352225,True,True,104.7
fast_observer,4.25,15.681818181818182,12.0,0.0,160.0,-0.09361316588782576,True,True,105.10000000000001
fast_observer,4.25,16.0,12.0,0.0,160.0,-0.07686850858747286,True,True,105.45
fast_observer,4.375,2.0,12.0,0.0,160.0,-2.145723928602201,True,True,95.5
fast_observer,4.375,2.3181818181818183,12.0,0.0,160.0,-2.021682200470871,True,True,95.55000000000001
fast_observer,4.375,2.6363636363636362,12.0,0.0,160.0,-1.9075982623260161,True,True,95.60000000000001
fast_observer,4.375,2.9545454545454546,12.0,0.0,160.0,-1.8022060874535204,True,True,95.7
fast_observer,4.375,3.2727272727272725,12.0,0.0,160.0,-1.704379640036684,True,True,95.75
fast_observer,4.375,3.590909090909091,12.0,0.0,160.0,-1.6132831782566974,True,True,95.85000000000001
fast_observer,4.375,3.909090909090909,12.0,0.0,160.0,-1.5281887063785276,True,True,95.95
fast_observer,4.375,4.227272727272727,12.0,0.0,160.0,-1.448452003928749,True,True,96.05000000000001
fast_observer,4.375,4.545454545454545,12.0,0.0,160.0,-1.3735445808040583,True,True,96.2
fast_observer,4.375,4.863636363636363,12.0,0.0,160.0,-1.303021092095457,True,True,96.30000000000001
fast_observer,4.375,5.181818181818182,12.0,0.0,160.0,-1.2364953412370696,True,True,96.45
fast_observer,4.375,5.5,12.0,0.0,160.0,-1.1736170933623713,True,True,96.60000000000001
fast_observer,4.375,5.818181818181818,12.0,0.0,160.0,-1.1140725763981705,True,True,96.75
fast_observer,4.375,6.136363636363637,12.0,0.0,160.0,-1.0576193482823981,True,True,96.9
fast_observer,4.375,6.454545454545454,12.0,0.0,160.0,-1.0039943543947791,True,True,97.05000000000001
fast_observer,4.375,6.7727272727272725,12.0,0.0,160.0,-0.9529934107832352,True,True,97.25
fast_observer,4.375,7.090909090909091,12.0,0.0,160.0,-0.9044278891461511,True,True,97.4
fast_observer,4.375,7.409090909090909,12.0,0.0,160.0,-0.8581247024736571,True,True,97.60000000000001
fast_observer,4.375,7.7272727272727275,12.0,0.0,160.0,-0.8139256330905869,True,True,97.80000000000001
fast_observer,4.375,8.045454545454545,12.0,0.0,160.0,-0.7716863340940773,True,True,98.05000000000001
fast_observer,4.375,8.363636363636363,12.0,0.0,160.0,-0.731285514539698,True,True,98.25
fast_observer,4.375,8.681818181818182,12.0,0.0,160.0,-0.6926002596164307,True,True,98.45
fast_observer,4.375,9.0,12.0,0.0,160.0,-0.6555280925775117,True,True,98.7
fast_observer,4.375,9.318181818181818,12.0,0.0,160.0,-0.6199649790845705,True,True,98.95
fast_observer,4.375,9.636363636363637,12.0,0.0,160.0,-0.5858240510880628,True,True,99.2
fast_observer,4.375,9.954545454545453,12.0,0.0,160.0,-0.5530250905754517,True,True,99.45
fast_observer,4.375,10.272727272727273,12.0,0.0,160.0,-0.5214875599919069,True,True,99.75
fast_observer,4.375,10.59090909090909,12.0,0.0,160.0,-0.49114111888088013,True,True,100.0
fast_observer,4.375,10.909090909090908,12.0,0.0,160.0,-0.46192027426892257,True,True,100.30000000000001
fast_observer,4.375,11.227272727272727,12.0,0.0,160.0,-0.43376553756414943,True,True,100.60000000000001
fast_observer,4.375,11.545454545454545,12.0,0.0,160.0,-0.4066210030147841,True,True,100.9
fast_observer,4.375,11.863636363636363,12.0,0.0,160.0,-0.3804319352745364,True,True,101.2
fast_observer,4.375,12.181818181818182,12.0,0.0,160.0,-0.3551488573259393,True,True,101.5
fast_observer,4.375,12.5,12.0,0.0,160.0,-0.3307299658103848,True,True,101.85000000000001
fast_observer,4.375,12.818181818181818,12.0,0.0,160.0,-0.3071294987757891,True,True,102.15
fast_observer,4.375,13.136363636363637,12.0,0.0,160.0,-0.28430839750398623,True,True,102.5
fast_observer,4.375,13.454545454545455,12.0,0.0,160.0,-0.26222996044871455,True,True,102.85000000000001
fast_observer,4.375,13.772727272727273,12.0,0.0,160.0,-0.24085881515695587,True,True,103.2
fast_observer,4.375,14.09090909090909,12.0,0.0,160.0,-0.2201610687695555,True,True,103.55000000000001
fast_observer,4.375,14.409090909090908,12.0,0.0,160.0,-0.20010896319087568,True,True,103.9
fast_observer,4.375,14.727272727272727,12.0,0.0,160.0,-0.18067037038000983,True,True,104.30000000000001
fast_observer,4.375,15.045454545454545,12.0,0.0,160.0,-0.1618185226968241,True,True,104.65
fast_observer,4.375,15.363636363636363,12.0,0.0,160.0,-0.1435296999962731,True,True,105.05000000000001
fast_observer,4.375,15.681818181818182,12.0,0.0,160.0,-0.1257782590021734,True,True,105.45
fast_observer,4.375,16.0,12.0,0.0,160.0,-0.10854111178122208,True,True,105.80000000000001
fast_observer,4.5,2.0,12.0,0.0,160.0,-2.235601755133693,True,True,95.85000000000001
fast_observer,4.5,2.3181818181818183,12.0,0.0,160.0,-2.1080159776271836,True,True,95.9
fast_observer,4.5,2.6363636363636362,12.0,0.0,160.0,-1.9906724983924744,True,True,95.95
fast_observer,4.5,2.9545454545454546,12.0,0.0,160.0,-1.8822691185236213,True,True,96.0
fast_observer,4.5,3.2727272727272725,12.0,0.0,160.0,-1.7816476297520176,True,True,96.10000000000001
fast_observer,4.5,3.590909090909091,12.0,0.0,160.0,-1.687948411921174,True,True,96.2
fast_observer,4.5,3.909090909090909,12.0,0.0,160.0,-1.6004226694179138,True,True,96.30000000000001
fast_observer,4.5,4.227272727272727,12.0,0.0,160.0,-1.5184077754695713,True,True,96.4
fast_observer,4.5,4.545454545454545,12.0,0.0,160.0,-1.4413601402556036,True,True,96.5
fast_observer,4.5,4.863636363636363,12.0,0.0,160.0,-1.3688216947267542,True,True,96.65
fast_observer,4.5,5.181818181818182,12.0,0.0,160.0,-1.3003952081295578,True,True,96.80000000000001
fast_observer,4.5,5.5,12.0,0.0,160.0,-1.2357204388870129,True,True,96.9
fast_observer,4.5,5.818181818181818,12.0,0.0,160.0,-1.174474650009547,True,True,97.05000000000001
fast_observer,4.5,6.136363636363637,12.0,0.0,160.0,-1.1164084725190377,True,True,97.25
fast_observer,4.5,6.454545454545454,12.0,0.0,160.0,-1.0612513359489162,True,True,97.4
fast_observer,4.5,6.7727272727272725,12.0,0.0,160.0,-1.0087932225198986,True,True,97.55000000000001
fast_observer,4.5,7.090909090909091,12.0,0.0,160.0,-0.9588401145503271,True,True,97.75
fast_observer,4.5,7.409090909090909,12.0,0.0,160.0,-0.91121397968719,True,True,97.95
fast_observer,4.5,7.7272727272727275,12.0,0.0,160.0,-0.8657520797503183,True,True,98.15
fast_observer,4.5,8.045454545454545,12.0,0.0,160.0,-0.8223059436396217,True,True,98.35000000000001
fast_observer,4.5,8.363636363636363,12.0,0.0,160.0,-0.780750814955118,True,True,98.60000000000001
fast_observer,4.5,8.681818181818182,12.0,0.0,160.0,-0.740960267034043,True,True,98.80000000000001
fast_observer,4.5,9.0,12.0,0.0,160.0,-0.702828895222584,True,True,99.05000000000001
fast_observer,4.5,9.318181818181818,12.0,0.0,160.0,-0.666249692772702,True,True,99.30000000000001
fast_observer,4.5,9.636363636363637,12.0,0.0,160.0,-0.6311333096905781,True,True,99.55000000000001
fast_observer,4.5,9.954545454545453,12.0,0.0,160.0,-0.5973972360204649,True,True,99.80000000000001
fast_observer,4.5,10.272727272727273,12.0,0.0,160.0,-0.5649586331345328,True,True,100.05000000000001
fast_observer,4.5,10.59090909090909,12.0,0.0,160.0,-0.5337451508489052,True,True,100.35000000000001
fast_observer,4.5,10.909090909090908,12.0,0.0,160.0,-0.5036894249623204,True,True,100.65
fast_observer,4.5,11.227272727272727,12.0,0.0,160.0,-0.4747302672088391,True,True,100.9
fast_observer,4.5,11.545454545454545,12.0,0.0,160.0,-0.4468101745294924,True,True,101.2
fast_observer,4.5,11.863636363636363,12.0,0.0,160.0,-0.4198728477109517,True,True,101.55000000000001
fast_observer,4.5,12.181818181818182,12.0,0.0,160.0,-0.3938673961066804,True,True,101.85000000000001
fast_observer,4.5,12.5,12.0,0.0,160.0,-0.36875082197639564,True,True,102.15
fast_observer,4.5,12.818181818181818,12.0,0.0,160.0,-0.344476055883669,True,True,102.5
fast_observer,4.5,13.136363636363637,12.0,0.0,160.0,-0.32100292314695705,True,True,102.85000000000001
fast_observer,4.5,13.454545454545455,12.0,0.0,160.0,-0.2982936736043921,True,True,103.2
fast_observer,4.5,13.772727272727273,12.0,0.0,160.0,-0.27631192416144046,True,True,103.55000000000001
fast_observer,4.5,14.09090909090909,12.0,0.0,160.0,-0.2550228135915425,True,True,103.9
fast_observer,4.5,14.409090909090908,12.0,0.0,160.0,-0.23439779071061503,True,True,104.25
fast_observer,4.5,14.727272727272727,12.0,0.0,160.0,-0.2144038095337245,True,True,104.65
fast_observer,4.5,15.045454545454545,12.0,0.0,160.0,-0.19501333763101927,True,True,105.0
fast_observer,4.5,15.363636363636363,12.0,0.0,160.0,-0.17620197713902372,True,True,105.4
fast_observer,4.5,15.681818181818182,12.0,0.0,160.0,-0.15794335211652144,True,True,105.80000000000001
fast_observer,4.5,16.0,12.0,0.0,160.0,-0.14021371497497115,True,True,106.15
fast_observer,4.625,2.0,12.0,0.0,160.0,-2.3254795816651836,True,True,96.15
fast_observer,4.625,2.3181818181818183,12.0,0.0,160.0,-2.194349754783493,True,True,96.2
fast_observer,4.625,2.6363636363636362,12.0,0.0,160.0,-2.0737467344589313,True,True,96.30000000000001
fast_observer,4.625,2.9545454545454546,12.0,0.0,160.0,-1.962332149593721,True,True,96.35000000000001
fast_observer,4.625,3.2727272727272725,12.0,0.0,160.0,-1.858915619467351,True,True,96.45
fast_observer,4.625,3.590909090909091,12.0,0.0,160.0,-1.7626136455856525,True,True,96.55000000000001
fast_observer,4.625,3.909090909090909,12.0,0.0,160.0,-1.6726566324572991,True,True,96.65
fast_observer,4.625,4.227272727272727,12.0,0.0,160.0,-1.588363547010392,True,True,96.75
fast_observer,4.625,4.545454545454545,12.0,0.0,160.0,-1.5091756997071477,True,True,96.85000000000001
fast_observer,4.625,4.863636363636363,12.0,0.0,160.0,-1.4346222973580536,True,True,97.0
fast_observer,4.625,5.181818181818182,12.0,0.0,160.0,-1.3642950750220466,True,True,97.10000000000001
fast_observer,4.625,5.5,12.0,0.0,160.0,-1.2978237844116514,True,True,97.25
fast_observer,4.625,5.818181818181818,12.0,0.0,160.0,-1.2348767236209228,True,True,97.4
fast_observer,4.625,6.136363636363637,12.0,0.0,160.0,-1.1751975967556783,True,True,97.55000000000001
fast_observer,4.625,6.454545454545454,12.0,0.0,160.0,-1.1185083175030524,True,True,97.75
fast_observer,4.625,6.7727272727272725,12.0,0.0,160.0,-1.0645930342565626,True,True,97.9
fast_observer,4.625,7.090909090909091,12.0,0.0,160.0,-1.0132523399545024,True,True,98.10000000000001
fast_observer,4.625,7.409090909090909,12.0,0.0,160.0,-0.9643032569007237,True,True,98.30000000000001
fast_observer,4.625,7.7272727272727275,12.0,0.0,160.0,-0.9175785264100494,True,True,98.5
fast_observer,4.625,8.045454545454545,12.0,0.0,160.0,-0.8729255531851676,True,True,98.7
fast_observer,4.625,8.363636363636363,12.0,0.0,160.0,-0.830216115370538,True,True,98.9
fast_observer,4.625,8.681818181818182,12.0,0.0,160.0,-0.7893202744516551,True,True,99.15
fast_observer,4.625,9.0,12.0,0.0,160.0,-0.7501296978676554,True,True,99.35000000000001
fast_observer,4.625,9.318181818181818,12.0,0.0,160.0,-0.7125344064608324,True,True,99.60000000000001
fast_observer,4.625,9.636363636363637,12.0,0.0,160.0,-0.6764425682930948,True,True,99.85000000000001
fast_observer,4.625,9.954545454545453,12.0,0.0,160.0,-0.641769381465477,True,True,100.15
fast_observer,4.625,10.272727272727273,12.0,0.0,160.0,-0.608429706277159,True,True,100.4
fast_observer,4.625,10.59090909090909,12.0,0.0,160.0,-0.5763491828169308,True,True,100.65
fast_observer,4.625,10.909090909090908,12.0,0.0,160.0,-0.5454585756557188,True,True,100.95
fast_observer,4.625,11.227272727272727,12.0,0.0,160.0,-0.5156949968535292,True,True,101.25
fast_observer,4.625,11.545454545454545,12.0,0.0,160.0,-0.48699934604420025,True,True,101.55000000000001
fast_observer,4.625,11.863636363636363,12.0,0.0,160.0,-0.45931376014736697,True,True,101.85000000000001
fast_observer,4.625,12.181818181818182,12.0,0.0,160.0,-0.4325859348874218,True,True,102.2
fast_observer,4.625,12.5,12.0,0.0,160.0,-0.40677167814240683,True,True,102.5
fast_observer,4.625,12.818181818181818,12.0,0.0,160.0,-0.3818226129915481,True,True,102.85000000000001
fast_observer,4.625,13.136363636363637,12.0,0.0,160.0,-0.3576974487899283,True,True,103.15
fast_observer,4.625,13.454545454545455,12.0,0.0,160.0,-0.33435738676007,True,True,103.5
fast_observer,4.625,13.772727272727273,12.0,0.0,160.0,-0.3117650331659248,True,True,103.85000000000001
fast_observer,4.625,14.09090909090909,12.0,0.0,160.0,-0.2898845584135302,True,True,104.25
fast_observer,4.625,14.409090909090908,12.0,0.0,160.0,-0.2686866182303542,True,True,104.60000000000001
fast_observer,4.625,14.727272727272727,12.0,0.0,160.0,-0.24813724868743905,True,True,104.95
fast_observer,4.625,15.045454545454545,12.0,0.0,160.0,-0.22820815256521423,True,True,105.35000000000001
fast_observer,4.625,15.363636363636363,12.0,0.0,160.0,-0.20887425428177445,True,True,105.75
fast_observer,4.625,15.681818181818182,12.0,0.0,160.0,-0.19010844523086912,True,True,106.10000000000001
fast_observer,4.625,16.0,12.0,0.0,160.0,-0.17188631816872055,True,True,106.5
fast_observer,4.75,2.0,12.0,0.0,160.0,-2.4153574081966775,True,True,96.45
fast_observer,4.75,2.3181818181818183,12.0,0.0,160.0,-2.2806835319398036,True,True,96.55000000000001
fast_observer,4.75,2.6363636363636362,12.0,0.0,160.0,-2.1568209705253896,True,True,96.60000000000001
fast_observer,4.75,2.9545454545454546,12.0,0.0,160.0,-2.042395180663823,True,True,96.65
fast_observer,4.75,3.2727272727272725,12.0,0.0,160.0,-1.9361836091826847,True,True,96.75
fast_observer,4.75,3.590909090909091,12.0,0.0,160.0,-1.8372788792501298,True,True,96.85000000000001
fast_observer,4.75,3.909090909090909,12.0,0.0,160.0,-1.7448905954966867,True,True,96.95
fast_observer,4.75,4.227272727272727,12.0,0.0,160.0,-1.658319318551214,True,True,97.05000000000001
fast_observer,4.75,4.545454545454545,12.0,0.0,160.0,-1.5769912591586923,True,True,97.15
fast_observer,4.75,4.863636363636363,12.0,0.0,160.0,-1.5004228999893519,True,True,97.30000000000001
fast_observer,4.75,5.181818181818182,12.0,0.0,160.0,-1.4281949419145337,True,True,97.45
fast_observer,4.75,5.5,12.0,0.0,160.0,-1.359927129936292,True,True,97.55000000000001
fast_observer,4.75,5.818181818181818,12.0,0.0,160.0,-1.2952787972322999,True,True,97.7
fast_observer,4.75,6.136363636363637,12.0,0.0,160.0,-1.2339867209923183,True,True,97.9
fast_observer,4.75,6.454545454545454,12.0,0.0,160.0,-1.1757652990571894,True,True,98.05000000000001
fast_observer,4.75,6.7727272727272725,12.0,0.0,160.0,-1.1203928459932262,True,True,98.2
fast_observer,4.75,7.090909090909091,12.0,0.0,160.0,-1.067664565358678,True,True,98.4
fast_observer,4.75,7.409090909090909,12.0,0.0,160.0,-1.017392534114256,True,True,98.60000000000001
fast_observer,4.75,7.7272727272727275,12.0,0.0,160.0,-0.9694049730697805,True,True,98.80000000000001
fast_observer,4.75,8.045454545454545,12.0,0.0,160.0,-0.923545162730712,True,True,99.0
fast_observer,4.75,8.363636363636363,12.0,0.0,160.0,-0.8796814157859582,True,True,99.25
fast_observer,4.75,8.681818181818182,12.0,0.0,160.0,-0.8376802818692676,True,True,99.45
fast_observer,4.75,9.0,12.0,0.0,160.0,-0.7974305005127272,True,True,99.7
fast_observer,4.75,9.318181818181818,12.0,0.0,160.0,-0.7588191201489625,True,True,99.95
fast_observer,4.75,9.636363636363637,12.0,0.0,160.0,-0.7217518268956102,True,True,100.2
fast_observer,4.75,9.954545454545453,12.0,0.0,160.0,-0.68614152691049,True,True,100.45
fast_observer,4.75,10.272727272727273,12.0,0.0,160.0,-0.6519007794197854,True,True,100.7
fast_observer,4.75,10.59090909090909,12.0,0.0,160.0,-0.6189532147849558,True,True,101.0
fast_observer,4.75,10.909090909090908,12.0,0.0,160.0,-0.5872277263491161,True,True,101.30000000000001
fast_observer,4.75,11.227272727272727,12.0,0.0,160.0,-0.5566597264982188,True,True,101.55000000000001
fast_observer,4.75,11.545454545454545,12.0,0.0,160.0,-0.5271885175589086,True,True,101.85000000000001
fast_observer,4.75,11.863636363636363,12.0,0.0,160.0,-0.49875467258378287,True,True,102.2
fast_observer,4.75,12.181818181818182,12.0,0.0,160.0,-0.4713044736681629,True,True,102.5
fast_observer,4.75,12.5,12.0,0.0,160.0,-0.44479253430841775,True,True,102.80000000000001
fast_observer,4.75,12.818181818181818,12.0,0.0,160.0,-0.41916917009942783,True,True,103.15
fast_observer,4.75,13.136363636363637,12.0,0.0,160.0,-0.3943919744328991,True,True,103.5
fast_observer,4.75,13.454545454545455,12.0,0.0,160.0,-0.3704210999157474,True,True,103.85000000000001
fast_observer,4.75,13.772727272727273,12.0,0.0,160.0,-0.347218142170409,True,True,104.2
fast_observer,4.75,14.09090909090909,12.0,0.0,160.0,-0.3247463032355175,True,True,104.55000000000001
fast_observer,4.75,14.409090909090908,12.0,0.0,160.0,-0.3029754457500936,True,True,104.9
fast_observer,4.75,14.727272727272727,12.0,0.0,160.0,-0.28187068784115366,True,True,105.30000000000001
fast_observer,4.75,15.045454545454545,12.0,0.0,160.0,-0.2614029674994088,True,True,105.65
fast_observer,4.75,15.363636363636363,12.0,0.0,160.0,-0.2415465314245251,True,True,106.05000000000001
fast_observer,4.75,15.681818181818182,12.0,0.0,160.0,-0.22227353834521718,True,True,106.45
fast_observer,4.75,16.0,12.0,0.0,160.0,-0.2035589213624696,True,True,106.85000000000001
fast_observer,4.875,2.0,12.0,0.0,160.0,-2.505235234728167,True,True,96.80000000000001
fast_observer,4.875,2.3181818181818183,12.0,0.0,160.0,-2.3670173090961137,True,True,96.85000000000001
fast_observer,4.875,2.6363636363636362,12.0,0.0,160.0,-2.239895206591846,True,True,96.9
fast_observer,4.875,2.9545454545454546,12.0,0.0,160.0,-2.1224582117339232,True,True,97.0
fast_observer,4.875,3.2727272727272725,12.0,0.0,160.0,-2.0134515988980177,True,True,97.05000000000001
fast_observer,4.875,3.590909090909091,12.0,0.0,160.0,-1.9119441129146062,True,True,97.15
fast_observer,4.875,3.909090909090909,12.0,0.0,160.0,-1.8171245585360722,True,True,97.25
fast_observer,4.875,4.227272727272727,12.0,0.0,160.0,-1.7282750900920358,True,True,97.35000000000001
fast_observer,4.875,4.545454545454545,12.0,0.0,160.0,-1.6448068186102367,True,True,97.5
fast_observer,4.875,4.863636363636363,12.0,0.0,160.0,-1.5662235026206512,True,True,97.60000000000001
fast_observer,4.875,5.181818181818182,12.0,0.0,160.0,-1.4920948088070207,True,True,97.75
fast_observer,4.875,5.5,12.0,0.0,160.0,-1.4220304754609303,True,True,97.9
fast_observer,4.875,5.818181818181818,12.0,0.0,160.0,-1.3556808708436754,True,True,98.05000000000001
fast_observer,4.875,6.136363636363637,12.0,0.0,160.0,-1.2927758452289577,True,True,98.2
fast_observer,4.875,6.454545454545454,12.0,0.0,160.0,-1.2330222806113253,True,True,98.35000000000001
fast_observer,4.875,6.7727272727272725,12.0,0.0,160.0,-1.17619265772989,True,True,98.55000000000001
fast_observer,4.875,7.090909090909091,12.0,0.0,160.0,-1.122076790762854,True,True,98.7
fast_observer,4.875,7.409090909090909,12.0,0.0,160.0,-1.0704818113277887,True,True,98.9
fast_observer,4.875,7.7272727272727275,12.0,0.0,160.0,-1.021231419729512,True,True,99.10000000000001
fast_observer,4.875,8.045454545454545,12.0,0.0,160.0,-0.9741647722762578,True,True,99.30000000000001
fast_observer,4.875,8.363636363636363,12.0,0.0,160.0,-0.929146716201378,True,True,99.55000000000001
fast_observer,4.875,8.681818181818182,12.0,0.0,160.0,-0.88604028928688,True,True,99.75
fast_observer,4.875,9.0,12.0,0.0,160.0,-0.8447313031577989,True,True,100.0
fast_observer,4.875,9.318181818181818,12.0,0.0,160.0,-0.8051038338370929,True,True,100.25
fast_observer,4.875,9.636363636363637,12.0,0.0,160.0,-0.7670610854981263,True,True,100.5
fast_observer,4.875,9.954545454545453,12.0,0.0,160.0,-0.730513672355503,True,True,100.75
fast_observer,4.875,10.272727272727273,12.0,0.0,160.0,-0.6953718525624112,True,True,101.0
fast_observer,4.875,10.59090909090909,12.0,0.0,160.0,-0.6615572467529811,True,True,101.30000000000001
fast_observer,4.875,10.909090909090908,12.0,0.0,160.0,-0.6289968770425134,True,True,101.60000000000001
fast_observer,4.875,11.227272727272727,12.0,0.0,160.0,-0.5976244561429085,True,True,101.9
fast_observer,4.875,11.545454545454545,12.0,0.0,160.0,-0.5673776890736162,True,True,102.2
fast_observer,4.875,11.863636363636363,12.0,0.0,160.0,-0.538195585020198,True,True,102.5
fast_observer,4.875,12.181818181818182,12.0,0.0,160.0,-0.5100230124489037,True,True,102.80000000000001
fast_observer,4.875,12.5,12.0,0.0,160.0,-0.4828133904744286,True,True,103.15
fast_observer,4.875,12.818181818181818,12.0,0.0,160.0,-0.45651572720730765,True,True,103.45
fast_observer,4.875,13.136363636363637,12.0,0.0,160.0,-0.43108650007587,True,True,103.80000000000001
fast_observer,4.875,13.454545454545455,12.0,0.0,160.0,-0.40648481307142514,True,True,104.15
fast_observer,4.875,13.772727272727273,12.0,0.0,160.0,-0.38267125117489387,True,True,104.5
fast_observer,4.875,14.09090909090909,12.0,0.0,160.0,-0.35960804805750435,True,True,104.85000000000001
fast_observer,4.875,14.409090909090908,12.0,0.0,160.0,-0.3372642732698332,True,True,105.25
fast_observer,4.875,14.727272727272727,12.0,0.0,160.0,-0.31560412699486784,True,True,105.60000000000001
fast_observer,4.875,15.045454545454545,12.0,0.0,160.0,-0.29459778243360407,True,True,106.0
fast_observer,4.875,15.363636363636363,12.0,0.0,160.0,-0.2742188085672757,True,True,106.35000000000001
fast_observer,4.875,15.681818181818182,12.0,0.0,160.0,-0.2544386314595646,True,True,106.75
fast_observer,4.875,16.0,12.0,0.0,160.0,-0.23523152455621896,True,True,107.15
fast_observer,5.0,2.0,12.0,0.0,160.0,-2.595113061259659,True,True,97.10000000000001
fast_observer,5.0,2.3181818181818183,12.0,0.0,160.0,-2.453351086252425,True,True,97.15
fast_observer,5.0,2.6363636363636362,12.0,0.0,160.0,-2.3229694426583034,True,True,97.2
fast_observer,5.0,2.9545454545454546,12.0,0.0,160.0,-2.2025212428040253,True,True,97.30000000000001
fast_observer,5.0,3.2727272727272725,12.0,0.0,160.0,-2.090719588613351,True,True,97.35000000000001
fast_observer,5.0,3.590909090909091,12.0,0.0,160.0,-1.986609346579082,True,True,97.45
fast_observer,5.0,3.909090909090909,12.0,0.0,160.0,-1.8893585215754594,True,True,97.55000000000001
fast_observer,5.0,4.227272727272727,12.0,0.0,160.0,-1.7982308616328568,True,True,97.65
fast_observer,5.0,4.545454545454545,12.0,0.0,160.0,-1.7126223780617817,True,True,97.80000000000001
fast_observer,5.0,4.863636363636363,12.0,0.0,160.0,-1.63202410525195,True,True,97.9
fast_observer,5.0,5.181818181818182,12.0,0.0,160.0,-1.5559946756995093,True,True,98.05000000000001
fast_observer,5.0,5.5,12.0,0.0,160.0,-1.4841338209855686,True,True,98.2
fast_observer,5.0,5.818181818181818,12.0,0.0,160.0,-1.416082944455052,True,True,98.35000000000001
fast_observer,5.0,6.136363636363637,12.0,0.0,160.0,-1.351564969465598,True,True,98.5
fast_observer,5.0,6.454545454545454,12.0,0.0,160.0,-1.290279262165462,True,True,98.65
fast_observer,5.0,6.7727272727272725,12.0,0.0,160.0,-1.231992469466554,True,True,98.85000000000001
fast_observer,5.0,7.090909090909091,12.0,0.0,160.0,-1.1764890161670298,True,True,99.0
fast_observer,5.0,7.409090909090909,12.0,0.0,160.0,-1.1235710885413213,True,True,99.2
fast_observer,5.0,7.7272727272727275,12.0,0.0,160.0,-1.0730578663892434,True,True,99.4
fast_observer,5.0,8.045454545454545,12.0,0.0,160.0,-1.0247843818218025,True,True,99.60000000000001
fast_observer,5.0,8.363636363636363,12.0,0.0,160.0,-0.9786120166167982,True,True,99.85000000000001
fast_observer,5.0,8.681818181818182,12.0,0.0,160.0,-0.9344002967044921,True,True,100.05000000000001
fast_observer,5.0,9.0,12.0,0.0,160.0,-0.892032105802871,True,True,100.30000000000001
fast_observer,5.0,9.318181818181818,12.0,0.0,160.0,-0.8513885475252237,True,True,100.55000000000001
fast_observer,5.0,9.636363636363637,12.0,0.0,160.0,-0.812370344100642,True,True,100.80000000000001
fast_observer,5.0,9.954545454545453,12.0,0.0,160.0,-0.7748858178005156,True,True,101.05000000000001
fast_observer,5.0,10.272727272727273,12.0,0.0,160.0,-0.7388429257050372,True,True,101.35000000000001
fast_observer,5.0,10.59090909090909,12.0,0.0,160.0,-0.7041612787210053,True,True,101.60000000000001
fast_observer,5.0,10.909090909090908,12.0,0.0,160.0,-0.6707660277359112,True,True,101.9
fast_observer,5.0,11.227272727272727,12.0,0.0,160.0,-0.6385891857875992,True,True,102.2
fast_observer,5.0,11.545454545454545,12.0,0.0,160.0,-0.6075668605883243,True,True,102.5
fast_observer,5.0,11.863636363636363,12.0,0.0,160.0,-0.5776364974566134,True,True,102.80000000000001
fast_observer,5.0,12.181818181818182,12.0,0.0,160.0,-0.5487415512296445,True,True,103.10000000000001
fast_observer,5.0,12.5,12.0,0.0,160.0,-0.5208342466404398,True,True,103.45
fast_observer,5.0,12.818181818181818,12.0,0.0,160.0,-0.4938622843151876,True,True,103.75
fast_observer,5.0,13.136363636363637,12.0,0.0,160.0,-0.4677810257188412,True,True,104.10000000000001
fast_observer,5.0,13.454545454545455,12.0,0.0,160.0,-0.4425485262271025,True,True,104.45
fast_observer,5.0,13.772727272727273,12.0,0.0,160.0,-0.4181243601793782,True,True,104.80000000000001
fast_observer,5.0,14.09090909090909,12.0,0.0,160.0,-0.39446979287949197,True,True,105.15
fast_observer,5.0,14.409090909090908,12.0,0.0,160.0,-0.3715531007895728,True,True,105.55000000000001
fast_observer,5.0,14.727272727272727,12.0,0.0,160.0,-0.34933756614858263,True,True,105.9
fast_observer,5.0,15.045454545454545,12.0,0.0,160.0,-0.32779259736779903,True,True,106.30000000000001
fast_observer,5.0,15.363636363636363,12.0,0.0,160.0,-0.30689108571002655,True,True,106.7
fast_observer,5.0,15.681818181818182,12.0,0.0,160.0,-0.286603724573913,True,True,107.05000000000001
fast_observer,5.0,16.0,12.0,0.0,160.0,-0.2669041277499683,True,True,107.45
fast_observer,5.125,2.0,12.0,0.0,160.0,-2.684990887791152,True,True,97.4
fast_observer,5.125,2.3181818181818183,12.0,0.0,160.0,-2.539684863408735,True,True,97.45
fast_observer,5.125,2.6363636363636362,12.0,0.0,160.0,-2.4060436787247617,True,True,97.5
fast_observer,5.125,2.9545454545454546,12.0,0.0,160.0,-2.282584273874124,True,True,97.60000000000001
fast_observer,5.125,3.2727272727272725,12.0,0.0,160.0,-2.167987578328686,True,True,97.65
fast_observer,5.125,3.590909090909091,12.0,0.0,160.0,-2.06127458024356,True,True,97.75
fast_observer,5.125,3.909090909090909,12.0,0.0,160.0,-1.9615924846148463,True,True,97.85000000000001
fast_observer,5.125,4.227272727272727,12.0,0.0,160.0,-1.8681866331736785,True,True,97.95
fast_observer,5.125,4.545454545454545,12.0,0.0,160.0,-1.7804379375133246,True,True,98.10000000000001
fast_observer,5.125,4.863636363636363,12.0,0.0,160.0,-1.6978247078832491,True,True,98.2
fast_observer,5.125,5.181818181818182,12.0,0.0,160.0,-1.6198945425919962,True,True,98.35000000000001
fast_observer,5.125,5.5,12.0,0.0,160.0,-1.5462371665102081,True,True,98.5
fast_observer,5.125,5.818181818181818,12.0,0.0,160.0,-1.4764850180664273,True,True,98.65
fast_observer,5.125,6.136363636363637,12.0,0.0,160.0,-1.410354093702237,True,True,98.80000000000001
fast_observer,5.125,6.454545454545454,12.0,0.0,160.0,-1.3475362437195983,True,True,98.95
fast_observer,5.125,6.7727272727272725,12.0,0.0,160.0,-1.287792281203217,True,True,99.15
fast_observer,5.125,7.090909090909091,12.0,0.0,160.0,-1.2309012415712057,True,True,99.30000000000001
fast_observer,5.125,7.409090909090909,12.0,0.0,160.0,-1.176660365754855,True,True,99.5
fast_observer,5.125,7.7272727272727275,12.0,0.0,160.0,-1.1248843130489727,True,True,99.7
fast_observer,5.125,8.045454545454545,12.0,0.0,160.0,-1.075403991367347,True,True,99.9
fast_observer,5.125,8.363636363636363,12.0,0.0,160.0,-1.028077317032217,True,True,100.15
fast_observer,5.125,8.681818181818182,12.0,0.0,160.0,-0.982760304122104,True,True,100.35000000000001
fast_observer,5.125,9.0,12.0,0.0,160.0,-0.9393329084479424,True,True,100.60000000000001
fast_observer,5.125,9.318181818181818,12.0,0.0,160.0,-0.897673261213354,True,True,100.85000000000001
fast_observer,5.125,9.636363636363637,12.0,0.0,160.0,-0.8576796027031589,True,True,101.10000000000001
fast_observer,5.125,9.954545454545453,12.0,0.0,160.0,-0.8192579632455291,True,True,101.35000000000001
fast_observer,5.125,10.272727272727273,12.0,0.0,160.0,-0.782313998847663,True,True,101.60000000000001
fast_observer,5.125,10.59090909090909,12.0,0.0,160.0,-0.7467653106890311,True,True,101.9
fast_observer,5.125,10.909090909090908,12.0,0.0,160.0,-0.7125351784293092,True,True,102.2
fast_observer,5.125,11.227272727272727,12.0,0.0,160.0,-0.679553915432289,True,True,102.5
fast_observer,5.125,11.545454545454545,12.0,0.0,160.0,-0.6477560321030328,True,True,102.80000000000001
fast_observer,5.125,11.863636363636363,12.0,0.0,160.0,-0.6170774098930287,True,True,103.10000000000001
fast_observer,5.125,12.181818181818182,12.0,0.0,160.0,-0.5874600900103863,True,True,103.4
fast_observer,5.125,12.5,12.0,0.0,160.0,-0.5588551028064507,True,True,103.75
fast_observer,5.125,12.818181818181818,12.0,0.0,160.0,-0.5312088414230675,True,True,104.05000000000001
fast_observer,5.125,13.136363636363637,12.0,0.0,160.0,-0.5044755513618121,True,True,104.4
fast_observer,5.125,13.454545454545455,12.0,0.0,160.0,-0.4786122393827799,True,True,104.75
fast_observer,5.125,13.772727272727273,12.0,0.0,160.0,-0.45357746918386277,True,True,105.10000000000001
fast_observer,5.125,14.09090909090909,12.0,0.0,160.0,-0.42933153770147947,True,True,105.45
fast_observer,5.125,14.409090909090908,12.0,0.0,160.0,-0.40584192830931154,True,True,105.85000000000001
fast_observer,5.125,14.727272727272727,12.0,0.0,160.0,-0.3830710053022974,True,True,106.2
fast_observer,5.125,15.045454545454545,12.0,0.0,160.0,-0.36098741230199416,True,True,106.60000000000001
fast_observer,5.125,15.363636363636363,12.0,0.0,160.0,-0.33956336285277705,True,True,107.0
fast_observer,5.125,15.681818181818182,12.0,0.0,160.0,-0.31876881768826054,True,True,107.35000000000001
fast_observer,5.125,16.0,12.0,0.0,160.0,-0.2985767309437171,True,True,107.75
fast_observer,5.25,2.0,12.0,0.0,160.0,-2.7748687143226425,True,True,97.65
fast_observer,5.25,2.3181818181818183,12.0,0.0,160.0,-2.6260186405650456,True,True,97.75
fast_observer,5.25,2.6363636363636362,12.0,0.0,160.0,-2.48911791479122,True,True,97.80000000000001
fast_observer,5.25,2.9545454545454546,12.0,0.0,160.0,-2.362647304944224,True,True,97.85000000000001
fast_observer,5.25,3.2727272727272725,12.0,0.0,160.0,-2.2452555680440187,True,True,97.95
fast_observer,5.25,3.590909090909091,12.0,0.0,160.0,-2.135939813908038,True,True,98.05000000000001
fast_observer,5.25,3.909090909090909,12.0,0.0,160.0,-2.0338264476542327,True,True,98.15
fast_observer,5.25,4.227272727272727,12.0,0.0,160.0,-1.9381424047144997,True,True,98.25
fast_observer,5.25,4.545454545454545,12.0,0.0,160.0,-1.8482534969648698,True,True,98.35000000000001
fast_observer,5.25,4.863636363636363,12.0,0.0,160.0,-1.7636253105145465,True,True,98.5
fast_observer,5.25,5.181818181818182,12.0,0.0,160.0,-1.6837944094844846,True,True,98.65
fast_observer,5.25,5.5,12.0,0.0,160.0,-1.608340512034848,True,True,98.75
fast_observer,5.25,5.818181818181818,12.0,0.0,160.0,-1.536887091677804,True,True,98.9
fast_observer,5.25,6.136363636363637,12.0,0.0,160.0,-1.4691432179388781,True,True,99.10000000000001
fast_observer,5.25,6.454545454545454,12.0,0.0,160.0,-1.4047932252737345,True,True,99.25
fast_observer,5.25,6.7727272727272725,12.0,0.0,160.0,-1.3435920929398824,True,True,99.4
fast_observer,5.25,7.090909090909091,12.0,0.0,160.0,-1.2853134669753818,True,True,99.60000000000001
fast_observer,5.25,7.409090909090909,12.0,0.0,160.0,-1.2297496429683883,True,True,99.80000000000001
fast_observer,5.25,7.7272727272727275,12.0,0.0,160.0,-1.1767107597087048,True,True,100.0
fast_observer,5.25,8.045454545454545,12.0,0.0,160.0,-1.1260236009128926,True,True,100.2
fast_observer,5.25,8.363636363636363,12.0,0.0,160.0,-1.0775426174476381,True,True,100.45
fast_observer,5.25,8.681818181818182,12.0,0.0,160.0,-1.0311203115397172,True,True,100.65
fast_observer,5.25,9.0,12.0,0.0,160.0,-0.9866337110930148,True,True,100.9
fast_observer,5.25,9.318181818181818,12.0,0.0,160.0,-0.9439579749014851,True,True,101.15
fast_observer,5.25,9.636363636363637,12.0,0.0,160.0,-0.9029888613056748,True,True,101.4
fast_observer,5.25,9.954545454545453,12.0,0.0,160.0,-0.8636301086905417,True,True,101.65
fast_observer,5.25,10.272727272727273,12.0,0.0,160.0,-0.8257850719902885,True,True,101.9
fast_observer,5.25,10.59090909090909,12.0,0.0,160.0,-0.7893693426570569,True,True,102.2
fast_observer,5.25,10.909090909090908,12.0,0.0,160.0,-0.7543043291227066,True,True,102.45
fast_observer,5.25,11.227272727272727,12.0,0.0,160.0,-0.7205186450769789,True,True,102.75
fast_observer,5.25,11.545454545454545,12.0,0.0,160.0,-0.687945203617741,True,True,103.05000000000001
fast_observer,5.25,11.863636363636363,12.0,0.0,160.0,-0.656518322329444,True,True,103.4
fast_observer,5.25,12.181818181818182,12.0,0.0,160.0,-0.6261786287911272,True,True,103.7
fast_observer,5.25,12.5,12.0,0.0,160.0,-0.5968759589724618,True,True,104.0
fast_observer,5.25,12.818181818181818,12.0,0.0,160.0,-0.5685553985309466,True,True,104.35000000000001
fast_observer,5.25,13.136363636363637,12.0,0.0,160.0,-0.5411700770047831,True,True,104.7
fast_observer,5.25,13.454545454545455,12.0,0.0,160.0,-0.5146759525384575,True,True,105.05000000000001
fast_observer,5.25,13.772727272727273,12.0,0.0,160.0,-0.4890305781883472,True,True,105.4
fast_observer,5.25,14.09090909090909,12.0,0.0,160.0,-0.4641932825234667,True,True,105.75
fast_observer,5.25,14.409090909090908,12.0,0.0,160.0,-0.44013075582905076,True,True,106.15
fast_observer,5.25,14.727272727272727,12.0,0.0,160.0,-0.4168044444560117,True,True,106.5
fast_observer,5.25,15.045454545454545,12.0,0.0,160.0,-0.394182227236189,True,True,106.9
fast_observer,5.25,15.363636363636363,12.0,0.0,160.0,-0.37223563999552756,True,True,107.25
fast_observer,5.25,15.681818181818182,12.0,0.0,160.0,-0.35093391080260833,True,True,107.65
fast_observer,5.25,16.0,12.0,0.0,160.0,-0.3302493341374663,True,True,108.05000000000001
fast_observer,5.375,2.0,12.0,0.0,160.0,-2.8647465408541324,True,True,97.95
fast_observer,5.375,2.3181818181818183,12.0,0.0,160.0,-2.712352417721356,True,True,98.0
fast_observer,5.375,2.6363636363636362,12.0,0.0,160.0,-2.572192150857677,True,True,98.10000000000001
fast_observer,5.375,2.9545454545454546,12.0,0.0,160.0,-2.4427103360143243,True,True,98.15
fast_observer,5.375,3.2727272727272725,12.0,0.0,160.0,-2.3225235577593546,True,True,98.25
fast_observer,5.375,3.590909090909091,12.0,0.0,160.0,-2.2106050475725136,True,True,98.35000000000001
fast_observer,5.375,3.909090909090909,12.0,0.0,160.0,-2.1060604106936207,True,True,98.45
fast_observer,5.375,4.227272727272727,12.0,0.0,160.0,-2.008098176255322,True,True,98.55000000000001
fast_observer,5.375,4.545454545454545,12.0,0.0,160.0,-1.9160690564164145,True,True,98.65
fast_observer,5.375,4.863636363636363,12.0,0.0,160.0,-1.8294259131458466,True,True,98.80000000000001
fast_observer,5.375,5.181818181818182,12.0,0.0,160.0,-1.7476942763769725,True,True,98.9
fast_observer,5.375,5.5,12.0,0.0,160.0,-1.670443857559486,True,True,99.05000000000001
fast_observer,5.375,5.818181818181818,12.0,0.0,160.0,-1.5972891652891814,True,True,99.2
fast_observer,5.375,6.136363636363637,12.0,0.0,160.0,-1.5279323421755175,True,True,99.35000000000001
fast_observer,5.375,6.454545454545454,12.0,0.0,160.0,-1.462050206827872,True,True,99.55000000000001
fast_observer,5.375,6.7727272727272725,12.0,0.0,160.0,-1.3993919046765453,True,True,99.7
fast_observer,5.375,7.090909090909091,12.0,0.0,160.0,-1.3397256923795569,True,True,99.9
fast_observer,5.375,7.409090909090909,12.0,0.0,160.0,-1.2828389201819221,True,True,100.10000000000001
fast_observer,5.375,7.7272727272727275,12.0,0.0,160.0,-1.228537206368436,True,True,100.30000000000001
fast_observer,5.375,8.045454545454545,12.0,0.0,160.0,-1.1766432104584374,True,True,100.5
fast_observer,5.375,8.363636363636363,12.0,0.0,160.0,-1.1270079178630588,True,True,100.7
fast_observer,5.375,8.681818181818182,12.0,0.0,160.0,-1.0794803189573292,True,True,100.95
fast_observer,5.375,9.0,12.0,0.0,160.0,-1.0339345137380862,True,True,101.15
fast_observer,5.375,9.318181818181818,12.0,0.0,160.0,-0.9902426885896147,True,True,101.4
fast_observer,5.375,9.636363636363637,12.0,0.0,160.0,-0.9482981199081911,True,True,101.65
fast_observer,5.375,9.954545454545453,12.0,0.0,160.0,-0.9080022541355546,True,True,101.9
fast_observer,5.375,10.272727272727273,12.0,0.0,160.0,-0.869256145132915,True,True,102.2
fast_observer,5.375,10.59090909090909,12.0,0.0,160.0,-0.8319733746250814,True,True,102.45
fast_observer,5.375,10.909090909090908,12.0,0.0,160.0,-0.796073479816105,True,True,102.75
fast_observer,5.375,11.227272727272727,12.0,0.0,160.0,-0.7614833747216695,True,True,103.05000000000001
fast_observer,5.375,11.545454545454545,12.0,0.0,160.0,-0.7281343751324487,True,True,103.35000000000001
fast_observer,5.375,11.863636363636363,12.0,0.0,160.0,-0.6959592347658591,True,True,103.65
fast_observer,5.375,12.181818181818182,12.0,0.0,160.0,-0.6648971675718689,True,True,104.0
fast_observer,5.375,12.5,12.0,0.0,160.0,-0.6348968151384723,True,True,104.30000000000001
fast_observer,5.375,12.818181818181818,12.0,0.0,160.0,-0.6059019556388261,True,True,104.65
fast_observer,5.375,13.136363636363637,12.0,0.0,160.0,-0.5778646026477546,True,True,105.0
fast_observer,5.375,13.454545454545455,12.0,0.0,160.0,-0.5507396656941357,True,True,105.35000000000001
fast_observer,5.375,13.772727272727273,12.0,0.0,160.0,-0.5244836871928312,True,True,105.7
fast_observer,5.375,14.09090909090909,12.0,0.0,160.0,-0.4990550273454537,True,True,106.05000000000001
fast_observer,5.375,14.409090909090908,12.0,0.0,160.0,-0.47441958334879,True,True,106.4
fast_observer,5.375,14.727272727272727,12.0,0.0,160.0,-0.45053788360972635,True,True,106.80000000000001
fast_observer,5.375,15.045454545454545,12.0,0.0,160.0,-0.42737704217038414,True,True,107.15
fast_observer,5.375,15.363636363636363,12.0,0.0,160.0,-0.4049079171382781,True,True,107.55000000000001
fast_observer,5.375,15.681818181818182,12.0,0.0,160.0,-0.3830990039169565,True,True,107.95
fast_observer,5.375,16.0,12.0,0.0,160.0,-0.36192193733121597,True,True,108.35000000000001
fast_observer,5.5,2.0,12.0,0.0,160.0,-2.954624367385627,True,True,98.25
fast_observer,5.5,2.3181818181818183,12.0,0.0,160.0,-2.7986861948776682,True,True,98.30000000000001
fast_observer,5.5,2.6363636363636362,12.0,0.0,160.0,-2.6552663869241346,True,True,98.35000000000001
fast_observer,5.5,2.9545454545454546,12.0,0.0,160.0,-2.5227733670844246,True,True,98.45
fast_observer,5.5,3.2727272727272725,12.0,0.0,160.0,-2.3997915474746874,True,True,98.5
fast_observer,5.5,3.590909090909091,12.0,0.0,160.0,-2.2852702812369907,True,True,98.60000000000001
fast_observer,5.5,3.909090909090909,12.0,0.0,160.0,-2.178294373733006,True,True,98.7
fast_observer,5.5,4.227272727272727,12.0,0.0,160.0,-2.078053947796144,True,True,98.80000000000001
fast_observer,5.5,4.545454545454545,12.0,0.0,160.0,-1.9838846158679586,True,True,98.95
fast_observer,5.5,4.863636363636363,12.0,0.0,160.0,-1.8952265157771453,True,True,99.05000000000001
fast_observer,5.5,5.181818181818182,12.0,0.0,160.0,-1.8115941432694602,True,True,99.2
fast_observer,5.5,5.5,12.0,0.0,160.0,-1.7325472030841265,True,True,99.35000000000001
fast_observer,5.5,5.818181818181818,12.0,0.0,160.0,-1.657691238900557,True,True,99.5
fast_observer,5.5,6.136363636363637,12.0,0.0,160.0,-1.586721466412157,True,True,99.65
fast_observer,5.5,6.454545454545454,12.0,0.0,160.0,-1.5193071883820086,True,True,99.80000000000001
fast_observer,5.5,6.7727272727272725,12.0,0.0,160.0,-1.4551917164132095,True,True,100.0
fast_observer,5.5,7.090909090909091,12.0,0.0,160.0,-1.3941379177837325,True,True,100.15
fast_observer,5.5,7.409090909090909,12.0,0.0,160.0,-1.3359281973954542,True,True,100.35000000000001
fast_observer,5.5,7.7272727272727275,12.0,0.0,160.0,-1.2803636530281681,True,True,100.55000000000001
fast_observer,5.5,8.045454545454545,12.0,0.0,160.0,-1.2272628200039826,True,True,100.75
fast_observer,5.5,8.363636363636363,12.0,0.0,160.0,-1.176473218278478,True,True,101.0
fast_observer,5.5,8.681818181818182,12.0,0.0,160.0,-1.1278403263749406,True,True,101.2
fast_observer,5.5,9.0,12.0,0.0,160.0,-1.081235316383158,True,True,101.45
fast_observer,5.5,9.318181818181818,12.0,0.0,160.0,-1.0365274022777462,True,True,101.7
fast_observer,5.5,9.636363636363637,12.0,0.0,160.0,-0.9936073785107065,True,True,101.95
fast_observer,5.5,9.954545454545453,12.0,0.0,160.0,-0.9523743995805678,True,True,102.2
fast_observer,5.5,10.272727272727273,12.0,0.0,160.0,-0.9127272182755397,True,True,102.45
fast_observer,5.5,10.59090909090909,12.0,0.0,160.0,-0.8745774065931063,True,True,102.75
fast_observer,5.5,10.909090909090908,12.0,0.0,160.0,-0.8378426305095027,True,True,103.05000000000001
fast_observer,5.5,11.227272727272727,12.0,0.0,160.0,-0.802448104366359,True,True,103.35000000000001
fast_observer,5.5,11.545454545454545,12.0,0.0,160.0,-0.768323546647157,True,True,103.65
fast_observer,5.5,11.863636363636363,12.0,0.0,160.0,-0.7354001472022743,True,True,103.95
fast_observer,5.5,12.181818181818182,12.0,0.0,160.0,-0.7036157063526101,True,True,104.25
fast_observer,5.5,12.5,12.0,0.0,160.0,-0.6729176713044835,True,True,104.60000000000001
fast_observer,5.5,12.818181818181818,12.0,0.0,160.0,-0.6432485127467058,True,True,104.9
fast_observer,5.5,13.136363636363637,12.0,0.0,160.0,-0.6145591282907256,True,True,105.25
fast_observer,5.5,13.454545454545455,12.0,0.0,160.0,-0.586803378849813,True,True,105.60000000000001
fast_observer,5.5,13.772727272727273,12.0,0.0,160.0,-0.5599367961973158,True,True,105.95
fast_observer,5.5,14.09090909090909,12.0,0.0,160.0,-0.5339167721674409,True,True,106.30000000000001
fast_observer,5.5,14.409090909090908,12.0,0.0,160.0,-0.5087084108685295,True,True,106.7
fast_observer,5.5,14.727272727272727,12.0,0.0,160.0,-0.4842713227634408,True,True,107.05000000000001
fast_observer,5.5,15.045454545454545,12.0,0.0,160.0,-0.46057185710457904,True,True,107.45
fast_observer,5.5,15.363636363636363,12.0,0.0,160.0,-0.4375801942810292,True,True,107.85000000000001
fast_observer,5.5,15.681818181818182,12.0,0.0,160.0,-0.41526409703130396,True,True,108.25
fast_observer,5.5,16.0,12.0,0.0,160.0,-0.3935945405249648,True,True,108.65
fast_observer,5.625,2.0,12.0,0.0,160.0,-3.0445021939171166,True,True,98.5
fast_observer,5.625,2.3181818181818183,12.0,0.0,160.0,-2.885019972033977,True,True,98.55000000000001
fast_observer,5.625,2.6363636363636362,12.0,0.0,160.0,-2.738340622990592,True,True,98.60000000000001
fast_observer,5.625,2.9545454545454546,12.0,0.0,160.0,-2.6028363981545284,True,True,98.7
fast_observer,5.625,3.2727272727272725,12.0,0.0,160.0,-2.477059537190022,True,True,98.80000000000001
fast_observer,5.625,3.590909090909091,12.0,0.0,160.0,-2.359935514901469,True,True,98.85000000000001
fast_observer,5.625,3.909090909090909,12.0,0.0,160.0,-2.2505283367723936,True,True,98.95
fast_observer,5.625,4.227272727272727,12.0,0.0,160.0,-2.148009719336964,True,True,99.10000000000001
fast_observer,5.625,4.545454545454545,12.0,0.0,160.0,-2.051700175319504,True,True,99.2
fast_observer,5.625,4.863636363636363,12.0,0.0,160.0,-1.9610271184084438,True,True,99.30000000000001
fast_observer,5.625,5.181818181818182,12.0,0.0,160.0,-1.8754940101619482,True,True,99.45
fast_observer,5.625,5.5,12.0,0.0,160.0,-1.7946505486087654,True,True,99.60000000000001
fast_observer,5.625,5.818181818181818,12.0,0.0,160.0,-1.7180933125119342,True,True,99.75
fast_observer,5.625,6.136363636363637,12.0,0.0,160.0,-1.6455105906487975,True,True,99.9
fast_observer,5.625,6.454545454545454,12.0,0.0,160.0,-1.5765641699361446,True,True,100.05000000000001
fast_observer,5.625,6.7727272727272725,12.0,0.0,160.0,-1.510991528149872,True,True,100.25
fast_observer,5.625,7.090909090909091,12.0,0.0,160.0,-1.4485501431879086,True,True,100.45
fast_observer,5.625,7.409090909090909,12.0,0.0,160.0,-1.3890174746089876,True,True,100.60000000000001
fast_observer,5.625,7.7272727272727275,12.0,0.0,160.0,-1.3321900996878986,True,True,100.85000000000001
fast_observer,5.625,8.045454545454545,12.0,0.0,160.0,-1.2778824295495286,True,True,101.05000000000001
fast_observer,5.625,8.363636363636363,12.0,0.0,160.0,-1.2259385186938982,True,True,101.25
fast_observer,5.625,8.681818181818182,12.0,0.0,160.0,-1.1762003337925535,True,True,101.5
fast_observer,5.625,9.0,12.0,0.0,160.0,-1.1285361190282297,True,True,101.7
fast_observer,5.625,9.318181818181818,12.0,0.0,160.0,-1.0828121159658775,True,True,101.95
fast_observer,5.625,9.636363636363637,12.0,0.0,160.0,-1.0389166371132221,True,True,102.2
fast_observer,5.625,9.954545454545453,12.0,0.0,160.0,-0.9967465450255801,True,True,102.45
fast_observer,5.625,10.272727272727273,12.0,0.0,160.0,-0.9561982914181668,True,True,102.75
fast_observer,5.625,10.59090909090909,12.0,0.0,160.0,-0.9171814385611322,True,True,103.0
fast_observer,5.625,10.909090909090908,12.0,0.0,160.0,-0.8796117812029003,True,True,103.30000000000001
fast_observer,5.625,11.227272727272727,12.0,0.0,160.0,-0.8434128340110492,True,True,103.60000000000001
fast_observer,5.625,11.545454545454545,12.0,0.0,160.0,-0.8085127181618652,True,True,103.9
fast_observer,5.625,11.863636363636363,12.0,0.0,160.0,-0.7748410596386904,True,True,104.2
fast_observer,5.625,12.181818181818182,12.0,0.0,160.0,-0.74233424513335,True,True,104.5
fast_observer,5.625,12.5,12.0,0.0,160.0,-0.7109385274704951,True,True,104.85000000000001
fast_observer,5.625,12.818181818181818,12.0,0.0,160.0,-0.6805950698545862,True,True,105.2
fast_observer,5.625,13.136363636363637,12.0,0.0,160.0,-0.6512536539336959,True,True,105.55000000000001
fast_observer,5.625,13.454545454545455,12.0,0.0,160.0,-0.6228670920054906,True,True,105.9
fast_observer,5.625,13.772727272727273,12.0,0.0,160.0,-0.5953899052018004,True,True,106.25
fast_observer,5.625,14.09090909090909,12.0,0.0,160.0,-0.5687785169894285,True,True,106.60000000000001
fast_observer,5.625,14.409090909090908,12.0,0.0,160.0,-0.5429972383882685,True,True,106.95
fast_observer,5.625,14.727272727272727,12.0,0.0,160.0,-0.5180047619171557,True,True,107.35000000000001
fast_observer,5.625,15.045454545454545,12.0,0.0,160.0,-0.4937666720387737,True,True,107.7
fast_observer,5.625,15.363636363636363,12.0,0.0,160.0,-0.4702524714237797,True,True,108.10000000000001
fast_observer,5.625,15.681818181818182,12.0,0.0,160.0,-0.4474291901456516,True,True,108.5
fast_observer,5.625,16.0,12.0,0.0,160.0,-0.4252671437187141,True,True,108.9
fast_observer,5.75,2.0,12.0,0.0,160.0,-3.1343800204486056,True,True,98.75
fast_observer,5.75,2.3181818181818183,12.0,0.0,160.0,-2.971353749190289,True,True,98.80000000000001
fast_observer,5.75,2.6363636363636362,12.0,0.0,160.0,-2.8214148590570516,True,True,98.9
fast_observer,5.75,2.9545454545454546,12.0,0.0,160.0,-2.6828994292246273,True,True,98.95
fast_observer,5.75,3.2727272727272725,12.0,0.0,160.0,-2.554327526905356,True,True,99.05000000000001
fast_observer,5.75,3.590909090909091,12.0,0.0,160.0,-2.434600748565944,True,True,99.15
fast_observer,5.75,3.909090909090909,12.0,0.0,160.0,-2.3227622998117785,True,True,99.25
fast_observer,5.75,4.227272727272727,12.0,0.0,160.0,-2.217965490877787,True,True,99.35000000000001
fast_observer,5.75,4.545454545454545,12.0,0.0,160.0,-2.1195157347710487,True,True,99.45
fast_observer,5.75,4.863636363636363,12.0,0.0,160.0,-2.0268277210397416,True,True,99.60000000000001
fast_observer,5.75,5.181818181818182,12.0,0.0,160.0,-1.9393938770544357,True,True,99.7
fast_observer,5.75,5.5,12.0,0.0,160.0,-1.8567538941334047,True,True,99.85000000000001
fast_observer,5.75,5.818181818181818,12.0,0.0,160.0,-1.7784953861233084,True,True,100.0
fast_observer,5.75,6.136363636363637,12.0,0.0,160.0,-1.704299714885438,True,True,100.15
fast_observer,5.75,6.454545454545454,12.0,0.0,160.0,-1.6338211514902807,True,True,100.35000000000001
fast_observer,5.75,6.7727272727272725,12.0,0.0,160.0,-1.5667913398865383,True,True,100.5
fast_observer,5.75,7.090909090909091,12.0,0.0,160.0,-1.5029623685920837,True,True,100.7
fast_observer,5.75,7.409090909090909,12.0,0.0,160.0,-1.4421067518225201,True,True,100.9
fast_observer,5.75,7.7272727272727275,12.0,0.0,160.0,-1.3840165463476288,True,True,101.10000000000001
fast_observer,5.75,8.045454545454545,12.0,0.0,160.0,-1.328502039095074,True,True,101.30000000000001
fast_observer,5.75,8.363636363636363,12.0,0.0,160.0,-1.2754038191093173,True,True,101.5
fast_observer,5.75,8.681818181818182,12.0,0.0,160.0,-1.2245603412101658,True,True,101.75
fast_observer,5.75,9.0,12.0,0.0,160.0,-1.175836921673302,True,True,102.0
fast_observer,5.75,9.318181818181818,12.0,0.0,160.0,-1.1290968296540067,True,True,102.2
fast_observer,5.75,9.636363636363637,12.0,0.0,160.0,-1.084225895715739,True,True,102.45
fast_observer,5.75,9.954545454545453,12.0,0.0,160.0,-1.041118690470593,True,True,102.75
fast_observer,5.75,10.272727272727273,12.0,0.0,160.0,-0.9996693645607916,True,True,103.0
fast_observer,5.75,10.59090909090909,12.0,0.0,160.0,-0.9597854705291573,True,True,103.30000000000001
fast_observer,5.75,10.909090909090908,12.0,0.0,160.0,-0.9213809318962983,True,True,103.55000000000001
fast_observer,5.75,11.227272727272727,12.0,0.0,160.0,-0.8843775636557389,True,True,103.85000000000001
fast_observer,5.75,11.545454545454545,12.0,0.0,160.0,-0.8487018896765732,True,True,104.15
fast_observer,5.75,11.863636363636363,12.0,0.0,160.0,-0.8142819720751052,True,True,104.45
fast_observer,5.75,12.181818181818182,12.0,0.0,160.0,-0.7810527839140916,True,True,104.80000000000001
fast_observer,5.75,12.5,12.0,0.0,160.0,-0.748959383636505,True,True,105.10000000000001
fast_observer,5.75,12.818181818181818,12.0,0.0,160.0,-0.7179416269624656,True,True,105.45
fast_observer,5.75,13.136363636363637,12.0,0.0,160.0,-0.6879481795766673,True,True,105.80000000000001
fast_observer,5.75,13.454545454545455,12.0,0.0,160.0,-0.6589308051611679,True,True,106.15
fast_observer,5.75,13.772727272727273,12.0,0.0,160.0,-0.6308430142062853,True,True,106.5
fast_observer,5.75,14.09090909090909,12.0,0.0,160.0,-0.6036402618114154,True,True,106.85000000000001
fast_observer,5.75,14.409090909090908,12.0,0.0,160.0,-0.577286065908008,True,True,107.25
fast_observer,5.75,14.727272727272727,12.0,0.0,160.0,-0.5517382010708703,True,True,107.60000000000001
fast_observer,5.75,15.045454545454545,12.0,0.0,160.0,-0.5269614869729687,True,True,108.0
fast_observer,5.75,15.363636363636363,12.0,0.0,160.0,-0.5029247485665304,True,True,108.4
fast_observer,5.75,15.681818181818182,12.0,0.0,160.0,-0.4795942832599995,True,True,108.75
fast_observer,5.75,16.0,12.0,0.0,160.0,-0.456939746912463,True,True,109.15
fast_observer,5.875,2.0,12.0,0.0,160.0,-3.2242578469800987,True,True,99.0
fast_observer,5.875,2.3181818181818183,12.0,0.0,160.0,-3.0576875263466006,True,True,99.10000000000001
fast_observer,5.875,2.6363636363636362,12.0,0.0,160.0,-2.9044890951235067,True,True,99.15
fast_observer,5.875,2.9545454545454546,12.0,0.0,160.0,-2.762962460294729,True,True,99.2
fast_observer,5.875,3.2727272727272725,12.0,0.0,160.0,-2.6315955166206892,True,True,99.30000000000001
fast_observer,5.875,3.590909090909091,12.0,0.0,160.0,-2.5092659822304224,True,True,99.4
fast_observer,5.875,3.909090909090909,12.0,0.0,160.0,-2.394996262851165,True,True,99.5
fast_observer,5.875,4.227272727272727,12.0,0.0,160.0,-2.287921262418607,True,True,99.60000000000001
fast_observer,5.875,4.545454545454545,12.0,0.0,160.0,-2.1873312942225933,True,True,99.7
fast_observer,5.875,4.863636363636363,12.0,0.0,160.0,-2.0926283236710406,True,True,99.85000000000001
fast_observer,5.875,5.181818181818182,12.0,0.0,160.0,-2.003293743946923,True,True,99.95
fast_observer,5.875,5.5,12.0,0.0,160.0,-1.9188572396580423,True,True,100.10000000000001
fast_observer,5.875,5.818181818181818,12.0,0.0,160.0,-1.8388974597346857,True,True,100.25
fast_observer,5.875,6.136363636363637,12.0,0.0,160.0,-1.7630888391220778,True,True,100.4
fast_observer,5.875,6.454545454545454,12.0,0.0,160.0,-1.691078133044418,True,True,100.60000000000001
fast_observer,5.875,6.7727272727272725,12.0,0.0,160.0,-1.6225911516232012,True,True,100.75
fast_observer,5.875,7.090909090909091,12.0,0.0,160.0,-1.5573745939962598,True,True,100.95
fast_observer,5.875,7.409090909090909,12.0,0.0,160.0,-1.495196029036053,True,True,101.15
fast_observer,5.875,7.7272727272727275,12.0,0.0,160.0,-1.4358429930073606,True,True,101.35000000000001
fast_observer,5.875,8.045454545454545,12.0,0.0,160.0,-1.3791216486406186,True,True,101.55000000000001
fast_observer,5.875,8.363636363636363,12.0,0.0,160.0,-1.3248691195247364,True,True,101.75
fast_observer,5.875,8.681818181818182,12.0,0.0,160.0,-1.2729203486277778,True,True,102.0
fast_observer,5.875,9.0,12.0,0.0,160.0,-1.2231377243183736,True,True,102.25
fast_observer,5.875,9.318181818181818,12.0,0.0,160.0,-1.1753815433421386,True,True,102.5
fast_observer,5.875,9.636363636363637,12.0,0.0,160.0,-1.1295351543182541,True,True,102.75
fast_observer,5.875,9.954545454545453,12.0,0.0,160.0,-1.0854908359156064,True,True,103.0
fast_observer,5.875,10.272727272727273,12.0,0.0,160.0,-1.0431404377034181,True,True,103.25
fast_observer,5.875,10.59090909090909,12.0,0.0,160.0,-1.0023895024971827,True,True,103.55000000000001
fast_observer,5.875,10.909090909090908,12.0,0.0,160.0,-0.9631500825896965,True,True,103.80000000000001
fast_observer,5.875,11.227272727272727,12.0,0.0,160.0,-0.9253422933004292,True,True,104.10000000000001
fast_observer,5.875,11.545454545454545,12.0,0.0,160.0,-0.8888910611912813,True,True,104.4
fast_observer,5.875,11.863636363636363,12.0,0.0,160.0,-0.8537228845115202,True,True,104.75
fast_observer,5.875,12.181818181818182,12.0,0.0,160.0,-0.8197713226948332,True,True,105.05000000000001
fast_observer,5.875,12.5,12.0,0.0,160.0,-0.7869802398025167,True,True,105.35000000000001
fast_observer,5.875,12.818181818181818,12.0,0.0,160.0,-0.7552881840703457,True,True,105.7
fast_observer,5.875,13.136363636363637,12.0,0.0,160.0,-0.7246427052196386,True,True,106.05000000000001
fast_observer,5.875,13.454545454545455,12.0,0.0,160.0,-0.6949945183168456,True,True,106.4
fast_observer,5.875,13.772727272727273,12.0,0.0,160.0,-0.6662961232107703,True,True,106.75
fast_observer,5.875,14.09090909090909,12.0,0.0,160.0,-0.638502006633403,True,True,107.10000000000001
fast_observer,5.875,14.409090909090908,12.0,0.0,160.0,-0.6115748934277474,True,True,107.5
fast_observer,5.875,14.727272727272727,12.0,0.0,160.0,-0.5854716402245842,True,True,107.85000000000001
fast_observer,5.875,15.045454545454545,12.0,0.0,160.0,-0.5601563019071635,True,True,108.25
fast_observer,5.875,15.363636363636363,12.0,0.0,160.0,-0.5355970257092808,True,True,108.65
fast_observer,5.875,15.681818181818182,12.0,0.0,160.0,-0.5117593763743477,True,True,109.05000000000001
fast_observer,5.875,16.0,12.0,0.0,160.0,-0.4886123501062126,True,True,109.45
fast_observer,6.0,2.0,12.0,0.0,160.0,-3.314135673511592,True,True,99.25
fast_observer,6.0,2.3181818181818183,12.0,0.0,160.0,-3.14402130350291,True,True,99.35000000000001
fast_observer,6.0,2.6363636363636362,12.0,0.0,160.0,-2.9875633311899636,True,True,99.4
fast_observer,6.0,2.9545454545454546,12.0,0.0,160.0,-2.843025491364829,True,True,99.45
fast_observer,6.0,3.2727272727272725,12.0,0.0,160.0,-2.708863506336022,True,True,99.55000000000001
fast_observer,6.0,3.590909090909091,12.0,0.0,160.0,-2.5839312158949004,True,True,99.65
fast_observer,6.0,3.909090909090909,12.0,0.0,160.0,-2.467230225890551,True,True,99.75
fast_observer,6.0,4.227272727272727,12.0,0.0,160.0,-2.3578770339594275,True,True,99.85000000000001
fast_observer,6.0,4.545454545454545,12.0,0.0,160.0,-2.2551468536741366,True,True,99.95
fast_observer,6.0,4.863636363636363,12.0,0.0,160.0,-2.158428926302341,True,True,100.10000000000001
fast_observer,6.0,5.181818181818182,12.0,0.0,160.0,-2.0671936108394116,True,True,100.25
fast_observer,6.0,5.5,12.0,0.0,160.0,-1.9809605851826826,True,True,100.35000000000001
fast_observer,6.0,5.818181818181818,12.0,0.0,160.0,-1.899299533346063,True,True,100.5
fast_observer,6.0,6.136363636363637,12.0,0.0,160.0,-1.821877963358716,True,True,100.7
fast_observer,6.0,6.454545454545454,12.0,0.0,160.0,-1.7483351145985548,True,True,100.85000000000001
fast_observer,6.0,6.7727272727272725,12.0,0.0,160.0,-1.678390963359864,True,True,101.0
fast_observer,6.0,7.090909090909091,12.0,0.0,160.0,-1.6117868194004354,True,True,101.2
fast_observer,6.0,7.409090909090909,12.0,0.0,160.0,-1.5482853062495867,True,True,101.4
fast_observer,6.0,7.7272727272727275,12.0,0.0,160.0,-1.487669439667091,True,True,101.60000000000001
fast_observer,6.0,8.045454545454545,12.0,0.0,160.0,-1.4297412581861633,True,True,101.80000000000001
fast_observer,6.0,8.363636363636363,12.0,0.0,160.0,-1.3743344199401568,True,True,102.05000000000001
fast_observer,6.0,8.681818181818182,12.0,0.0,160.0,-1.3212803560453907,True,True,102.25
fast_observer,6.0,9.0,12.0,0.0,160.0,-1.270438526963445,True,True,102.5
fast_observer,6.0,9.318181818181818,12.0,0.0,160.0,-1.221666257030268,True,True,102.75
fast_observer,6.0,9.636363636363637,12.0,0.0,160.0,-1.1748444129207705,True,True,103.0
fast_observer,6.0,9.954545454545453,12.0,0.0,160.0,-1.1298629813606202,True,True,103.25
fast_observer,6.0,10.272727272727273,12.0,0.0,160.0,-1.086611510846044,True,True,103.5
fast_observer,6.0,10.59090909090909,12.0,0.0,160.0,-1.0449935344652073,True,True,103.80000000000001
fast_observer,6.0,10.909090909090908,12.0,0.0,160.0,-1.0049192332830936,True,True,104.05000000000001
fast_observer,6.0,11.227272727272727,12.0,0.0,160.0,-0.9663070229451188,True,True,104.35000000000001
fast_observer,6.0,11.545454545454545,12.0,0.0,160.0,-0.9290802327059898,True,True,104.65
fast_observer,6.0,11.863636363636363,12.0,0.0,160.0,-0.8931637969479358,True,True,105.0
fast_observer,6.0,12.181818181818182,12.0,0.0,160.0,-0.8584898614755739,True,True,105.30000000000001
fast_observer,6.0,12.5,12.0,0.0,160.0,-0.8250010959685271,True,True,105.60000000000001
fast_observer,6.0,12.818181818181818,12.0,0.0,160.0,-0.792634741178225,True,True,105.95
fast_observer,6.0,13.136363636363637,12.0,0.0,160.0,-0.7613372308626094,True,True,106.30000000000001
fast_observer,6.0,13.454545454545455,12.0,0.0,160.0,-0.7310582314725234,True,True,106.65
fast_observer,6.0,13.772727272727273,12.0,0.0,160.0,-0.7017492322152536,True,True,107.0
fast_observer,6.0,14.09090909090909,12.0,0.0,160.0,-0.67336375145539,True,True,107.35000000000001
fast_observer,6.0,14.409090909090908,12.0,0.0,160.0,-0.6458637209474871,True,True,107.75
fast_observer,6.0,14.727272727272727,12.0,0.0,160.0,-0.6192050793782992,True,True,108.10000000000001
fast_observer,6.0,15.045454545454545,12.0,0.0,160.0,-0.5933511168413593,True,True,108.5
fast_observer,6.0,15.363636363636363,12.0,0.0,160.0,-0.5682693028520313,True,True,108.9
fast_observer,6.0,15.681818181818182,12.0,0.0,160.0,-0.5439244694886952,True,True,109.30000000000001
fast_observer,6.0,16.0,12.0,0.0,160.0,-0.5202849532999617,True,True,109.7
medium_observer,0.5,2.0,25.0,4.0,160.0,0.5835860598968144,False,True,94.35000000000001
medium_observer,0.5,2.3181818181818183,25.0,4.0,160.0,0.5933263768639355,False,True,94.4
medium_observer,0.5,2.6363636363636362,25.0,4.0,160.0,0.602523675815865,False,True,94.4
medium_observer,0.5,2.9545454545454546,25.0,4.0,160.0,0.611234559642973,False,True,94.45
medium_observer,0.5,3.2727272727272725,25.0,4.0,160.0,0.6195138075013792,False,True,94.5
medium_observer,0.5,3.590909090909091,25.0,4.0,160.0,0.6273964485593925,False,True,94.55000000000001
medium_observer,0.5,3.909090909090909,25.0,4.0,160.0,0.6349230168199272,False,True,94.60000000000001
medium_observer,0.5,4.227272727272727,25.0,4.0,160.0,0.6421205091329254,False,True,94.65
medium_observer,0.5,4.545454545454545,25.0,4.0,160.0,0.6490155433459331,False,True,94.7
medium_observer,0.5,4.863636363636363,25.0,4.0,160.0,0.655629648299365,False,True,94.75
medium_observer,0.5,5.181818181818182,25.0,4.0,160.0,0.6619840042850538,False,True,94.80000000000001
medium_observer,0.5,5.5,25.0,4.0,160.0,0.6680948605880875,False,True,94.9
medium_observer,0.5,5.818181818181818,25.0,4.0,160.0,0.6739780664041541,False,True,94.95
medium_observer,0.5,6.136363636363637,25.0,4.0,160.0,0.6796486117653686,False,True,95.0
medium_observer,0.5,6.454545454545454,25.0,4.0,160.0,0.6851201610068738,False,True,95.10000000000001
medium_observer,0.5,6.7727272727272725,25.0,4.0,160.0,0.6904021283350941,False,True,95.2
medium_observer,0.5,7.090909090909091,25.0,4.0,160.0,0.6955068853510652,False,True,95.30000000000001
medium_observer,0.5,7.409090909090909,25.0,4.0,160.0,0.7004438480056259,False,True,95.35000000000001
medium_observer,0.5,7.7272727272727275,25.0,4.0,160.0,0.7052218370815929,False,True,95.45
medium_observer,0.5,8.045454545454545,25.0,4.0,160.0,0.7098492446911235,False,True,95.55000000000001
medium_observer,0.5,8.363636363636363,25.0,4.0,160.0,0.714333661970298,False,True,95.65
medium_observer,0.5,8.681818181818182,25.0,4.0,160.0,0.7186814321325774,False,True,95.80000000000001
medium_observer,0.5,9.0,25.0,4.0,160.0,0.7229003641161361,False,True,95.9
medium_observer,0.5,9.318181818181818,25.0,4.0,160.0,0.7269954274616707,False,True,96.0
medium_observer,0.5,9.636363636363637,25.0,4.0,160.0,0.7309728060067291,False,True,96.15
medium_observer,0.5,9.954545454545453,25.0,4.0,160.0,0.7348378779462257,False,True,96.25
medium_observer,0.5,10.272727272727273,25.0,4.0,160.0,0.7385954782026829,False,True,96.4
medium_observer,0.5,10.59090909090909,25.0,4.0,160.0,0.7422502333927044,False,True,96.5
medium_observer,0.5,10.909090909090908,25.0,4.0,160.0,0.7458065536377514,False,True,96.65
medium_observer,0.5,11.227272727272727,25.0,4.0,160.0,0.7492686310756778,False,True,96.80000000000001
medium_observer,0.5,11.545454545454545,25.0,4.0,160.0,0.7526400023444368,False,True,96.9
medium_observer,0.5,11.863636363636363,25.0,4.0,160.0,0.7559244696992299,False,True,97.05000000000001
medium_observer,0.5,12.181818181818182,25.0,4.0,160.0,0.7591257676432835,False,True,97.2
medium_observer,0.5,12.5,25.0,4.0,160.0,0.7622465631526176,False,True,97.35000000000001
medium_observer,0.5,12.818181818181818,25.0,4.0,160.0,0.7652904408865134,False,True,97.5
medium_observer,0.5,13.136363636363637,25.0,4.0,160.0,0.7682602550447211,False,True,97.65
medium_observer,0.5,13.454545454545455,25.0,4.0,160.0,0.7711583565362937,False,True,97.80000000000001
medium_observer,0.5,13.772727272727273,25.0,4.0,160.0,0.7739877777614076,False,True,97.95
medium_observer,0.5,14.09090909090909,25.0,4.0,160.0,0.7767509597191244,False,True,98.10000000000001
medium_observer,0.5,14.409090909090908,25.0,4.0,160.0,0.7794502536627501,False,True,98.25
medium_observer,0.5,14.727272727272727,25.0,4.0,160.0,0.7820879211821855,False,True,98.4
medium_observer,0.5,15.045454545454545,25.0,4.0,160.0,0.7846661350834613,False,True,98.55000000000001
medium_observer,0.5,15.363636363636363,25.0,4.0,160.0,0.7871869808417139,False,True,98.7
medium_observer,0.5,15.681818181818182,25.0,4.0,160.0,0.7896524584626952,False,True,98.85000000000001
medium_observer,0.5,16.0,25.0,4.0,160.0,0.7920643715785993,False,True,99.0
medium_observer,0.625,2.0,25.0,4.0,160.0,0.47948257487101775,False,True,99.9
medium_observer,0.625,2.3181818181818183,25.0,4.0,160.0,0.491657971079919,False,True,99.95
medium_observer,0.625,2.6363636363636362,25.0,4.0,160.0,0.5031545947698303,False,True,100.0
medium_observer,0.625,2.9545454545454546,25.0,4.0,160.0,0.5140431995537156,False,True,100.0
medium_observer,0.625,3.2727272727272725,25.0,4.0,160.0,0.524392259376724,False,True,100.05000000000001
medium_observer,0.625,3.590909090909091,25.0,4.0,160.0,0.5342455606992408,False,True,100.10000000000001
medium_observer,0.625,3.909090909090909,25.0,4.0,160.0,0.5436537710249101,False,True,100.15
medium_observer,0.625,4.227272727272727,25.0,4.0,160.0,0.5526506364161566,False,True,100.2
medium_observer,0.625,4.545454545454545,25.0,4.0,160.0,0.5612694291824174,False,True,100.25
medium_observer,0.625,4.863636363636363,25.0,4.0,160.0,0.5695370603742058,False,True,100.30000000000001
medium_observer,0.625,5.181818181818182,25.0,4.0,160.0,0.5774800053563182,False,True,100.4
medium_observer,0.625,5.5,25.0,4.0,160.0,0.5851185757351087,False,True,100.45
medium_observer,0.625,5.818181818181818,25.0,4.0,160.0,0.5924725830051936,False,True,100.5
medium_observer,0.625,6.136363636363637,25.0,4.0,160.0,0.5995607647067108,False,True,100.60000000000001
medium_observer,0.625,6.454545454545454,25.0,4.0,160.0,0.6064002012585916,False,True,100.7
medium_observer,0.625,6.7727272727272725,25.0,4.0,160.0,0.6130026604188672,False,True,100.75
medium_observer,0.625,7.090909090909091,25.0,4.0,160.0,0.6193836066888307,False,True,100.85000000000001
medium_observer,0.625,7.409090909090909,25.0,4.0,160.0,0.6255548100070336,False,True,100.95
medium_observer,0.625,7.7272727272727275,25.0,4.0,160.0,0.6315272963519936,False,True,101.05000000000001
medium_observer,0.625,8.045454545454545,25.0,4.0,160.0,0.6373115558639054,False,True,101.15
medium_observer,0.625,8.363636363636363,25.0,4.0,160.0,0.642917077462874,False,True,101.25
medium_observer,0.625,8.681818181818182,25.0,4.0,160.0,0.6483517901657213,False,True,101.35000000000001
medium_observer,0.625,9.0,25.0,4.0,160.0,0.6536254551451708,False,True,101.45
medium_observer,0.625,9.318181818181818,25.0,4.0,160.0,0.658744284327088,False,True,101.60000000000001
medium_observer,0.625,9.636363636363637,25.0,4.0,160.0,0.663716007508411,False,True,101.7
medium_observer,0.625,9.954545454545453,25.0,4.0,160.0,0.6685473474327808,False,True,101.85000000000001
medium_observer,0.625,10.272727272727273,25.0,4.0,160.0,0.6732443477533533,False,True,101.95
medium_observer,0.625,10.59090909090909,25.0,4.0,160.0,0.677812791740881,False,True,102.10000000000001
medium_observer,0.625,10.909090909090908,25.0,4.0,160.0,0.6822581920471903,False,True,102.25
medium_observer,0.625,11.227272727272727,25.0,4.0,160.0,0.6865857888445965,False,True,102.35000000000001
medium_observer,0.625,11.545454545454545,25.0,4.0,160.0,0.6908000029305473,False,True,102.5
medium_observer,0.625,11.863636363636363,25.0,4.0,160.0,0.6949055871240383,False,True,102.65
medium_observer,0.625,12.181818181818182,25.0,4.0,160.0,0.6989072095541036,False,True,102.80000000000001
medium_observer,0.625,12.5,25.0,4.0,160.0,0.7028082039407713,False,True,102.95
medium_observer,0.625,12.818181818181818,25.0,4.0,160.0,0.7066130511081405,False,True,103.10000000000001
medium_observer,0.625,13.136363636363637,25.0,4.0,160.0,0.7103253188059017,False,True,103.30000000000001
medium_observer,0.625,13.454545454545455,25.0,4.0,160.0,0.7139479456703669,False,True,103.45
medium_observer,0.625,13.772727272727273,25.0,4.0,160.0,0.7174847222017583,False,True,103.60000000000001
medium_observer,0.625,14.09090909090909,25.0,4.0,160.0,0.720938699648906,False,True,103.80000000000001
medium_observer,0.625,14.409090909090908,25.0,4.0,160.0,0.7243128170784376,False,True,103.95
medium_observer,0.625,14.727272727272727,25.0,4.0,160.0,0.7276099014777326,False,True,104.10000000000001
medium_observer,0.625,15.045454545454545,25.0,4.0,160.0,0.7308326688543256,False,True,104.30000000000001
medium_observer,0.625,15.363636363636363,25.0,4.0,160.0,0.7339837260521432,False,True,104.45
medium_observer,0.625,15.681818181818182,25.0,4.0,160.0,0.7370655730783691,False,True,104.65
medium_observer,0.625,16.0,25.0,4.0,160.0,0.74008046447325,False,True,104.85000000000001
medium_observer,0.75,2.0,25.0,4.0,160.0,0.37537908984522056,False,True,104.5
medium_observer,0.75,2.3181818181818183,25.0,4.0,160.0,0.3899895652959032,False,True,104.5
medium_observer,0.75,2.6363636363636362,25.0,4.0,160.0,0.4037855137237975,False,True,104.55000000000001
medium_observer,0.75,2.9545454545454546,25.0,4.0,160.0,0.4168518394644586,False,True,104.55000000000001
medium_observer,0.75,3.2727272727272725,25.0,4.0,160.0,0.4292707112520682,False,True,104.60000000000001
medium_observer,0.75,3.590909090909091,25.0,4.0,160.0,0.44109467283908876,False,True,104.65
medium_observer,0.75,3.909090909090909,25.0,4.0,160.0,0.45238452522989225,False,True,104.7
medium_observer,0.75,4.227272727272727,25.0,4.0,160.0,0.46318076369938815,False,True,104.75
medium_observer,0.75,4.545454545454545,25.0,4.0,160.0,0.473523315018899,False,True,104.80000000000001
medium_observer,0.75,4.863636363636363,25.0,4.0,160.0,0.4834444724490476,False,True,104.85000000000001
medium_observer,0.75,5.181818181818182,25.0,4.0,160.0,0.49297600642758016,False,True,104.95
medium_observer,0.75,5.5,25.0,4.0,160.0,0.5021422908821299,False,True,105.0
medium_observer,0.75,5.818181818181818,25.0,4.0,160.0,0.5109670996062325,False,True,105.05000000000001
medium_observer,0.75,6.136363636363637,25.0,4.0,160.0,0.5194729176480534,False,True,105.15
medium_observer,0.75,6.454545454545454,25.0,4.0,160.0,0.5276802415103113,False,True,105.25
medium_observer,0.75,6.7727272727272725,25.0,4.0,160.0,0.5356031925026418,False,True,105.30000000000001
medium_observer,0.75,7.090909090909091,25.0,4.0,160.0,0.5432603280265982,False,True,105.4
medium_observer,0.75,7.409090909090909,25.0,4.0,160.0,0.5506657720084397,False,True,105.5
medium_observer,0.75,7.7272727272727275,25.0,4.0,160.0,0.557832755622391,False,True,105.60000000000001
medium_observer,0.75,8.045454545454545,25.0,4.0,160.0,0.5647738670366855,False,True,105.7
medium_observer,0.75,8.363636363636363,25.0,4.0,160.0,0.5715004929554468,False,True,105.80000000000001
medium_observer,0.75,8.681818181818182,25.0,4.0,160.0,0.578022148198866,False,True,105.9
medium_observer,0.75,9.0,25.0,4.0,160.0,0.5843505461742049,False,True,106.0
medium_observer,0.75,9.318181818181818,25.0,4.0,160.0,0.5904931411925056,False,True,106.15
medium_observer,0.75,9.636363636363637,25.0,4.0,160.0,0.5964592090100926,False,True,106.25
medium_observer,0.75,9.954545454545453,25.0,4.0,160.0,0.602256816919337,False,True,106.4
medium_observer,0.75,10.272727272727273,25.0,4.0,160.0,0.6078932173040245,False,True,106.5
medium_observer,0.75,10.59090909090909,25.0,4.0,160.0,0.613375350089057,False,True,106.65
medium_observer,0.75,10.909090909090908,25.0,4.0,160.0,0.6187098304566282,False,True,106.80000000000001
medium_observer,0.75,11.227272727272727,25.0,4.0,160.0,0.6239029466135161,False,True,106.9
medium_observer,0.75,11.545454545454545,25.0,4.0,160.0,0.6289600035166556,False,True,107.05000000000001
medium_observer,0.75,11.863636363636363,25.0,4.0,160.0,0.6338867045488468,False,True,107.2
medium_observer,0.75,12.181818181818182,25.0,4.0,160.0,0.6386886514649245,False,True,107.35000000000001
medium_observer,0.75,12.5,25.0,4.0,160.0,0.6433698447289252,False,True,107.5
medium_observer,0.75,12.818181818181818,25.0,4.0,160.0,0.6479356613297693,False,True,107.7
medium_observer,0.75,13.136363636363637,25.0,4.0,160.0,0.6523903825670819,False,True,107.85000000000001
medium_observer,0.75,13.454545454545455,25.0,4.0,160.0,0.6567375348044399,False,True,108.0
medium_observer,0.75,13.772727272727273,25.0,4.0,160.0,0.6609816666421104,False,True,108.2
medium_observer,0.75,14.09090909090909,25.0,4.0,160.0,0.6651264395786874,False,True,108.35000000000001
medium_observer,0.75,14.409090909090908,25.0,4.0,160.0,0.6691753804941252,False,True,108.55000000000001
medium_observer,0.75,14.727272727272727,25.0,4.0,160.0,0.6731318817732793,False,True,108.7
medium_observer,0.75,15.045454545454545,25.0,4.0,160.0,0.676999202625192,False,True,108.9
medium_observer,0.75,15.363636363636363,25.0,4.0,160.0,0.6807804712625717,False,True,109.10000000000001
medium_observer,0.75,15.681818181818182,25.0,4.0,160.0,0.6844786876940426,False,True,109.25
medium_observer,0.75,16.0,25.0,4.0,160.0,0.6880965573678995,False,True,109.45
medium_observer,0.875,2.0,25.0,4.0,160.0,0.2712756048194253,True,True,108.35000000000001
medium_observer,0.875,2.3181818181818183,25.0,4.0,160.0,0.28832115951188686,True,True,108.35000000000001
medium_observer,0.875,2.6363636363636362,25.0,4.0,160.0,0.3044164326777638,True,True,108.4
medium_observer,0.875,2.9545454545454546,25.0,4.0,160.0,0.3196604793752022,True,True,108.4
medium_observer,0.875,3.2727272727272725,25.0,4.0,160.0,0.33414916312741355,True,True,108.45
medium_observer,0.875,3.590909090909091,25.0,4.0,160.0,0.34794378497893685,True,True,108.5
medium_observer,0.875,3.909090909090909,25.0,4.0,160.0,0.36111527943487454,False,True,108.55000000000001
medium_observer,0.875,4.227272727272727,25.0,4.0,160.0,0.3737108909826198,False,True,108.60000000000001
medium_observer,0.875,4.545454545454545,25.0,4.0,160.0,0.38577720085538364,False,True,108.65
medium_observer,0.875,4.863636363636363,25.0,4.0,160.0,0.3973518845238884,False,True,108.7
medium_observer,0.875,5.181818181818182,25.0,4.0,160.0,0.4084720074988439,False,True,108.80000000000001
medium_observer,0.875,5.5,25.0,4.0,160.0,0.41916600602915305,False,True,108.85000000000001
medium_observer,0.875,5.818181818181818,25.0,4.0,160.0,0.42946161620727114,False,True,108.9
medium_observer,0.875,6.136363636363637,25.0,4.0,160.0,0.4393850705893954,False,True,109.0
medium_observer,0.875,6.454545454545454,25.0,4.0,160.0,0.4489602817620287,False,True,109.10000000000001
medium_observer,0.875,6.7727272727272725,25.0,4.0,160.0,0.45820372458641456,False,True,109.15
medium_observer,0.875,7.090909090909091,25.0,4.0,160.0,0.46713704936436373,False,True,109.25
medium_observer,0.875,7.409090909090909,25.0,4.0,160.0,0.47577673400984716,False,True,109.35000000000001
medium_observer,0.875,7.7272727272727275,25.0,4.0,160.0,0.4841382148927894,False,True,109.45
medium_observer,0.875,8.045454545454545,25.0,4.0,160.0,0.49223617820946614,False,True,109.55000000000001
medium_observer,0.875,8.363636363636363,25.0,4.0,160.0,0.5000839084480211,False,True,109.65
medium_observer,0.875,8.681818181818182,25.0,4.0,160.0,0.5076925062320109,False,True,109.75
medium_observer,0.875,9.0,25.0,4.0,160.0,0.5150756372032383,False,True,109.85000000000001
medium_observer,0.875,9.318181818181818,25.0,4.0,160.0,0.5222419980579217,False,True,110.0
medium_observer,0.875,9.636363636363637,25.0,4.0,160.0,0.5292024105117751,False,True,110.10000000000001
medium_observer,0.875,9.954545454545453,25.0,4.0,160.0,0.535966286405893,False,True,110.25
medium_observer,0.875,10.272727272727273,25.0,4.0,160.0,0.5425420868546945,False,True,110.35000000000001
medium_observer,0.875,10.59090909090909,25.0,4.0,160.0,0.5489379084372327,False,True,110.5
medium_observer,0.875,10.909090909090908,25.0,4.0,160.0,0.555161468866066,False,True,110.65
medium_observer,0.875,11.227272727272727,25.0,4.0,160.0,0.5612201043824362,False,True,110.75
medium_observer,0.875,11.545454545454545,25.0,4.0,160.0,0.5671200041027659,False,True,110.9
medium_observer,0.875,11.863636363636363,25.0,4.0,160.0,0.5728678219736532,False,True,111.05000000000001
medium_observer,0.875,12.181818181818182,25.0,4.0,160.0,0.5784700933757456,False,True,111.2
medium_observer,0.875,12.5,25.0,4.0,160.0,0.5839314855170801,False,True,111.35000000000001
medium_observer,0.875,12.818181818181818,25.0,4.0,160.0,0.5892582715513976,False,True,111.55000000000001
medium_observer,0.875,13.136363636363637,25.0,4.0,160.0,0.5944554463282627,False,True,111.7
medium_observer,0.875,13.454545454545455,25.0,4.0,160.0,0.5995271239385134,False,True,111.85000000000001
medium_observer,0.875,13.772727272727273,25.0,4.0,160.0,0.6044786110824629,False,True,112.05000000000001
medium_observer,0.875,14.09090909090909,25.0,4.0,160.0,0.6093141795084684,False,True,112.2
medium_observer,0.875,14.409090909090908,25.0,4.0,160.0,0.6140379439098139,False,True,112.4
medium_observer,0.875,14.727272727272727,25.0,4.0,160.0,0.6186538620688253,False,True,112.60000000000001
medium_observer,0.875,15.045454545454545,25.0,4.0,160.0,0.623165736396056,False,True,112.75
medium_observer,0.875,15.363636363636363,25.0,4.0,160.0,0.6275772164730001,False,True,112.95
medium_observer,0.875,15.681818181818182,25.0,4.0,160.0,0.6318918023097163,False,True,113.15
medium_observer,0.875,16.0,25.0,4.0,160.0,0.6361126502625487,False,True,113.35000000000001
medium_observer,1.0,2.0,25.0,4.0,160.0,0.16717211979362853,True,True,111.65
medium_observer,1.0,2.3181818181818183,25.0,4.0,160.0,0.1866527537278699,True,True,111.7
medium_observer,1.0,2.6363636363636362,25.0,4.0,160.0,0.20504735163172993,True,True,111.7
medium_observer,1.0,2.9545454545454546,25.0,4.0,160.0,0.22246911928594604,True,True,111.75
medium_observer,1.0,3.2727272727272725,25.0,4.0,160.0,0.23902761500275746,True,True,111.80000000000001
medium_observer,1.0,3.590909090909091,25.0,4.0,160.0,0.25479289711878444,True,True,111.85000000000001
medium_observer,1.0,3.909090909090909,25.0,4.0,160.0,0.26984603363985665,True,True,111.9
medium_observer,1.0,4.227272727272727,25.0,4.0,160.0,0.2842410182658512,True,True,111.95
medium_observer,1.0,4.545454545454545,25.0,4.0,160.0,0.2980310866918664,True,True,112.0
medium_observer,1.0,4.863636363636363,25.0,4.0,160.0,0.31125929659873,True,True,112.05000000000001
medium_observer,1.0,5.181818181818182,25.0,4.0,160.0,0.32396800857010644,True,True,112.10000000000001
medium_observer,1.0,5.5,25.0,4.0,160.0,0.3361897211761731,True,True,112.2
medium_observer,1.0,5.818181818181818,25.0,4.0,160.0,0.3479561328083097,True,True,112.25
medium_observer,1.0,6.136363636363637,25.0,4.0,160.0,0.3592972235307379,False,True,112.35000000000001
medium_observer,1.0,6.454545454545454,25.0,4.0,160.0,0.3702403220137478,False,True,112.4
medium_observer,1.0,6.7727272727272725,25.0,4.0,160.0,0.3808042566701896,False,True,112.5
medium_observer,1.0,7.090909090909091,25.0,4.0,160.0,0.3910137707021305,False,True,112.60000000000001
medium_observer,1.0,7.409090909090909,25.0,4.0,160.0,0.40088769601125274,False,True,112.7
medium_observer,1.0,7.7272727272727275,25.0,4.0,160.0,0.4104436741631877,False,True,112.80000000000001
medium_observer,1.0,8.045454545454545,25.0,4.0,160.0,0.419698489382247,False,True,112.9
medium_observer,1.0,8.363636363636363,25.0,4.0,160.0,0.42866732394059526,False,True,113.0
medium_observer,1.0,8.681818181818182,25.0,4.0,160.0,0.4373628642651556,False,True,113.10000000000001
medium_observer,1.0,9.0,25.0,4.0,160.0,0.4458007282322739,False,True,113.2
medium_observer,1.0,9.318181818181818,25.0,4.0,160.0,0.45399085492333974,False,True,113.30000000000001
medium_observer,1.0,9.636363636363637,25.0,4.0,160.0,0.46194561201345824,False,True,113.45
medium_observer,1.0,9.954545454545453,25.0,4.0,160.0,0.4696757558924492,False,True,113.55000000000001
medium_observer,1.0,10.272727272727273,25.0,4.0,160.0,0.47719095640536563,False,True,113.7
medium_observer,1.0,10.59090909090909,25.0,4.0,160.0,0.4845004667854095,False,True,113.85000000000001
medium_observer,1.0,10.909090909090908,25.0,4.0,160.0,0.4916131072755031,False,True,113.95
medium_observer,1.0,11.227272727272727,25.0,4.0,160.0,0.4985372621513552,False,True,114.10000000000001
medium_observer,1.0,11.545454545454545,25.0,4.0,160.0,0.5052800046888741,False,True,114.25
medium_observer,1.0,11.863636363636363,25.0,4.0,160.0,0.5118489393984611,False,True,114.4
medium_observer,1.0,12.181818181818182,25.0,4.0,160.0,0.5182515352865668,False,True,114.55000000000001
medium_observer,1.0,12.5,25.0,4.0,160.0,0.5244931263052341,False,True,114.7
medium_observer,1.0,12.818181818181818,25.0,4.0,160.0,0.5305808817730268,False,True,114.85000000000001
medium_observer,1.0,13.136363636363637,25.0,4.0,160.0,0.5365205100894437,False,True,115.05000000000001
medium_observer,1.0,13.454545454545455,25.0,4.0,160.0,0.542316713072587,False,True,115.2
medium_observer,1.0,13.772727272727273,25.0,4.0,160.0,0.5479755555228146,False,True,115.4
medium_observer,1.0,14.09090909090909,25.0,4.0,160.0,0.5535019194382494,False,True,115.55000000000001
medium_observer,1.0,14.409090909090908,25.0,4.0,160.0,0.5589005073255014,False,True,115.75
medium_observer,1.0,14.727272727272727,25.0,4.0,160.0,0.5641758423643725,False,True,115.9
medium_observer,1.0,15.045454545454545,25.0,4.0,160.0,0.5693322701669211,False,True,116.10000000000001
medium_observer,1.0,15.363636363636363,25.0,4.0,160.0,0.5743739616834291,False,True,116.30000000000001
medium_observer,1.0,15.681818181818182,25.0,4.0,160.0,0.57930491692539,False,True,116.5
medium_observer,1.0,16.0,25.0,4.0,160.0,0.5841287431571998,False,True,116.7
medium_observer,1.125,2.0,25.0,4.0,160.0,0.06306863476783225,True,True,114.60000000000001
medium_observer,1.125,2.3181818181818183,25.0,4.0,160.0,0.08498434794385412,True,True,114.65
medium_observer,1.125,2.6363636363636362,25.0,4.0,160.0,0.10567827058569625,True,True,114.65
medium_observer,1.125,2.9545454545454546,25.0,4.0,160.0,0.1252777591966884,True,True,114.7
medium_observer,1.125,3.2727272727272725,25.0,4.0,160.0,0.14390606687810223,True,True,114.75
medium_observer,1.125,3.590909090909091,25.0,4.0,160.0,0.16164200925863362,True,True,114.80000000000001
medium_observer,1.125,3.909090909090909,25.0,4.0,160.0,0.178576787844837,True,True,114.85000000000001
medium_observer,1.125,4.227272727272727,25.0,4.0,160.0,0.1947711455490822,True,True,114.9
medium_observer,1.125,4.545454545454545,25.0,4.0,160.0,0.2102849725283495,True,True,114.95
medium_observer,1.125,4.863636363636363,25.0,4.0,160.0,0.22516670867357105,True,True,115.0
medium_observer,1.125,5.181818181818182,25.0,4.0,160.0,0.23946400964137102,True,True,115.05000000000001
medium_observer,1.125,5.5,25.0,4.0,160.0,0.2532134363231952,True,True,115.15
medium_observer,1.125,5.818181818181818,25.0,4.0,160.0,0.26645064940934815,True,True,115.2
medium_observer,1.125,6.136363636363637,25.0,4.0,160.0,0.2792093764720799,True,True,115.30000000000001
medium_observer,1.125,6.454545454545454,25.0,4.0,160.0,0.29152036226546546,True,True,115.35000000000001
medium_observer,1.125,6.7727272727272725,25.0,4.0,160.0,0.3034047887539615,True,True,115.45
medium_observer,1.125,7.090909090909091,25.0,4.0,160.0,0.31489049203989705,True,True,115.55000000000001
medium_observer,1.125,7.409090909090909,25.0,4.0,160.0,0.3259986580126596,True,True,115.60000000000001
medium_observer,1.125,7.7272727272727275,25.0,4.0,160.0,0.33674913343358664,True,True,115.7
medium_observer,1.125,8.045454545454545,25.0,4.0,160.0,0.34716080055502807,True,True,115.80000000000001
medium_observer,1.125,8.363636363636363,25.0,4.0,160.0,0.35725073943317104,False,True,115.9
medium_observer,1.125,8.681818181818182,25.0,4.0,160.0,0.3670332222982992,False,True,116.05000000000001
medium_observer,1.125,9.0,25.0,4.0,160.0,0.3765258192613076,False,True,116.15
medium_observer,1.125,9.318181818181818,25.0,4.0,160.0,0.38573971178875743,False,True,116.25
medium_observer,1.125,9.636363636363637,25.0,4.0,160.0,0.39468881351514007,False,True,116.4
medium_observer,1.125,9.954545454545453,25.0,4.0,160.0,0.4033852253790063,False,True,116.5
medium_observer,1.125,10.272727272727273,25.0,4.0,160.0,0.41183982595603585,False,True,116.65
medium_observer,1.125,10.59090909090909,25.0,4.0,160.0,0.42006302513358523,False,True,116.75
medium_observer,1.125,10.909090909090908,25.0,4.0,160.0,0.4280647456849415,False,True,116.9
medium_observer,1.125,11.227272727272727,25.0,4.0,160.0,0.43585441992027496,False,True,117.05000000000001
medium_observer,1.125,11.545454545454545,25.0,4.0,160.0,0.44344000527498395,False,True,117.2
medium_observer,1.125,11.863636363636363,25.0,4.0,160.0,0.4508300568232692,False,True,117.35000000000001
medium_observer,1.125,12.181818181818182,25.0,4.0,160.0,0.4580329771973872,False,True,117.5
medium_observer,1.125,12.5,25.0,4.0,160.0,0.4650547670933888,False,True,117.65
medium_observer,1.125,12.818181818181818,25.0,4.0,160.0,0.47190349199465365,False,True,117.80000000000001
medium_observer,1.125,13.136363636363637,25.0,4.0,160.0,0.47858557385062367,False,True,118.0
medium_observer,1.125,13.454545454545455,25.0,4.0,160.0,0.48510630220666057,False,True,118.15
medium_observer,1.125,13.772727272727273,25.0,4.0,160.0,0.4914724999631662,False,True,118.30000000000001
medium_observer,1.125,14.09090909090909,25.0,4.0,160.0,0.4976896593680318,False,True,118.5
medium_observer,1.125,14.409090909090908,25.0,4.0,160.0,0.5037630707411902,False,True,118.7
medium_observer,1.125,14.727272727272727,25.0,4.0,160.0,0.5096978226599184,False,True,118.85000000000001
medium_observer,1.125,15.045454545454545,25.0,4.0,160.0,0.5154988039377866,False,True,119.05000000000001
medium_observer,1.125,15.363636363636363,25.0,4.0,160.0,0.5211707068938575,False,True,119.25
medium_observer,1.125,15.681818181818182,25.0,4.0,160.0,0.5267180315410648,False,True,119.45
medium_observer,1.125,16.0,25.0,4.0,160.0,0.5321448360518504,False,True,119.65
medium_observer,1.25,2.0,25.0,4.0,160.0,-0.04103485025796545,True,True,117.25
medium_observer,1.25,2.3181818181818183,25.0,4.0,160.0,-0.01668405784016154,True,True,117.25
medium_observer,1.25,2.6363636363636362,25.0,4.0,160.0,0.006309189539663549,True,True,117.30000000000001
medium_observer,1.25,2.9545454545454546,25.0,4.0,160.0,0.028086399107432092,True,True,117.35000000000001
medium_observer,1.25,3.2727272727272725,25.0,4.0,160.0,0.048784518753447914,True,True,117.35000000000001
medium_observer,1.25,3.590909090909091,25.0,4.0,160.0,0.06849112139848092,True,True,117.4
medium_observer,1.25,3.909090909090909,25.0,4.0,160.0,0.08730754204982051,True,True,117.45
medium_observer,1.25,4.227272727272727,25.0,4.0,160.0,0.10530127283231339,True,True,117.5
medium_observer,1.25,4.545454545454545,25.0,4.0,160.0,0.12253885836483219,True,True,117.55000000000001
medium_observer,1.25,4.863636363636363,25.0,4.0,160.0,0.1390741207484122,True,True,117.65
medium_observer,1.25,5.181818181818182,25.0,4.0,160.0,0.15496001071263404,True,True,117.7
medium_observer,1.25,5.5,25.0,4.0,160.0,0.17023715147021765,True,True,117.75
medium_observer,1.25,5.818181818181818,25.0,4.0,160.0,0.18494516601038638,True,True,117.85000000000001
medium_observer,1.25,6.136363636363637,25.0,4.0,160.0,0.19912152941342226,True,True,117.9
medium_observer,1.25,6.454545454545454,25.0,4.0,160.0,0.21280040251718377,True,True,118.0
medium_observer,1.25,6.7727272727272725,25.0,4.0,160.0,0.22600532083773617,True,True,118.05000000000001
medium_observer,1.25,7.090909090909091,25.0,4.0,160.0,0.2387672133776631,True,True,118.15
medium_observer,1.25,7.409090909090909,25.0,4.0,160.0,0.251109620014066,True,True,118.25
medium_observer,1.25,7.7272727272727275,25.0,4.0,160.0,0.26305459270398535,True,True,118.35000000000001
medium_observer,1.25,8.045454545454545,25.0,4.0,160.0,0.27462311172780945,True,True,118.45
medium_observer,1.25,8.363636363636363,25.0,4.0,160.0,0.28583415492574366,True,True,118.55000000000001
medium_observer,1.25,8.681818181818182,25.0,4.0,160.0,0.29670358033144384,True,True,118.65
medium_observer,1.25,9.0,25.0,4.0,160.0,0.3072509102903415,True,True,118.80000000000001
medium_observer,1.25,9.318181818181818,25.0,4.0,160.0,0.3174885686541747,True,True,118.9
medium_observer,1.25,9.636363636363637,25.0,4.0,160.0,0.3274320150168225,True,True,119.0
medium_observer,1.25,9.954545454545453,25.0,4.0,160.0,0.3370946948655624,True,True,119.15
medium_observer,1.25,10.272727272727273,25.0,4.0,160.0,0.3464886955067069,True,True,119.25
medium_observer,1.25,10.59090909090909,25.0,4.0,160.0,0.355625583481761,False,True,119.4
medium_observer,1.25,10.909090909090908,25.0,4.0,160.0,0.36451638409437936,False,True,119.55000000000001
medium_observer,1.25,11.227272727272727,25.0,4.0,160.0,0.3731715776891944,False,True,119.7
medium_observer,1.25,11.545454545454545,25.0,4.0,160.0,0.3816000058610926,False,True,119.80000000000001
medium_observer,1.25,11.863636363636363,25.0,4.0,160.0,0.3898111742480768,False,True,119.95
medium_observer,1.25,12.181818181818182,25.0,4.0,160.0,0.39781441910820775,False,True,120.15
medium_observer,1.25,12.5,25.0,4.0,160.0,0.4056164078815415,False,True,120.30000000000001
medium_observer,1.25,12.818181818181818,25.0,4.0,160.0,0.4132261022162822,False,True,120.45
medium_observer,1.25,13.136363636363637,25.0,4.0,160.0,0.42065063761180416,False,True,120.60000000000001
medium_observer,1.25,13.454545454545455,25.0,4.0,160.0,0.4278958913407338,False,True,120.80000000000001
medium_observer,1.25,13.772727272727273,25.0,4.0,160.0,0.43496944440351853,False,True,120.95
medium_observer,1.25,14.09090909090909,25.0,4.0,160.0,0.4418773992978121,False,True,121.15
medium_observer,1.25,14.409090909090908,25.0,4.0,160.0,0.44862563415687745,False,True,121.30000000000001
medium_observer,1.25,14.727272727272727,25.0,4.0,160.0,0.45521980295546505,False,True,121.5
medium_observer,1.25,15.045454545454545,25.0,4.0,160.0,0.46166533770865187,False,True,121.7
medium_observer,1.25,15.363636363636363,25.0,4.0,160.0,0.46796745210428475,False,True,121.9
medium_observer,1.25,15.681818181818182,25.0,4.0,160.0,0.47413114615673857,False,True,122.10000000000001
medium_observer,1.25,16.0,25.0,4.0,160.0,0.4801609289464985,False,True,122.30000000000001
medium_observer,1.375,2.0,25.0,4.0,160.0,-0.14513833528376058,True,True,119.60000000000001
medium_observer,1.375,2.3181818181818183,25.0,4.0,160.0,-0.11835246362417769,True,True,119.65
medium_observer,1.375,2.6363636363636362,25.0,4.0,160.0,-0.09305989150637116,True,True,119.65
medium_observer,1.375,2.9545454545454546,25.0,4.0,160.0,-0.06910496098182489,True,True,119.7
medium_observer,1.375,3.2727272727272725,25.0,4.0,160.0,-0.04633702937120808,True,True,119.75
medium_observer,1.375,3.590909090909091,25.0,4.0,160.0,-0.024659766461670386,True,True,119.80000000000001
medium_observer,1.375,3.909090909090909,25.0,4.0,160.0,-0.0039617037451977494,True,True,119.85000000000001
medium_observer,1.375,4.227272727272727,25.0,4.0,160.0,0.0158314001155455,True,True,119.9
medium_observer,1.375,4.545454545454545,25.0,4.0,160.0,0.03479274420131619,True,True,119.95
medium_observer,1.375,4.863636363636363,25.0,4.0,160.0,0.05298153282325314,True,True,120.0
medium_observer,1.375,5.181818181818182,25.0,4.0,160.0,0.0704560117838978,True,True,120.05000000000001
medium_observer,1.375,5.5,25.0,4.0,160.0,0.08726086661723886,True,True,120.15
medium_observer,1.375,5.818181818181818,25.0,4.0,160.0,0.10343968261142543,True,True,120.2
medium_observer,1.375,6.136363636363637,25.0,4.0,160.0,0.11903368235476453,True,True,120.30000000000001
medium_observer,1.375,6.454545454545454,25.0,4.0,160.0,0.134080442768903,True,True,120.35000000000001
medium_observer,1.375,6.7727272727272725,25.0,4.0,160.0,0.14860585292150955,True,True,120.45
medium_observer,1.375,7.090909090909091,25.0,4.0,160.0,0.16264393471542915,True,True,120.55000000000001
medium_observer,1.375,7.409090909090909,25.0,4.0,160.0,0.17622058201547203,True,True,120.65
medium_observer,1.375,7.7272727272727275,25.0,4.0,160.0,0.18936005197438327,True,True,120.75
medium_observer,1.375,8.045454545454545,25.0,4.0,160.0,0.20208542290059028,True,True,120.85000000000001
medium_observer,1.375,8.363636363636363,25.0,4.0,160.0,0.21441757041831894,True,True,120.95
medium_observer,1.375,8.681818181818182,25.0,4.0,160.0,0.22637393836458888,True,True,121.05000000000001
medium_observer,1.375,9.0,25.0,4.0,160.0,0.23797600131937643,True,True,121.15
medium_observer,1.375,9.318181818181818,25.0,4.0,160.0,0.2492374255195927,True,True,121.25
medium_observer,1.375,9.636363636363637,25.0,4.0,160.0,0.26017521651850395,True,True,121.4
medium_observer,1.375,9.954545454545453,25.0,4.0,160.0,0.2708041643521186,True,True,121.5
medium_observer,1.375,10.272727272727273,25.0,4.0,160.0,0.2811375650573787,True,True,121.65
medium_observer,1.375,10.59090909090909,25.0,4.0,160.0,0.29118814182993763,True,True,121.80000000000001
medium_observer,1.375,10.909090909090908,25.0,4.0,160.0,0.30096802250381777,True,True,121.9
medium_observer,1.375,11.227272727272727,25.0,4.0,160.0,0.31048873545811373,True,True,122.05000000000001
medium_observer,1.375,11.545454545454545,25.0,4.0,160.0,0.3197600064472035,True,True,122.2
medium_observer,1.375,11.863636363636363,25.0,4.0,160.0,0.32879229167288515,True,True,122.35000000000001
medium_observer,1.375,12.181818181818182,25.0,4.0,160.0,0.337595861019029,True,True,122.5
medium_observer,1.375,12.5,25.0,4.0,160.0,0.3461780486696964,True,True,122.65
medium_observer,1.375,12.818181818181818,25.0,4.0,160.0,0.3545487124379101,False,True,122.80000000000001
medium_observer,1.375,13.136363636363637,25.0,4.0,160.0,0.36271570137298437,False,True,123.0
medium_observer,1.375,13.454545454545455,25.0,4.0,160.0,0.3706854804748068,False,True,123.15
medium_observer,1.375,13.772727272727273,25.0,4.0,160.0,0.37846638884386974,False,True,123.35000000000001
medium_observer,1.375,14.09090909090909,25.0,4.0,160.0,0.386065139227593,False,True,123.5
medium_observer,1.375,14.409090909090908,25.0,4.0,160.0,0.3934881975725651,False,True,123.7
medium_observer,1.375,14.727272727272727,25.0,4.0,160.0,0.40074178325101156,False,True,123.9
medium_observer,1.375,15.045454545454545,25.0,4.0,160.0,0.4078318714795174,False,True,124.05000000000001
medium_observer,1.375,15.363636363636363,25.0,4.0,160.0,0.41476419731471453,False,True,124.25
medium_observer,1.375,15.681818181818182,25.0,4.0,160.0,0.42154426077241186,False,True,124.45
medium_observer,1.375,16.0,25.0,4.0,160.0,0.42817702184114964,False,True,124.65
medium_observer,1.5,2.0,25.0,4.0,160.0,-0.24924182030955727,True,True,121.80000000000001
medium_observer,1.5,2.3181818181818183,25.0,4.0,160.0,-0.2200208694081936,True,True,121.80000000000001
medium_observer,1.5,2.6363636363636362,25.0,4.0,160.0,-0.19242897255240493,True,True,121.85000000000001
medium_observer,1.5,2.9545454545454546,25.0,4.0,160.0,-0.16629632107108117,True,True,121.9
medium_observer,1.5,3.2727272727272725,25.0,4.0,160.0,-0.14145857749586335,True,True,121.9
medium_observer,1.5,3.590909090909091,25.0,4.0,160.0,-0.11781065432182311,True,True,121.95
medium_observer,1.5,3.909090909090909,25.0,4.0,160.0,-0.09523094954021567,True,True,122.0
medium_observer,1.5,4.227272727272727,25.0,4.0,160.0,-0.0736384726012235,True,True,122.05000000000001
medium_observer,1.5,4.545454545454545,25.0,4.0,160.0,-0.05295336996220032,True,True,122.10000000000001
medium_observer,1.5,4.863636363636363,25.0,4.0,160.0,-0.033111055101906144,True,True,122.2
medium_observer,1.5,5.181818181818182,25.0,4.0,160.0,-0.014047987144838046,True,True,122.25
medium_observer,1.5,5.5,25.0,4.0,160.0,0.004284581764260713,True,True,122.30000000000001
medium_observer,1.5,5.818181818181818,25.0,4.0,160.0,0.02193419921246443,True,True,122.4
medium_observer,1.5,6.136363636363637,25.0,4.0,160.0,0.03894583529610738,True,True,122.45
medium_observer,1.5,6.454545454545454,25.0,4.0,160.0,0.05536048302062148,True,True,122.55000000000001
medium_observer,1.5,6.7727272727272725,25.0,4.0,160.0,0.07120638500528281,True,True,122.65
medium_observer,1.5,7.090909090909091,25.0,4.0,160.0,0.08652065605319559,True,True,122.7
medium_observer,1.5,7.409090909090909,25.0,4.0,160.0,0.10133154401687823,True,True,122.80000000000001
medium_observer,1.5,7.7272727272727275,25.0,4.0,160.0,0.11566551124478186,True,True,122.9
medium_observer,1.5,8.045454545454545,25.0,4.0,160.0,0.1295477340733709,True,True,123.0
medium_observer,1.5,8.363636363636363,25.0,4.0,160.0,0.14300098591089364,True,True,123.10000000000001
medium_observer,1.5,8.681818181818182,25.0,4.0,160.0,0.15604429639773268,True,True,123.2
medium_observer,1.5,9.0,25.0,4.0,160.0,0.16870109234840988,True,True,123.35000000000001
medium_observer,1.5,9.318181818181818,25.0,4.0,160.0,0.18098628238500988,True,True,123.45
medium_observer,1.5,9.636363636363637,25.0,4.0,160.0,0.19291841802018633,True,True,123.55000000000001
medium_observer,1.5,9.954545454545453,25.0,4.0,160.0,0.20451363383867466,True,True,123.7
medium_observer,1.5,10.272727272727273,25.0,4.0,160.0,0.21578643460804897,True,True,123.80000000000001
medium_observer,1.5,10.59090909090909,25.0,4.0,160.0,0.2267507001781141,True,True,123.95
medium_observer,1.5,10.909090909090908,25.0,4.0,160.0,0.2374196609132556,True,True,124.10000000000001
medium_observer,1.5,11.227272727272727,25.0,4.0,160.0,0.24780589322703303,True,True,124.25
medium_observer,1.5,11.545454545454545,25.0,4.0,160.0,0.2579200070333114,True,True,124.4
medium_observer,1.5,11.863636363636363,25.0,4.0,160.0,0.2677734090976918,True,True,124.55000000000001
medium_observer,1.5,12.181818181818182,25.0,4.0,160.0,0.2773773029298498,True,True,124.7
medium_observer,1.5,12.5,25.0,4.0,160.0,0.2867396894578503,True,True,124.85000000000001
medium_observer,1.5,12.818181818181818,25.0,4.0,160.0,0.2958713226595387,True,True,125.0
medium_observer,1.5,13.136363636363637,25.0,4.0,160.0,0.3047807651341653,True,True,125.15
medium_observer,1.5,13.454545454545455,25.0,4.0,160.0,0.3134750696088802,True,True,125.35000000000001
medium_observer,1.5,13.772727272727273,25.0,4.0,160.0,0.32196333328422183,True,True,125.5
medium_observer,1.5,14.09090909090909,25.0,4.0,160.0,0.3302528791573739,True,True,125.7
medium_observer,1.5,14.409090909090908,25.0,4.0,160.0,0.33835076098825195,True,True,125.85000000000001
medium_observer,1.5,14.727272727272727,25.0,4.0,160.0,0.3462637635465574,True,True,126.05000000000001
medium_observer,1.5,15.045454545454545,25.0,4.0,160.0,0.35399840525038256,False,True,126.25
medium_observer,1.5,15.363636363636363,25.0,4.0,160.0,0.3615609425251423,False,True,126.45
medium_observer,1.5,15.681818181818182,25.0,4.0,160.0,0.3689573753880849,False,True,126.65
medium_observer,1.5,16.0,25.0,4.0,160.0,0.376193114735799,False,True,126.85000000000001
medium_observer,1.625,2.0,25.0,4.0,160.0,-0.3533453053353536,True,True,123.80000000000001
medium_observer,1.625,2.3181818181818183,25.0,4.0,160.0,-0.3216892751922094,True,True,123.80000000000001
medium_observer,1.625,2.6363636363636362,25.0,4.0,160.0,-0.29179805359843813,True,True,123.85000000000001
medium_observer,1.625,2.9545454545454546,25.0,4.0,160.0,-0.2634876811603386,True,True,123.9
medium_observer,1.625,3.2727272727272725,25.0,4.0,160.0,-0.23658012562051858,True,True,123.9
medium_observer,1.625,3.590909090909091,25.0,4.0,160.0,-0.21096154218197474,True,True,123.95
medium_observer,1.625,3.909090909090909,25.0,4.0,160.0,-0.1865001953352333,True,True,124.0
medium_observer,1.625,4.227272727272727,25.0,4.0,160.0,-0.16310834531799195,True,True,124.05000000000001
medium_observer,1.625,4.545454545454545,25.0,4.0,160.0,-0.14069948412571773,True,True,124.10000000000001
medium_observer,1.625,4.863636363636363,25.0,4.0,160.0,-0.11920364302706409,True,True,124.2
medium_observer,1.625,5.181818181818182,25.0,4.0,160.0,-0.09855198607357503,True,True,124.25
medium_observer,1.625,5.5,25.0,4.0,160.0,-0.07869170308871772,True,True,124.30000000000001
medium_observer,1.625,5.818181818181818,25.0,4.0,160.0,-0.059571284186497035,True,True,124.4
medium_observer,1.625,6.136363636363637,25.0,4.0,160.0,-0.041142011762550834,True,True,124.45
medium_observer,1.625,6.454545454545454,25.0,4.0,160.0,-0.023359476727660818,True,True,124.55000000000001
medium_observer,1.625,6.7727272727272725,25.0,4.0,160.0,-0.006193082910943258,True,True,124.65
medium_observer,1.625,7.090909090909091,25.0,4.0,160.0,0.010397377390961344,True,True,124.7
medium_observer,1.625,7.409090909090909,25.0,4.0,160.0,0.026442506018285218,True,True,124.80000000000001
medium_observer,1.625,7.7272727272727275,25.0,4.0,160.0,0.041970970515180936,True,True,124.9
medium_observer,1.625,8.045454545454545,25.0,4.0,160.0,0.05701004524615225,True,True,125.0
medium_observer,1.625,8.363636363636363,25.0,4.0,160.0,0.07158440140346764,True,True,125.10000000000001
medium_observer,1.625,8.681818181818182,25.0,4.0,160.0,0.08571465443087674,True,True,125.2
medium_observer,1.625,9.0,25.0,4.0,160.0,0.09942618337744427,True,True,125.35000000000001
medium_observer,1.625,9.318181818181818,25.0,4.0,160.0,0.11273513925042729,True,True,125.45
medium_observer,1.625,9.636363636363637,25.0,4.0,160.0,0.12566161952186863,True,True,125.55000000000001
medium_observer,1.625,9.954545454545453,25.0,4.0,160.0,0.13822310332523077,True,True,125.7
medium_observer,1.625,10.272727272727273,25.0,4.0,160.0,0.15043530415871897,True,True,125.80000000000001
medium_observer,1.625,10.59090909090909,25.0,4.0,160.0,0.1623132585262898,True,True,125.95
medium_observer,1.625,10.909090909090908,25.0,4.0,160.0,0.17387129932269327,True,True,126.10000000000001
medium_observer,1.625,11.227272727272727,25.0,4.0,160.0,0.1851230509959526,True,True,126.25
medium_observer,1.625,11.545454545454545,25.0,4.0,160.0,0.19608000761942104,True,True,126.4
medium_observer,1.625,11.863636363636363,25.0,4.0,160.0,0.20675452652249923,True,True,126.55000000000001
medium_observer,1.625,12.181818181818182,25.0,4.0,160.0,0.21715874484067008,True,True,126.7
medium_observer,1.625,12.5,25.0,4.0,160.0,0.22730133024600407,True,True,126.85000000000001
medium_observer,1.625,12.818181818181818,25.0,4.0,160.0,0.23719393288116677,True,True,127.0
medium_observer,1.625,13.136363636363637,25.0,4.0,160.0,0.24684582889534515,True,True,127.15
medium_observer,1.625,13.454545454545455,25.0,4.0,160.0,0.2562646587429537,True,True,127.35000000000001
medium_observer,1.625,13.772727272727273,25.0,4.0,160.0,0.2654602777245737,True,True,127.5
medium_observer,1.625,14.09090909090909,25.0,4.0,160.0,0.27444061908715545,True,True,127.7
medium_observer,1.625,14.409090909090908,25.0,4.0,160.0,0.28321332440394065,True,True,127.85000000000001
medium_observer,1.625,14.727272727272727,25.0,4.0,160.0,0.2917857438421042,True,True,128.05
medium_observer,1.625,15.045454545454545,25.0,4.0,160.0,0.3001649390212475,True,True,128.25
medium_observer,1.625,15.363636363636363,25.0,4.0,160.0,0.3083576877355711,True,True,128.45000000000002
medium_observer,1.625,15.681818181818182,25.0,4.0,160.0,0.3163704900037592,True,True,128.65
medium_observer,1.625,16.0,25.0,4.0,160.0,0.32420920763044875,True,True,128.85
medium_observer,1.75,2.0,25.0,4.0,160.0,-0.4574487903611507,True,True,125.65
medium_observer,1.75,2.3181818181818183,25.0,4.0,160.0,-0.423357680976227,True,True,125.65
medium_observer,1.75,2.6363636363636362,25.0,4.0,160.0,-0.39116713464447217,True,True,125.7
medium_observer,1.75,2.9545454545454546,25.0,4.0,160.0,-0.3606790412495947,True,True,125.75
medium_observer,1.75,3.2727272727272725,25.0,4.0,160.0,-0.33170167374517406,True,True,125.75
medium_observer,1.75,3.590909090909091,25.0,4.0,160.0,-0.30411243004212607,True,True,125.80000000000001
medium_observer,1.75,3.909090909090909,25.0,4.0,160.0,-0.2777694411302516,True,True,125.85000000000001
medium_observer,1.75,4.227272727272727,25.0,4.0,160.0,-0.25257821803476094,True,True,125.9
medium_observer,1.75,4.545454545454545,25.0,4.0,160.0,-0.2284455982892337,True,True,125.95
medium_observer,1.75,4.863636363636363,25.0,4.0,160.0,-0.20529623095222338,True,True,126.05000000000001
medium_observer,1.75,5.181818181818182,25.0,4.0,160.0,-0.18305598500231118,True,True,126.10000000000001
medium_observer,1.75,5.5,25.0,4.0,160.0,-0.16166798794169682,True,True,126.15
medium_observer,1.75,5.818181818181818,25.0,4.0,160.0,-0.14107676758545853,True,True,126.25
medium_observer,1.75,6.136363636363637,25.0,4.0,160.0,-0.12122985882120887,True,True,126.30000000000001
medium_observer,1.75,6.454545454545454,25.0,4.0,160.0,-0.10207943647594228,True,True,126.4
medium_observer,1.75,6.7727272727272725,25.0,4.0,160.0,-0.08359255082716952,True,True,126.5
medium_observer,1.75,7.090909090909091,25.0,4.0,160.0,-0.06572590127127115,True,True,126.55000000000001
medium_observer,1.75,7.409090909090909,25.0,4.0,160.0,-0.048446531980307975,True,True,126.65
medium_observer,1.75,7.7272727272727275,25.0,4.0,160.0,-0.03172357021442094,True,True,126.75
medium_observer,1.75,8.045454545454545,25.0,4.0,160.0,-0.015527643581067034,True,True,126.85000000000001
medium_observer,1.75,8.363636363636363,25.0,4.0,160.0,0.00016781689604228913,True,True,126.95
medium_observer,1.75,8.681818181818182,25.0,4.0,160.0,0.015385012464021096,True,True,127.05000000000001
medium_observer,1.75,9.0,25.0,4.0,160.0,0.030151274406478853,True,True,127.2
medium_observer,1.75,9.318181818181818,25.0,4.0,160.0,0.04448399611584501,True,True,127.30000000000001
medium_observer,1.75,9.636363636363637,25.0,4.0,160.0,0.05840482102355091,True,True,127.4
medium_observer,1.75,9.954545454545453,25.0,4.0,160.0,0.07193257281178701,True,True,127.55000000000001
medium_observer,1.75,10.272727272727273,25.0,4.0,160.0,0.08508417370939036,True,True,127.65
medium_observer,1.75,10.59090909090909,25.0,4.0,160.0,0.09787581687446598,True,True,127.80000000000001
medium_observer,1.75,10.909090909090908,25.0,4.0,160.0,0.1103229377321317,True,True,127.95
medium_observer,1.75,11.227272727272727,25.0,4.0,160.0,0.12244020876487184,True,True,128.1
medium_observer,1.75,11.545454545454545,25.0,4.0,160.0,0.1342400082055304,True,True,128.25
medium_observer,1.75,11.863636363636363,25.0,4.0,160.0,0.14573564394730762,True,True,128.4
medium_observer,1.75,12.181818181818182,25.0,4.0,160.0,0.15694018675149088,True,True,128.55
medium_observer,1.75,12.5,25.0,4.0,160.0,0.16786297103415915,True,True,128.70000000000002
medium_observer,1.75,12.818181818181818,25.0,4.0,160.0,0.17851654310279552,True,True,128.85
medium_observer,1.75,13.136363636363637,25.0,4.0,160.0,0.18891089265652533,True,True,129.0
medium_observer,1.75,13.454545454545455,25.0,4.0,160.0,0.19905424787702655,True,True,129.20000000000002
medium_observer,1.75,13.772727272727273,25.0,4.0,160.0,0.20895722216492532,True,True,129.35
medium_observer,1.75,14.09090909090909,25.0,4.0,160.0,0.21862835901693708,True,True,129.55
medium_observer,1.75,14.409090909090908,25.0,4.0,160.0,0.22807588781962773,True,True,129.70000000000002
medium_observer,1.75,14.727272727272727,25.0,4.0,160.0,0.23730772413765094,True,True,129.9
medium_observer,1.75,15.045454545454545,25.0,4.0,160.0,0.2463314727921129,True,True,130.1
medium_observer,1.75,15.363636363636363,25.0,4.0,160.0,0.25515443294600004,True,True,130.3
medium_observer,1.75,15.681818181818182,25.0,4.0,160.0,0.26378360461943295,True,True,130.5
medium_observer,1.75,16.0,25.0,4.0,160.0,0.2722253005250989,True,True,130.70000000000002
medium_observer,1.875,2.0,25.0,4.0,160.0,-0.5615522753869463,True,True,127.35000000000001
medium_observer,1.875,2.3181818181818183,25.0,4.0,160.0,-0.5250260867602432,True,True,127.4
medium_observer,1.875,2.6363636363636362,25.0,4.0,160.0,-0.4905362156905064,True,True,127.4
medium_observer,1.875,2.9545454545454546,25.0,4.0,160.0,-0.4578704013388523,True,True,127.45
medium_observer,1.875,3.2727272727272725,25.0,4.0,160.0,-0.42682322186982863,True,True,127.5
medium_observer,1.875,3.590909090909091,25.0,4.0,160.0,-0.3972633179022784,True,True,127.55000000000001
medium_observer,1.875,3.909090909090909,25.0,4.0,160.0,-0.36903868692526925,True,True,127.60000000000001
medium_observer,1.875,4.227272727272727,25.0,4.0,160.0,-0.34204809075152914,True,True,127.65
medium_observer,1.875,4.545454545454545,25.0,4.0,160.0,-0.3161917124527505,True,True,127.7
medium_observer,1.875,4.863636363636363,25.0,4.0,160.0,-0.2913888188773816,True,True,127.75
medium_observer,1.875,5.181818181818182,25.0,4.0,160.0,-0.26755998393104846,True,True,127.80000000000001
medium_observer,1.875,5.5,25.0,4.0,160.0,-0.24464427279467477,True,True,127.9
medium_observer,1.875,5.818181818181818,25.0,4.0,160.0,-0.2225822509844197,True,True,127.95
medium_observer,1.875,6.136363636363637,25.0,4.0,160.0,-0.2013177058798665,True,True,128.05
medium_observer,1.875,6.454545454545454,25.0,4.0,160.0,-0.1807993962242243,True,True,128.1
medium_observer,1.875,6.7727272727272725,25.0,4.0,160.0,-0.16099201874339575,True,True,128.20000000000002
medium_observer,1.875,7.090909090909091,25.0,4.0,160.0,-0.14184917993350585,True,True,128.3
medium_observer,1.875,7.409090909090909,25.0,4.0,160.0,-0.1233355699789013,True,True,128.4
medium_observer,1.875,7.7272727272727275,25.0,4.0,160.0,-0.1054181109440218,True,True,128.5
medium_observer,1.875,8.045454545454545,25.0,4.0,160.0,-0.08806533240828568,True,True,128.6
medium_observer,1.875,8.363636363636363,25.0,4.0,160.0,-0.07124876761138287,True,True,128.70000000000002
medium_observer,1.875,8.681818181818182,25.0,4.0,160.0,-0.05494462950283424,True,True,128.8
medium_observer,1.875,9.0,25.0,4.0,160.0,-0.039123634564487135,True,True,128.9
medium_observer,1.875,9.318181818181818,25.0,4.0,160.0,-0.023767147018737906,True,True,129.0
medium_observer,1.875,9.636363636363637,25.0,4.0,160.0,-0.008851977474766964,True,True,129.15
medium_observer,1.875,9.954545454545453,25.0,4.0,160.0,0.005642042298343336,True,True,129.25
medium_observer,1.875,10.272727272727273,25.0,4.0,160.0,0.019733043260060656,True,True,129.4
medium_observer,1.875,10.59090909090909,25.0,4.0,160.0,0.033438375222642314,True,True,129.55
medium_observer,1.875,10.909090909090908,25.0,4.0,160.0,0.04677457614156999,True,True,129.65
medium_observer,1.875,11.227272727272727,25.0,4.0,160.0,0.05975736653379187,True,True,129.8
medium_observer,1.875,11.545454545454545,25.0,4.0,160.0,0.07240000879164023,True,True,129.95000000000002
medium_observer,1.875,11.863636363636363,25.0,4.0,160.0,0.08471676137211483,True,True,130.1
medium_observer,1.875,12.181818181818182,25.0,4.0,160.0,0.09672162866231207,True,True,130.25
medium_observer,1.875,12.5,25.0,4.0,160.0,0.10842461182231339,True,True,130.4
medium_observer,1.875,12.818181818181818,25.0,4.0,160.0,0.11983915332442337,True,True,130.55
medium_observer,1.875,13.136363636363637,25.0,4.0,160.0,0.13097595641770557,True,True,130.75
medium_observer,1.875,13.454545454545455,25.0,4.0,160.0,0.14184383701110026,True,True,130.9
medium_observer,1.875,13.772727272727273,25.0,4.0,160.0,0.1524541666052768,True,True,131.1
medium_observer,1.875,14.09090909090909,25.0,4.0,160.0,0.16281609894671822,True,True,131.25
medium_observer,1.875,14.409090909090908,25.0,4.0,160.0,0.17293845123531576,True,True,131.45000000000002
medium_observer,1.875,14.727272727272727,25.0,4.0,160.0,0.1828297044331977,True,True,131.6
medium_observer,1.875,15.045454545454545,25.0,4.0,160.0,0.1924980065629784,True,True,131.8
medium_observer,1.875,15.363636363636363,25.0,4.0,160.0,0.2019511781564278,True,True,132.0
medium_observer,1.875,15.681818181818182,25.0,4.0,160.0,0.21119671923510727,True,True,132.20000000000002
medium_observer,1.875,16.0,25.0,4.0,160.0,0.22024139341974866,True,True,132.4
medium_observer,2.0,2.0,25.0,4.0,160.0,-0.665655760412743,True,True,128.95000000000002
medium_observer,2.0,2.3181818181818183,25.0,4.0,160.0,-0.6266944925442587,True,True,129.0
medium_observer,2.0,2.6363636363636362,25.0,4.0,160.0,-0.5899052967365398,True,True,129.05
medium_observer,2.0,2.9545454545454546,25.0,4.0,160.0,-0.5550617614281089,True,True,129.05
medium_observer,2.0,3.2727272727272725,25.0,4.0,160.0,-0.5219447699944835,True,True,129.1
medium_observer,2.0,3.590909090909091,25.0,4.0,160.0,-0.49041420576242983,True,True,129.15
medium_observer,2.0,3.909090909090909,25.0,4.0,160.0,-0.46030793272028786,True,True,129.20000000000002
medium_observer,2.0,4.227272727272727,25.0,4.0,160.0,-0.4315179634682975,True,True,129.25
medium_observer,2.0,4.545454545454545,25.0,4.0,160.0,-0.40393782661626787,True,True,129.3
medium_observer,2.0,4.863636363636363,25.0,4.0,160.0,-0.3774814068025411,True,True,129.35
medium_observer,2.0,5.181818181818182,25.0,4.0,160.0,-0.3520639828597847,True,True,129.45000000000002
medium_observer,2.0,5.5,25.0,4.0,160.0,-0.32762055764765224,True,True,129.5
medium_observer,2.0,5.818181818181818,25.0,4.0,160.0,-0.30408773438338094,True,True,129.55
medium_observer,2.0,6.136363636363637,25.0,4.0,160.0,-0.281405552938524,True,True,129.65
medium_observer,2.0,6.454545454545454,25.0,4.0,160.0,-0.2595193559725058,True,True,129.75
medium_observer,2.0,6.7727272727272725,25.0,4.0,160.0,-0.23839148665962268,True,True,129.8
medium_observer,2.0,7.090909090909091,25.0,4.0,160.0,-0.21797245859573897,True,True,129.9
medium_observer,2.0,7.409090909090909,25.0,4.0,160.0,-0.19822460797749497,True,True,130.0
medium_observer,2.0,7.7272727272727275,25.0,4.0,160.0,-0.1791126516736236,True,True,130.1
medium_observer,2.0,8.045454545454545,25.0,4.0,160.0,-0.16060302123550488,True,True,130.20000000000002
medium_observer,2.0,8.363636363636363,25.0,4.0,160.0,-0.14266535211880824,True,True,130.3
medium_observer,2.0,8.681818181818182,25.0,4.0,160.0,-0.12527427146969047,True,True,130.4
medium_observer,2.0,9.0,25.0,4.0,160.0,-0.10839854353545339,True,True,130.5
medium_observer,2.0,9.318181818181818,25.0,4.0,160.0,-0.09201829015332012,True,True,130.65
medium_observer,2.0,9.636363636363637,25.0,4.0,160.0,-0.0761087759730847,True,True,130.75
medium_observer,2.0,9.954545454545453,25.0,4.0,160.0,-0.06064848821510071,True,True,130.9
medium_observer,2.0,10.272727272727273,25.0,4.0,160.0,-0.04561808718926904,True,True,131.0
medium_observer,2.0,10.59090909090909,25.0,4.0,160.0,-0.030999066429182053,True,True,131.15
medium_observer,2.0,10.909090909090908,25.0,4.0,160.0,-0.016773785448992724,True,True,131.3
medium_observer,2.0,11.227272727272727,25.0,4.0,160.0,-0.0029254756972892574,True,True,131.4
medium_observer,2.0,11.545454545454545,25.0,4.0,160.0,0.010560009377749325,True,True,131.55
medium_observer,2.0,11.863636363636363,25.0,4.0,160.0,0.023697878796922308,True,True,131.70000000000002
medium_observer,2.0,12.181818181818182,25.0,4.0,160.0,0.03650307057313258,True,True,131.85
medium_observer,2.0,12.5,25.0,4.0,160.0,0.04898625261046794,True,True,132.0
medium_observer,2.0,12.818181818181818,25.0,4.0,160.0,0.06116176354605134,True,True,132.20000000000002
medium_observer,2.0,13.136363636363637,25.0,4.0,160.0,0.07304102017888646,True,True,132.35
medium_observer,2.0,13.454545454545455,25.0,4.0,160.0,0.0846334261451736,True,True,132.5
medium_observer,2.0,13.772727272727273,25.0,4.0,160.0,0.09595111104562891,True,True,132.70000000000002
medium_observer,2.0,14.09090909090909,25.0,4.0,160.0,0.10700383887649947,True,True,132.85
medium_observer,2.0,14.409090909090908,25.0,4.0,160.0,0.11780101465100379,True,True,133.05
medium_observer,2.0,14.727272727272727,25.0,4.0,160.0,0.12835168472874411,True,True,133.25
medium_observer,2.0,15.045454545454545,25.0,4.0,160.0,0.13866454033384304,True,True,133.4
medium_observer,2.0,15.363636363636363,25.0,4.0,160.0,0.14874792336685638,True,True,133.6
medium_observer,2.0,15.681818181818182,25.0,4.0,160.0,0.15860983385078004,True,True,133.8
medium_observer,2.0,16.0,25.0,4.0,160.0,0.16825748631439896,True,True,134.0
medium_observer,2.125,2.0,25.0,4.0,160.0,-0.7697592454385397,True,True,130.5
medium_observer,2.125,2.3181818181818183,25.0,4.0,160.0,-0.7283628983282749,True,True,130.5
medium_observer,2.125,2.6363636363636362,25.0,4.0,160.0,-0.6892743777825735,True,True,130.55
medium_observer,2.125,2.9545454545454546,25.0,4.0,160.0,-0.6522531215173646,True,True,130.6
medium_observer,2.125,3.2727272727272725,25.0,4.0,160.0,-0.6170663181191396,True,True,130.6
medium_observer,2.125,3.590909090909091,25.0,4.0,160.0,-0.5835650936225816,True,True,130.65
medium_observer,2.125,3.909090909090909,25.0,4.0,160.0,-0.5515771785153054,True,True,130.70000000000002
medium_observer,2.125,4.227272727272727,25.0,4.0,160.0,-0.520987836185067,True,True,130.75
medium_observer,2.125,4.545454545454545,25.0,4.0,160.0,-0.49168394077978433,True,True,130.8
medium_observer,2.125,4.863636363636363,25.0,4.0,160.0,-0.46357399472769917,True,True,130.9
medium_observer,2.125,5.181818181818182,25.0,4.0,160.0,-0.4365679817885216,True,True,130.95000000000002
medium_observer,2.125,5.5,25.0,4.0,160.0,-0.41059684250063067,True,True,131.0
medium_observer,2.125,5.818181818181818,25.0,4.0,160.0,-0.3855932177823417,True,True,131.1
medium_observer,2.125,6.136363636363637,25.0,4.0,160.0,-0.36149339999718233,True,True,131.15
medium_observer,2.125,6.454545454545454,25.0,4.0,160.0,-0.33823931572078697,True,True,131.25
medium_observer,2.125,6.7727272727272725,25.0,4.0,160.0,-0.3157909545758481,True,True,131.35
medium_observer,2.125,7.090909090909091,25.0,4.0,160.0,-0.29409573725797317,True,True,131.4
medium_observer,2.125,7.409090909090909,25.0,4.0,160.0,-0.2731136459760887,True,True,131.5
medium_observer,2.125,7.7272727272727275,25.0,4.0,160.0,-0.25280719240322536,True,True,131.6
medium_observer,2.125,8.045454545454545,25.0,4.0,160.0,-0.23314071006272466,True,True,131.70000000000002
medium_observer,2.125,8.363636363636363,25.0,4.0,160.0,-0.21408193662623462,True,True,131.8
medium_observer,2.125,8.681818181818182,25.0,4.0,160.0,-0.19560391343654535,True,True,131.9
medium_observer,2.125,9.0,25.0,4.0,160.0,-0.1776734525064186,True,True,132.05
medium_observer,2.125,9.318181818181818,25.0,4.0,160.0,-0.16026943328790247,True,True,132.15
medium_observer,2.125,9.636363636363637,25.0,4.0,160.0,-0.14336557447140263,True,True,132.25
medium_observer,2.125,9.954545454545453,25.0,4.0,160.0,-0.12693901872854413,True,True,132.4
medium_observer,2.125,10.272727272727273,25.0,4.0,160.0,-0.11096921763859807,True,True,132.5
medium_observer,2.125,10.59090909090909,25.0,4.0,160.0,-0.09543650808100582,True,True,132.65
medium_observer,2.125,10.909090909090908,25.0,4.0,160.0,-0.08032214703955497,True,True,132.8
medium_observer,2.125,11.227272727272727,25.0,4.0,160.0,-0.06560831792836938,True,True,132.95000000000002
medium_observer,2.125,11.545454545454545,25.0,4.0,160.0,-0.05127999003614151,True,True,133.1
medium_observer,2.125,11.863636363636363,25.0,4.0,160.0,-0.03732100377826944,True,True,133.25
medium_observer,2.125,12.181818181818182,25.0,4.0,160.0,-0.023715487516046227,True,True,133.4
medium_observer,2.125,12.5,25.0,4.0,160.0,-0.010452106601377862,True,True,133.55
medium_observer,2.125,12.818181818181818,25.0,4.0,160.0,0.0024843737676801684,True,True,133.70000000000002
medium_observer,2.125,13.136363636363637,25.0,4.0,160.0,0.015106083940066992,True,True,133.85
medium_observer,2.125,13.454545454545455,25.0,4.0,160.0,0.027423015279247096,True,True,134.05
medium_observer,2.125,13.772727272727273,25.0,4.0,160.0,0.03944805548598097,True,True,134.20000000000002
medium_observer,2.125,14.09090909090909,25.0,4.0,160.0,0.051191578806280544,True,True,134.4
medium_observer,2.125,14.409090909090908,25.0,4.0,160.0,0.06266357806669105,True,True,134.55
medium_observer,2.125,14.727272727272727,25.0,4.0,160.0,0.07387366502429042,True,True,134.75
medium_observer,2.125,15.045454545454545,25.0,4.0,160.0,0.08483107410470837,True,True,134.95000000000002
medium_observer,2.125,15.363636363636363,25.0,4.0,160.0,0.0955446685772855,True,True,135.15
medium_observer,2.125,15.681818181818182,25.0,4.0,160.0,0.10602294846645409,True,True,135.35
medium_observer,2.125,16.0,25.0,4.0,160.0,0.11627357920904906,True,True,135.55
medium_observer,2.25,2.0,25.0,4.0,160.0,-0.8738627304643362,True,True,131.9
medium_observer,2.25,2.3181818181818183,25.0,4.0,160.0,-0.8300313041122914,True,True,131.95000000000002
medium_observer,2.25,2.6363636363636362,25.0,4.0,160.0,-0.7886434588286073,True,True,131.95000000000002
medium_observer,2.25,2.9545454545454546,25.0,4.0,160.0,-0.7494444816066216,True,True,132.0
medium_observer,2.25,3.2727272727272725,25.0,4.0,160.0,-0.7121878662437943,True,True,132.05
medium_observer,2.25,3.590909090909091,25.0,4.0,160.0,-0.6767159814827339,True,True,132.1
medium_observer,2.25,3.909090909090909,25.0,4.0,160.0,-0.6428464243103232,True,True,132.15
medium_observer,2.25,4.227272727272727,25.0,4.0,160.0,-0.6104577089018354,True,True,132.20000000000002
medium_observer,2.25,4.545454545454545,25.0,4.0,160.0,-0.5794300549433018,True,True,132.25
medium_observer,2.25,4.863636363636363,25.0,4.0,160.0,-0.5496665826528582,True,True,132.3
medium_observer,2.25,5.181818181818182,25.0,4.0,160.0,-0.521071980717258,True,True,132.35
medium_observer,2.25,5.5,25.0,4.0,160.0,-0.4935731273536089,True,True,132.45000000000002
medium_observer,2.25,5.818181818181818,25.0,4.0,160.0,-0.46709870118130414,True,True,132.5
medium_observer,2.25,6.136363636363637,25.0,4.0,160.0,-0.4415812470558394,True,True,132.6
medium_observer,2.25,6.454545454545454,25.0,4.0,160.0,-0.4169592754690681,True,True,132.65
medium_observer,2.25,6.7727272727272725,25.0,4.0,160.0,-0.39319042249207503,True,True,132.75
medium_observer,2.25,7.090909090909091,25.0,4.0,160.0,-0.3702190159202066,True,True,132.85
medium_observer,2.25,7.409090909090909,25.0,4.0,160.0,-0.3480026839746819,True,True,132.95000000000002
medium_observer,2.25,7.7272727272727275,25.0,4.0,160.0,-0.3265017331328269,True,True,133.05
medium_observer,2.25,8.045454545454545,25.0,4.0,160.0,-0.3056783988899439,True,True,133.15
medium_observer,2.25,8.363636363636363,25.0,4.0,160.0,-0.28549852113366003,True,True,133.25
medium_observer,2.25,8.681818181818182,25.0,4.0,160.0,-0.26593355540340124,True,True,133.35
medium_observer,2.25,9.0,25.0,4.0,160.0,-0.24694836147738458,True,True,133.45000000000002
medium_observer,2.25,9.318181818181818,25.0,4.0,160.0,-0.22852057642248483,True,True,133.55
medium_observer,2.25,9.636363636363637,25.0,4.0,160.0,-0.21062237296972025,True,True,133.70000000000002
medium_observer,2.25,9.954545454545453,25.0,4.0,160.0,-0.19322954924198774,True,True,133.8
medium_observer,2.25,10.272727272727273,25.0,4.0,160.0,-0.17632034808792696,True,True,133.95000000000002
medium_observer,2.25,10.59090909090909,25.0,4.0,160.0,-0.1598739497328291,True,True,134.1
medium_observer,2.25,10.909090909090908,25.0,4.0,160.0,-0.1438705086301171,True,True,134.20000000000002
medium_observer,2.25,11.227272727272727,25.0,4.0,160.0,-0.12829116015945038,True,True,134.35
medium_observer,2.25,11.545454545454545,25.0,4.0,160.0,-0.11311998945003185,True,True,134.5
medium_observer,2.25,11.863636363636363,25.0,4.0,160.0,-0.0983398863534616,True,True,134.65
medium_observer,2.25,12.181818181818182,25.0,4.0,160.0,-0.08393404560522581,True,True,134.8
medium_observer,2.25,12.5,25.0,4.0,160.0,-0.06989046581322482,True,True,134.95000000000002
medium_observer,2.25,12.818181818181818,25.0,4.0,160.0,-0.05619301601069223,True,True,135.1
medium_observer,2.25,13.136363636363637,25.0,4.0,160.0,-0.04282885229875337,True,True,135.3
medium_observer,2.25,13.454545454545455,25.0,4.0,160.0,-0.029787395586679383,True,True,135.45000000000002
medium_observer,2.25,13.772727272727273,25.0,4.0,160.0,-0.01705500007366757,True,True,135.65
medium_observer,2.25,14.09090909090909,25.0,4.0,160.0,-0.004620681263938317,True,True,135.8
medium_observer,2.25,14.409090909090908,25.0,4.0,160.0,0.007526141482378721,True,True,136.0
medium_observer,2.25,14.727272727272727,25.0,4.0,160.0,0.019395645319836785,True,True,136.20000000000002
medium_observer,2.25,15.045454545454545,25.0,4.0,160.0,0.030997607875573867,True,True,136.35
medium_observer,2.25,15.363636363636363,25.0,4.0,160.0,0.0423414137877136,True,True,136.55
medium_observer,2.25,15.681818181818182,25.0,4.0,160.0,0.0534360630821281,True,True,136.75
medium_observer,2.25,16.0,25.0,4.0,160.0,0.06428967210369864,True,True,136.95000000000002
medium_observer,2.375,2.0,25.0,4.0,160.0,-0.9779662154901323,True,True,133.25
medium_observer,2.375,2.3181818181818183,25.0,4.0,160.0,-0.9316997098963069,True,True,133.3
medium_observer,2.375,2.6363636363636362,25.0,4.0,160.0,-0.888012539874641,True,True,133.3
medium_observer,2.375,2.9545454545454546,25.0,4.0,160.0,-0.846635841695879,True,True,133.35
medium_observer,2.375,3.2727272727272725,25.0,4.0,160.0,-0.8073094143684506,True,True,133.4
medium_observer,2.375,3.590909090909091,25.0,4.0,160.0,-0.7698668693428856,True,True,133.45000000000002
medium_observer,2.375,3.909090909090909,25.0,4.0,160.0,-0.7341156701053423,True,True,133.5
medium_observer,2.375,4.227272727272727,25.0,4.0,160.0,-0.6999275816186038,True,True,133.55
medium_observer,2.375,4.545454545454545,25.0,4.0,160.0,-0.667176169106817,True,True,133.6
medium_observer,2.375,4.863636363636363,25.0,4.0,160.0,-0.6357591705780163,True,True,133.65
medium_observer,2.375,5.181818181818182,25.0,4.0,160.0,-0.6055759796459946,True,True,133.70000000000002
medium_observer,2.375,5.5,25.0,4.0,160.0,-0.5765494122065876,True,True,133.8
medium_observer,2.375,5.818181818181818,25.0,4.0,160.0,-0.5486041845802649,True,True,133.85
medium_observer,2.375,6.136363636363637,25.0,4.0,160.0,-0.5216690941144972,True,True,133.95000000000002
medium_observer,2.375,6.454545454545454,25.0,4.0,160.0,-0.49567923521735086,True,True,134.0
medium_observer,2.375,6.7727272727272725,25.0,4.0,160.0,-0.47058989040830057,True,True,134.1
medium_observer,2.375,7.090909090909091,25.0,4.0,160.0,-0.4463422945824403,True,True,134.20000000000002
medium_observer,2.375,7.409090909090909,25.0,4.0,160.0,-0.42289172197327546,True,True,134.3
medium_observer,2.375,7.7272727272727275,25.0,4.0,160.0,-0.4001962738624285,True,True,134.4
medium_observer,2.375,8.045454545454545,25.0,4.0,160.0,-0.37821608771716275,True,True,134.5
medium_observer,2.375,8.363636363636363,25.0,4.0,160.0,-0.35691510564108453,True,True,134.6
medium_observer,2.375,8.681818181818182,25.0,4.0,160.0,-0.3362631973702566,True,True,134.70000000000002
medium_observer,2.375,9.0,25.0,4.0,160.0,-0.3162232704483502,True,True,134.8
medium_observer,2.375,9.318181818181818,25.0,4.0,160.0,-0.2967717195570678,True,True,134.9
medium_observer,2.375,9.636363636363637,25.0,4.0,160.0,-0.277879171468038,True,True,135.05
medium_observer,2.375,9.954545454545453,25.0,4.0,160.0,-0.2595200797554318,True,True,135.15
medium_observer,2.375,10.272727272727273,25.0,4.0,160.0,-0.24167147853725615,True,True,135.3
medium_observer,2.375,10.59090909090909,25.0,4.0,160.0,-0.2243113913846535,True,True,135.45000000000002
medium_observer,2.375,10.909090909090908,25.0,4.0,160.0,-0.20741887022067873,True,True,135.55
medium_observer,2.375,11.227272727272727,25.0,4.0,160.0,-0.190974002390531,True,True,135.70000000000002
medium_observer,2.375,11.545454545454545,25.0,4.0,160.0,-0.17495998886392233,True,True,135.85
medium_observer,2.375,11.863636363636363,25.0,4.0,160.0,-0.1593587689286548,True,True,136.0
medium_observer,2.375,12.181818181818182,25.0,4.0,160.0,-0.14415260369440488,True,True,136.15
medium_observer,2.375,12.5,25.0,4.0,160.0,-0.12932882502506918,True,True,136.3
medium_observer,2.375,12.818181818181818,25.0,4.0,160.0,-0.11487040578906327,True,True,136.45000000000002
medium_observer,2.375,13.136363636363637,25.0,4.0,160.0,-0.10076378853757244,True,True,136.65
medium_observer,2.375,13.454545454545455,25.0,4.0,160.0,-0.08699780645260632,True,True,136.8
medium_observer,2.375,13.772727272727273,25.0,4.0,160.0,-0.0735580556333151,True,True,137.0
medium_observer,2.375,14.09090909090909,25.0,4.0,160.0,-0.06043294133415741,True,True,137.15
medium_observer,2.375,14.409090909090908,25.0,4.0,160.0,-0.04761129510193324,True,True,137.35
medium_observer,2.375,14.727272727272727,25.0,4.0,160.0,-0.035082374384616366,True,True,137.55
medium_observer,2.375,15.045454545454545,25.0,4.0,160.0,-0.022835858353561226,True,True,137.70000000000002
medium_observer,2.375,15.363636363636363,25.0,4.0,160.0,-0.010861841001857673,True,True,137.9
medium_observer,2.375,15.681818181818182,25.0,4.0,160.0,0.0008491776978018959,True,True,138.1
medium_observer,2.375,16.0,25.0,4.0,160.0,0.012305764998348992,True,True,138.3
medium_observer,2.5,2.0,25.0,4.0,160.0,-1.0820697005159292,True,True,134.55
medium_observer,2.5,2.3181818181818183,25.0,4.0,160.0,-1.0333681156803232,True,True,134.55
medium_observer,2.5,2.6363636363636362,25.0,4.0,160.0,-0.9873816209206738,True,True,134.6
medium_observer,2.5,2.9545454545454546,25.0,4.0,160.0,-0.943827201785136,True,True,134.65
medium_observer,2.5,3.2727272727272725,25.0,4.0,160.0,-0.9024309624931057,True,True,134.70000000000002
medium_observer,2.5,3.590909090909091,25.0,4.0,160.0,-0.8630177572030376,True,True,134.70000000000002
medium_observer,2.5,3.909090909090909,25.0,4.0,160.0,-0.8253849159003597,True,True,134.75
medium_observer,2.5,4.227272727272727,25.0,4.0,160.0,-0.7893974543353726,True,True,134.8
medium_observer,2.5,4.545454545454545,25.0,4.0,160.0,-0.7549222832703341,True,True,134.9
medium_observer,2.5,4.863636363636363,25.0,4.0,160.0,-0.7218517585031757,True,True,134.95000000000002
medium_observer,2.5,5.181818181818182,25.0,4.0,160.0,-0.6900799785747299,True,True,135.0
medium_observer,2.5,5.5,25.0,4.0,160.0,-0.6595256970595653,True,True,135.05
medium_observer,2.5,5.818181818181818,25.0,4.0,160.0,-0.6301096679792266,True,True,135.15
medium_observer,2.5,6.136363636363637,25.0,4.0,160.0,-0.6017569411731554,True,True,135.20000000000002
medium_observer,2.5,6.454545454545454,25.0,4.0,160.0,-0.5743991949656313,True,True,135.3
medium_observer,2.5,6.7727272727272725,25.0,4.0,160.0,-0.5479893583245279,True,True,135.4
medium_observer,2.5,7.090909090909091,25.0,4.0,160.0,-0.522465573244674,True,True,135.45000000000002
medium_observer,2.5,7.409090909090909,25.0,4.0,160.0,-0.4977807599718694,True,True,135.55
medium_observer,2.5,7.7272727272727275,25.0,4.0,160.0,-0.4738908145920296,True,True,135.65
medium_observer,2.5,8.045454545454545,25.0,4.0,160.0,-0.4507537765443817,True,True,135.75
medium_observer,2.5,8.363636363636363,25.0,4.0,160.0,-0.4283316901485103,True,True,135.85
medium_observer,2.5,8.681818181818182,25.0,4.0,160.0,-0.4065928393371128,True,True,136.0
medium_observer,2.5,9.0,25.0,4.0,160.0,-0.38549817941931636,True,True,136.1
medium_observer,2.5,9.318181818181818,25.0,4.0,160.0,-0.36502286269164963,True,True,136.20000000000002
medium_observer,2.5,9.636363636363637,25.0,4.0,160.0,-0.345135969966356,True,True,136.35
medium_observer,2.5,9.954545454545453,25.0,4.0,160.0,-0.3258106102688759,True,True,136.45000000000002
medium_observer,2.5,10.272727272727273,25.0,4.0,160.0,-0.3070226089865854,True,True,136.6
medium_observer,2.5,10.59090909090909,25.0,4.0,160.0,-0.2887488330364771,True,True,136.70000000000002
medium_observer,2.5,10.909090909090908,25.0,4.0,160.0,-0.270967231811241,True,True,136.85
medium_observer,2.5,11.227272727272727,25.0,4.0,160.0,-0.2536568446216113,True,True,137.0
medium_observer,2.5,11.545454545454545,25.0,4.0,160.0,-0.23679998827781287,True,True,137.15
medium_observer,2.5,11.863636363636363,25.0,4.0,160.0,-0.2203776515038469,True,True,137.3
medium_observer,2.5,12.181818181818182,25.0,4.0,160.0,-0.2043711617835843,True,True,137.45000000000002
medium_observer,2.5,12.5,25.0,4.0,160.0,-0.18876718423691574,True,True,137.6
medium_observer,2.5,12.818181818181818,25.0,4.0,160.0,-0.17354779556743546,True,True,137.75
medium_observer,2.5,13.136363636363637,25.0,4.0,160.0,-0.15869872477639224,True,True,137.9
medium_observer,2.5,13.454545454545455,25.0,4.0,160.0,-0.14420821731853298,True,True,138.1
medium_observer,2.5,13.772727272727273,25.0,4.0,160.0,-0.13006111119296385,True,True,138.25
medium_observer,2.5,14.09090909090909,25.0,4.0,160.0,-0.11624520140437572,True,True,138.45000000000002
medium_observer,2.5,14.409090909090908,25.0,4.0,160.0,-0.10274873168624578,True,True,138.6
medium_observer,2.5,14.727272727272727,25.0,4.0,160.0,-0.0895603940890698,True,True,138.8
medium_observer,2.5,15.045454545454545,25.0,4.0,160.0,-0.07666932458269601,True,True,139.0
medium_observer,2.5,15.363636363636363,25.0,4.0,160.0,-0.06406509579142886,True,True,139.20000000000002
medium_observer,2.5,15.681818181818182,25.0,4.0,160.0,-0.05173770768652466,True,True,139.4
medium_observer,2.5,16.0,25.0,4.0,160.0,-0.039678142107001484,True,True,139.6
medium_observer,2.625,2.0,25.0,4.0,160.0,-1.186173185541725,True,True,135.75
medium_observer,2.625,2.3181818181818183,25.0,4.0,160.0,-1.1350365214643403,True,True,135.8
medium_observer,2.625,2.6363636363636362,25.0,4.0,160.0,-1.0867507019667084,True,True,135.8
medium_observer,2.625,2.9545454545454546,25.0,4.0,160.0,-1.0410185618743923,True,True,135.85
medium_observer,2.625,3.2727272727272725,25.0,4.0,160.0,-0.9975525106177594,True,True,135.9
medium_observer,2.625,3.590909090909091,25.0,4.0,160.0,-0.9561686450631888,True,True,135.95000000000002
medium_observer,2.625,3.909090909090909,25.0,4.0,160.0,-0.9166541616953772,True,True,136.0
medium_observer,2.625,4.227272727272727,25.0,4.0,160.0,-0.8788673270521417,True,True,136.05
medium_observer,2.625,4.545454545454545,25.0,4.0,160.0,-0.84266839743385,True,True,136.1
medium_observer,2.625,4.863636363636363,25.0,4.0,160.0,-0.8079443464283346,True,True,136.15
medium_observer,2.625,5.181818181818182,25.0,4.0,160.0,-0.7745839775034673,True,True,136.20000000000002
medium_observer,2.625,5.5,25.0,4.0,160.0,-0.7425019819125439,True,True,136.3
medium_observer,2.625,5.818181818181818,25.0,4.0,160.0,-0.7116151513781879,True,True,136.35
medium_observer,2.625,6.136363636363637,25.0,4.0,160.0,-0.6818447882318129,True,True,136.45000000000002
medium_observer,2.625,6.454545454545454,25.0,4.0,160.0,-0.6531191547139138,True,True,136.5
medium_observer,2.625,6.7727272727272725,25.0,4.0,160.0,-0.6253888262407546,True,True,136.6
medium_observer,2.625,7.090909090909091,25.0,4.0,160.0,-0.5985888519069078,True,True,136.70000000000002
medium_observer,2.625,7.409090909090909,25.0,4.0,160.0,-0.5726697979704621,True,True,136.8
medium_observer,2.625,7.7272727272727275,25.0,4.0,160.0,-0.5475853553216318,True,True,136.9
medium_observer,2.625,8.045454545454545,25.0,4.0,160.0,-0.5232914653716007,True,True,137.0
medium_observer,2.625,8.363636363636363,25.0,4.0,160.0,-0.49974827465593674,True,True,137.1
medium_observer,2.625,8.681818181818182,25.0,4.0,160.0,-0.47692248130396747,True,True,137.20000000000002
medium_observer,2.625,9.0,25.0,4.0,160.0,-0.4547730883902824,True,True,137.3
medium_observer,2.625,9.318181818181818,25.0,4.0,160.0,-0.4332740058262323,True,True,137.4
medium_observer,2.625,9.636363636363637,25.0,4.0,160.0,-0.41239276846467354,True,True,137.55
medium_observer,2.625,9.954545454545453,25.0,4.0,160.0,-0.3921011407823199,True,True,137.65
medium_observer,2.625,10.272727272727273,25.0,4.0,160.0,-0.3723737394359153,True,True,137.8
medium_observer,2.625,10.59090909090909,25.0,4.0,160.0,-0.35318627468830144,True,True,137.95000000000002
medium_observer,2.625,10.909090909090908,25.0,4.0,160.0,-0.3345155934018027,True,True,138.05
medium_observer,2.625,11.227272727272727,25.0,4.0,160.0,-0.31633968685269237,True,True,138.20000000000002
medium_observer,2.625,11.545454545454545,25.0,4.0,160.0,-0.2986399876917041,True,True,138.35
medium_observer,2.625,11.863636363636363,25.0,4.0,160.0,-0.2813965340790389,True,True,138.5
medium_observer,2.625,12.181818181818182,25.0,4.0,160.0,-0.2645897198727631,True,True,138.65
medium_observer,2.625,12.5,25.0,4.0,160.0,-0.24820554344876153,True,True,138.8
medium_observer,2.625,12.818181818181818,25.0,4.0,160.0,-0.23222518534580736,True,True,138.95000000000002
medium_observer,2.625,13.136363636363637,25.0,4.0,160.0,-0.21663366101521134,True,True,139.15
medium_observer,2.625,13.454545454545455,25.0,4.0,160.0,-0.20141862818445966,True,True,139.3
medium_observer,2.625,13.772727272727273,25.0,4.0,160.0,-0.1865641667526121,True,True,139.5
medium_observer,2.625,14.09090909090909,25.0,4.0,160.0,-0.17205746147459466,True,True,139.65
medium_observer,2.625,14.409090909090908,25.0,4.0,160.0,-0.15788616827055804,True,True,139.85
medium_observer,2.625,14.727272727272727,25.0,4.0,160.0,-0.144038413793524,True,True,140.05
medium_observer,2.625,15.045454545454545,25.0,4.0,160.0,-0.13050279081183053,True,True,140.20000000000002
medium_observer,2.625,15.363636363636363,25.0,4.0,160.0,-0.11726835058100045,True,True,140.4
medium_observer,2.625,15.681818181818182,25.0,4.0,160.0,-0.10432459307085096,True,True,140.6
medium_observer,2.625,16.0,25.0,4.0,160.0,-0.0916620492123516,True,True,140.8
medium_observer,2.75,2.0,25.0,4.0,160.0,-1.2902766705675213,True,True,136.95000000000002
medium_observer,2.75,2.3181818181818183,25.0,4.0,160.0,-1.2367049272483555,True,True,136.95000000000002
medium_observer,2.75,2.6363636363636362,25.0,4.0,160.0,-1.1861197830127426,True,True,137.0
medium_observer,2.75,2.9545454545454546,25.0,4.0,160.0,-1.1382099219636495,True,True,137.0
medium_observer,2.75,3.2727272727272725,25.0,4.0,160.0,-1.092674058742417,True,True,137.05
medium_observer,2.75,3.590909090909091,25.0,4.0,160.0,-1.049319532923342,True,True,137.1
medium_observer,2.75,3.909090909090909,25.0,4.0,160.0,-1.007923407490396,True,True,137.15
medium_observer,2.75,4.227272727272727,25.0,4.0,160.0,-0.9683371997689094,True,True,137.20000000000002
medium_observer,2.75,4.545454545454545,25.0,4.0,160.0,-0.9304145115973677,True,True,137.25
medium_observer,2.75,4.863636363636363,25.0,4.0,160.0,-0.894036934353493,True,True,137.3
medium_observer,2.75,5.181818181818182,25.0,4.0,160.0,-0.8590879764322039,True,True,137.4
medium_observer,2.75,5.5,25.0,4.0,160.0,-0.8254782667655226,True,True,137.45000000000002
medium_observer,2.75,5.818181818181818,25.0,4.0,160.0,-0.7931206347771492,True,True,137.5
medium_observer,2.75,6.136363636363637,25.0,4.0,160.0,-0.7619326352904705,True,True,137.6
medium_observer,2.75,6.454545454545454,25.0,4.0,160.0,-0.731839114462195,True,True,137.70000000000002
medium_observer,2.75,6.7727272727272725,25.0,4.0,160.0,-0.7027882941569814,True,True,137.75
medium_observer,2.75,7.090909090909091,25.0,4.0,160.0,-0.6747121305691415,True,True,137.85
medium_observer,2.75,7.409090909090909,25.0,4.0,160.0,-0.6475588359690552,True,True,137.95000000000002
medium_observer,2.75,7.7272727272727275,25.0,4.0,160.0,-0.621279896051233,True,True,138.05
medium_observer,2.75,8.045454545454545,25.0,4.0,160.0,-0.5958291541988195,True,True,138.15
medium_observer,2.75,8.363636363636363,25.0,4.0,160.0,-0.5711648591633619,True,True,138.25
medium_observer,2.75,8.681818181818182,25.0,4.0,160.0,-0.547252123270823,True,True,138.35
medium_observer,2.75,9.0,25.0,4.0,160.0,-0.5240479973612473,True,True,138.45000000000002
medium_observer,2.75,9.318181818181818,25.0,4.0,160.0,-0.5015251489608157,True,True,138.6
medium_observer,2.75,9.636363636363637,25.0,4.0,160.0,-0.47964956696299116,True,True,138.70000000000002
medium_observer,2.75,9.954545454545453,25.0,4.0,160.0,-0.4583916712957633,True,True,138.85
medium_observer,2.75,10.272727272727273,25.0,4.0,160.0,-0.4377248698852445,True,True,138.95000000000002
medium_observer,2.75,10.59090909090909,25.0,4.0,160.0,-0.4176237163401252,True,True,139.1
medium_observer,2.75,10.909090909090908,25.0,4.0,160.0,-0.3980639549923655,True,True,139.25
medium_observer,2.75,11.227272727272727,25.0,4.0,160.0,-0.3790225290837724,True,True,139.35
medium_observer,2.75,11.545454545454545,25.0,4.0,160.0,-0.360479987105595,True,True,139.5
medium_observer,2.75,11.863636363636363,25.0,4.0,160.0,-0.3424154166542311,True,True,139.65
medium_observer,2.75,12.181818181818182,25.0,4.0,160.0,-0.3248082779619426,True,True,139.8
medium_observer,2.75,12.5,25.0,4.0,160.0,-0.3076439026606069,True,True,139.95000000000002
medium_observer,2.75,12.818181818181818,25.0,4.0,160.0,-0.2909025751241791,True,True,140.15
medium_observer,2.75,13.136363636363637,25.0,4.0,160.0,-0.2745685972540318,True,True,140.3
medium_observer,2.75,13.454545454545455,25.0,4.0,160.0,-0.258629039050386,True,True,140.45000000000002
medium_observer,2.75,13.772727272727273,25.0,4.0,160.0,-0.24306722231226005,True,True,140.65
medium_observer,2.75,14.09090909090909,25.0,4.0,160.0,-0.22786972154481328,True,True,140.8
medium_observer,2.75,14.409090909090908,25.0,4.0,160.0,-0.21302360485487037,True,True,141.0
medium_observer,2.75,14.727272727272727,25.0,4.0,160.0,-0.19851643349797712,True,True,141.20000000000002
medium_observer,2.75,15.045454545454545,25.0,4.0,160.0,-0.1843362570409654,True,True,141.4
medium_observer,2.75,15.363636363636363,25.0,4.0,160.0,-0.17047160537057193,True,True,141.55
medium_observer,2.75,15.681818181818182,25.0,4.0,160.0,-0.15691147845517714,True,True,141.75
medium_observer,2.75,16.0,25.0,4.0,160.0,-0.14364595631770125,True,True,141.95000000000002
medium_observer,2.875,2.0,25.0,4.0,160.0,-1.394380155593318,True,True,138.05
medium_observer,2.875,2.3181818181818183,25.0,4.0,160.0,-1.3383733330323717,True,True,138.05
medium_observer,2.875,2.6363636363636362,25.0,4.0,160.0,-1.2854888640587756,True,True,138.1
medium_observer,2.875,2.9545454545454546,25.0,4.0,160.0,-1.2354012820529061,True,True,138.15
medium_observer,2.875,3.2727272727272725,25.0,4.0,160.0,-1.1877956068670703,True,True,138.15
medium_observer,2.875,3.590909090909091,25.0,4.0,160.0,-1.142470420783494,True,True,138.20000000000002
medium_observer,2.875,3.909090909090909,25.0,4.0,160.0,-1.0991926532854142,True,True,138.25
medium_observer,2.875,4.227272727272727,25.0,4.0,160.0,-1.0578070724856776,True,True,138.3
medium_observer,2.875,4.545454545454545,25.0,4.0,160.0,-1.0181606257608848,True,True,138.35
medium_observer,2.875,4.863636363636363,25.0,4.0,160.0,-0.9801295222786517,True,True,138.45000000000002
medium_observer,2.875,5.181818181818182,25.0,4.0,160.0,-0.9435919753609397,True,True,138.5
medium_observer,2.875,5.5,25.0,4.0,160.0,-0.9084545516185009,True,True,138.55
medium_observer,2.875,5.818181818181818,25.0,4.0,160.0,-0.8746261181761108,True,True,138.65
medium_observer,2.875,6.136363636363637,25.0,4.0,160.0,-0.8420204823491283,True,True,138.70000000000002
medium_observer,2.875,6.454545454545454,25.0,4.0,160.0,-0.8105590742104767,True,True,138.8
medium_observer,2.875,6.7727272727272725,25.0,4.0,160.0,-0.7801877620732065,True,True,138.9
medium_observer,2.875,7.090909090909091,25.0,4.0,160.0,-0.7508354092313755,True,True,138.95000000000002
medium_observer,2.875,7.409090909090909,25.0,4.0,160.0,-0.7224478739676485,True,True,139.05
medium_observer,2.875,7.7272727272727275,25.0,4.0,160.0,-0.6949744367808345,True,True,139.15
medium_observer,2.875,8.045454545454545,25.0,4.0,160.0,-0.6683668430260391,True,True,139.25
medium_observer,2.875,8.363636363636363,25.0,4.0,160.0,-0.6425814436707882,True,True,139.35
medium_observer,2.875,8.681818181818182,25.0,4.0,160.0,-0.6175817652376795,True,True,139.45000000000002
medium_observer,2.875,9.0,25.0,4.0,160.0,-0.5933229063322137,True,True,139.6
medium_observer,2.875,9.318181818181818,25.0,4.0,160.0,-0.5697762920953976,True,True,139.70000000000002
medium_observer,2.875,9.636363636363637,25.0,4.0,160.0,-0.5469063654613096,True,True,139.8
medium_observer,2.875,9.954545454545453,25.0,4.0,160.0,-0.5246822018092081,True,True,139.95000000000002
medium_observer,2.875,10.272727272727273,25.0,4.0,160.0,-0.5030760003345733,True,True,140.05
medium_observer,2.875,10.59090909090909,25.0,4.0,160.0,-0.4820611579919496,True,True,140.20000000000002
medium_observer,2.875,10.909090909090908,25.0,4.0,160.0,-0.46161231658292684,True,True,140.35
medium_observer,2.875,11.227272727272727,25.0,4.0,160.0,-0.4417053713148529,True,True,140.5
medium_observer,2.875,11.545454545454545,25.0,4.0,160.0,-0.4223199865194853,True,True,140.65
medium_observer,2.875,11.863636363636363,25.0,4.0,160.0,-0.403434299229424,True,True,140.75
medium_observer,2.875,12.181818181818182,25.0,4.0,160.0,-0.38502683605112226,True,True,140.95000000000002
medium_observer,2.875,12.5,25.0,4.0,160.0,-0.36708226187245246,True,True,141.1
medium_observer,2.875,12.818181818181818,25.0,4.0,160.0,-0.34957996490255083,True,True,141.25
medium_observer,2.875,13.136363636363637,25.0,4.0,160.0,-0.33250353349285056,True,True,141.4
medium_observer,2.875,13.454545454545455,25.0,4.0,160.0,-0.31583944991631235,True,True,141.6
medium_observer,2.875,13.772727272727273,25.0,4.0,160.0,-0.2995702778719083,True,True,141.75
medium_observer,2.875,14.09090909090909,25.0,4.0,160.0,-0.2836819816150326,True,True,141.95000000000002
medium_observer,2.875,14.409090909090908,25.0,4.0,160.0,-0.2681610414391823,True,True,142.1
medium_observer,2.875,14.727272727272727,25.0,4.0,160.0,-0.2529944532024309,True,True,142.3
medium_observer,2.875,15.045454545454545,25.0,4.0,160.0,-0.2381697232701,True,True,142.5
medium_observer,2.875,15.363636363636363,25.0,4.0,160.0,-0.22367486016014332,True,True,142.70000000000002
medium_observer,2.875,15.681818181818182,25.0,4.0,160.0,-0.2094983638395031,True,True,142.9
medium_observer,2.875,16.0,25.0,4.0,160.0,-0.195629863423051,True,True,143.1
medium_observer,3.0,2.0,25.0,4.0,160.0,-1.4984836406191158,True,True,139.1
medium_observer,3.0,2.3181818181818183,25.0,4.0,160.0,-1.440041738816388,True,True,139.15
medium_observer,3.0,2.6363636363636362,25.0,4.0,160.0,-1.3848579451048082,True,True,139.15
medium_observer,3.0,2.9545454545454546,25.0,4.0,160.0,-1.3325926421421632,True,True,139.20000000000002
medium_observer,3.0,3.2727272727272725,25.0,4.0,160.0,-1.2829171549917258,True,True,139.25
medium_observer,3.0,3.590909090909091,25.0,4.0,160.0,-1.2356213086436454,True,True,139.3
medium_observer,3.0,3.909090909090909,25.0,4.0,160.0,-1.1904618990804328,True,True,139.35
medium_observer,3.0,4.227272727272727,25.0,4.0,160.0,-1.1472769452024472,True,True,139.4
medium_observer,3.0,4.545454545454545,25.0,4.0,160.0,-1.1059067399244014,True,True,139.45000000000002
medium_observer,3.0,4.863636363636363,25.0,4.0,160.0,-1.0662221102038107,True,True,139.5
medium_observer,3.0,5.181818181818182,25.0,4.0,160.0,-1.0280959742896771,True,True,139.55
medium_observer,3.0,5.5,25.0,4.0,160.0,-0.991430836471479,True,True,139.65
medium_observer,3.0,5.818181818181818,25.0,4.0,160.0,-0.956131601575072,True,True,139.70000000000002
medium_observer,3.0,6.136363636363637,25.0,4.0,160.0,-0.9221083294077868,True,True,139.75
medium_observer,3.0,6.454545454545454,25.0,4.0,160.0,-0.8892790339587578,True,True,139.85
medium_observer,3.0,6.7727272727272725,25.0,4.0,160.0,-0.8575872299894334,True,True,139.95000000000002
medium_observer,3.0,7.090909090909091,25.0,4.0,160.0,-0.8269586878936087,True,True,140.05
medium_observer,3.0,7.409090909090909,25.0,4.0,160.0,-0.7973369119662421,True,True,140.1
medium_observer,3.0,7.7272727272727275,25.0,4.0,160.0,-0.768668977510436,True,True,140.20000000000002
medium_observer,3.0,8.045454545454545,25.0,4.0,160.0,-0.7409045318532582,True,True,140.3
medium_observer,3.0,8.363636363636363,25.0,4.0,160.0,-0.7139980281782131,True,True,140.4
medium_observer,3.0,8.681818181818182,25.0,4.0,160.0,-0.6879114072045345,True,True,140.55
medium_observer,3.0,9.0,25.0,4.0,160.0,-0.6625978153031794,True,True,140.65
medium_observer,3.0,9.318181818181818,25.0,4.0,160.0,-0.6380274352299806,True,True,140.75
medium_observer,3.0,9.636363636363637,25.0,4.0,160.0,-0.6141631639596267,True,True,140.9
medium_observer,3.0,9.954545454545453,25.0,4.0,160.0,-0.5909727323226509,True,True,141.0
medium_observer,3.0,10.272727272727273,25.0,4.0,160.0,-0.5684271307839028,True,True,141.15
medium_observer,3.0,10.59090909090909,25.0,4.0,160.0,-0.5464985996437726,True,True,141.25
medium_observer,3.0,10.909090909090908,25.0,4.0,160.0,-0.5251606781734892,True,True,141.4
medium_observer,3.0,11.227272727272727,25.0,4.0,160.0,-0.5043882135459336,True,True,141.55
medium_observer,3.0,11.545454545454545,25.0,4.0,160.0,-0.4841599859333753,True,True,141.70000000000002
medium_observer,3.0,11.863636363636363,25.0,4.0,160.0,-0.46445318180461626,True,True,141.85
medium_observer,3.0,12.181818181818182,25.0,4.0,160.0,-0.4452453941403011,True,True,142.0
medium_observer,3.0,12.5,25.0,4.0,160.0,-0.4265206210842986,True,True,142.15
medium_observer,3.0,12.818181818181818,25.0,4.0,160.0,-0.40825735468092234,True,True,142.3
medium_observer,3.0,13.136363636363637,25.0,4.0,160.0,-0.3904384697316711,True,True,142.45000000000002
medium_observer,3.0,13.454545454545455,25.0,4.0,160.0,-0.3730498607822386,True,True,142.65
medium_observer,3.0,13.772727272727273,25.0,4.0,160.0,-0.35607333343155656,True,True,142.8
medium_observer,3.0,14.09090909090909,25.0,4.0,160.0,-0.3394942416852506,True,True,143.0
medium_observer,3.0,14.409090909090908,25.0,4.0,160.0,-0.3232984780234949,True,True,143.20000000000002
medium_observer,3.0,14.727272727272727,25.0,4.0,160.0,-0.3074724729068843,True,True,143.35
medium_observer,3.0,15.045454545454545,25.0,4.0,160.0,-0.29200318949923537,True,True,143.55
medium_observer,3.0,15.363636363636363,25.0,4.0,160.0,-0.2768781149497143,True,True,143.75
medium_observer,3.0,15.681818181818182,25.0,4.0,160.0,-0.2620852492238291,True,True,143.95000000000002
medium_observer,3.0,16.0,25.0,4.0,160.0,-0.24761377052840183,True,True,144.15
medium_observer,3.125,2.0,25.0,4.0,160.0,-1.602587125644911,True,True,140.1
medium_observer,3.125,2.3181818181818183,25.0,4.0,160.0,-1.5417101446004051,True,True,140.15
medium_observer,3.125,2.6363636363636362,25.0,4.0,160.0,-1.4842270261508435,True,True,140.20000000000002
medium_observer,3.125,2.9545454545454546,25.0,4.0,160.0,-1.429784002231421,True,True,140.20000000000002
medium_observer,3.125,3.2727272727272725,25.0,4.0,160.0,-1.3780387031163812,True,True,140.25
medium_observer,3.125,3.590909090909091,25.0,4.0,160.0,-1.3287721965037962,True,True,140.3
medium_observer,3.125,3.909090909090909,25.0,4.0,160.0,-1.2817311448754494,True,True,140.35
medium_observer,3.125,4.227272727272727,25.0,4.0,160.0,-1.2367468179192154,True,True,140.4
medium_observer,3.125,4.545454545454545,25.0,4.0,160.0,-1.1936528540879177,True,True,140.45000000000002
medium_observer,3.125,4.863636363636363,25.0,4.0,160.0,-1.1523146981289696,True,True,140.5
medium_observer,3.125,5.181818181818182,25.0,4.0,160.0,-1.1125999732184144,True,True,140.6
medium_observer,3.125,5.5,25.0,4.0,160.0,-1.0744071213244566,True,True,140.65
medium_observer,3.125,5.818181818181818,25.0,4.0,160.0,-1.0376370849740324,True,True,140.70000000000002
medium_observer,3.125,6.136363636363637,25.0,4.0,160.0,-1.002196176466444,True,True,140.8
medium_observer,3.125,6.454545454545454,25.0,4.0,160.0,-0.9679989937070409,True,True,140.85
medium_observer,3.125,6.7727272727272725,25.0,4.0,160.0,-0.9349866979056601,True,True,140.95000000000002
medium_observer,3.125,7.090909090909091,25.0,4.0,160.0,-0.903081966555843,True,True,141.05
medium_observer,3.125,7.409090909090909,25.0,4.0,160.0,-0.8722259499648353,True,True,141.15
medium_observer,3.125,7.7272727272727275,25.0,4.0,160.0,-0.8423635182400374,True,True,141.25
medium_observer,3.125,8.045454545454545,25.0,4.0,160.0,-0.8134422206804776,True,True,141.35
medium_observer,3.125,8.363636363636363,25.0,4.0,160.0,-0.785414612685639,True,True,141.45000000000002
medium_observer,3.125,8.681818181818182,25.0,4.0,160.0,-0.758241049171391,True,True,141.55
medium_observer,3.125,9.0,25.0,4.0,160.0,-0.7318727242741448,True,True,141.65
medium_observer,3.125,9.318181818181818,25.0,4.0,160.0,-0.7062785783645625,True,True,141.8
medium_observer,3.125,9.636363636363637,25.0,4.0,160.0,-0.6814199624579443,True,True,141.9
medium_observer,3.125,9.954545454545453,25.0,4.0,160.0,-0.6572632628360943,True,True,142.0
medium_observer,3.125,10.272727272727273,25.0,4.0,160.0,-0.6337782612332317,True,True,142.15
medium_observer,3.125,10.59090909090909,25.0,4.0,160.0,-0.6109360412955974,True,True,142.3
medium_observer,3.125,10.909090909090908,25.0,4.0,160.0,-0.5887090397640508,True,True,142.4
medium_observer,3.125,11.227272727272727,25.0,4.0,160.0,-0.5670710557770137,True,True,142.55
medium_observer,3.125,11.545454545454545,25.0,4.0,160.0,-0.5459999853472661,True,True,142.70000000000002
medium_observer,3.125,11.863636363636363,25.0,4.0,160.0,-0.5254720643798084,True,True,142.85
medium_observer,3.125,12.181818181818182,25.0,4.0,160.0,-0.5054639522294796,True,True,143.0
medium_observer,3.125,12.5,25.0,4.0,160.0,-0.48595898029614476,True,True,143.15
medium_observer,3.125,12.818181818181818,25.0,4.0,160.0,-0.4669347444592945,True,True,143.35
medium_observer,3.125,13.136363636363637,25.0,4.0,160.0,-0.4483734059704904,True,True,143.5
medium_observer,3.125,13.454545454545455,25.0,4.0,160.0,-0.4302602716481659,True,True,143.65
medium_observer,3.125,13.772727272727273,25.0,4.0,160.0,-0.4125763889912045,True,True,143.85
medium_observer,3.125,14.09090909090909,25.0,4.0,160.0,-0.3953065017554698,True,True,144.0
medium_observer,3.125,14.409090909090908,25.0,4.0,160.0,-0.3784359146078071,True,True,144.20000000000002
medium_observer,3.125,14.727272727272727,25.0,4.0,160.0,-0.3619504926113379,True,True,144.4
medium_observer,3.125,15.045454545454545,25.0,4.0,160.0,-0.34583665572836975,True,True,144.55
medium_observer,3.125,15.363636363636363,25.0,4.0,160.0,-0.33008136973928587,True,True,144.75
medium_observer,3.125,15.681818181818182,25.0,4.0,160.0,-0.3146721346081551,True,True,144.95000000000002
medium_observer,3.125,16.0,25.0,4.0,160.0,-0.2995976776337512,True,True,145.15
medium_observer,3.25,2.0,25.0,4.0,160.0,-1.7066906106707076,True,True,141.1
medium_observer,3.25,2.3181818181818183,25.0,4.0,160.0,-1.6433785503844207,True,True,141.15
medium_observer,3.25,2.6363636363636362,25.0,4.0,160.0,-1.5835961071968774,True,True,141.15
medium_observer,3.25,2.9545454545454546,25.0,4.0,160.0,-1.526975362320676,True,True,141.20000000000002
medium_observer,3.25,3.2727272727272725,25.0,4.0,160.0,-1.4731602512410367,True,True,141.25
medium_observer,3.25,3.590909090909091,25.0,4.0,160.0,-1.421923084363948,True,True,141.3
medium_observer,3.25,3.909090909090909,25.0,4.0,160.0,-1.3730003906704678,True,True,141.3
medium_observer,3.25,4.227272727272727,25.0,4.0,160.0,-1.3262166906359842,True,True,141.4
medium_observer,3.25,4.545454545454545,25.0,4.0,160.0,-1.2813989682514348,True,True,141.45000000000002
medium_observer,3.25,4.863636363636363,25.0,4.0,160.0,-1.2384072860541284,True,True,141.5
medium_observer,3.25,5.181818181818182,25.0,4.0,160.0,-1.1971039721471508,True,True,141.55
medium_observer,3.25,5.5,25.0,4.0,160.0,-1.1573834061774346,True,True,141.6
medium_observer,3.25,5.818181818181818,25.0,4.0,160.0,-1.119142568372994,True,True,141.70000000000002
medium_observer,3.25,6.136363636363637,25.0,4.0,160.0,-1.0822840235251017,True,True,141.75
medium_observer,3.25,6.454545454545454,25.0,4.0,160.0,-1.0467189534553214,True,True,141.85
medium_observer,3.25,6.7727272727272725,25.0,4.0,160.0,-1.012386165821886,True,True,141.95000000000002
medium_observer,3.25,7.090909090909091,25.0,4.0,160.0,-0.9792052452180761,True,True,142.05
medium_observer,3.25,7.409090909090909,25.0,4.0,160.0,-0.9471149879634304,True,True,142.1
medium_observer,3.25,7.7272727272727275,25.0,4.0,160.0,-0.9160580589696378,True,True,142.20000000000002
medium_observer,3.25,8.045454545454545,25.0,4.0,160.0,-0.8859799095076971,True,True,142.3
medium_observer,3.25,8.363636363636363,25.0,4.0,160.0,-0.8568311971930651,True,True,142.4
medium_observer,3.25,8.681818181818182,25.0,4.0,160.0,-0.8285706911382459,True,True,142.55
medium_observer,3.25,9.0,25.0,4.0,160.0,-0.8011476332451112,True,True,142.65
medium_observer,3.25,9.318181818181818,25.0,4.0,160.0,-0.7745297214991448,True,True,142.75
medium_observer,3.25,9.636363636363637,25.0,4.0,160.0,-0.7486767609562628,True,True,142.9
medium_observer,3.25,9.954545454545453,25.0,4.0,160.0,-0.7235537933495386,True,True,143.0
medium_observer,3.25,10.272727272727273,25.0,4.0,160.0,-0.6991293916825616,True,True,143.15
medium_observer,3.25,10.59090909090909,25.0,4.0,160.0,-0.6753734829474206,True,True,143.25
medium_observer,3.25,10.909090909090908,25.0,4.0,160.0,-0.6522574013546132,True,True,143.4
medium_observer,3.25,11.227272727272727,25.0,4.0,160.0,-0.6297538980080943,True,True,143.55
medium_observer,3.25,11.545454545454545,25.0,4.0,160.0,-0.6078399847611569,True,True,143.70000000000002
medium_observer,3.25,11.863636363636363,25.0,4.0,160.0,-0.5864909469550006,True,True,143.85
medium_observer,3.25,12.181818181818182,25.0,4.0,160.0,-0.5656825103186595,True,True,144.0
medium_observer,3.25,12.5,25.0,4.0,160.0,-0.5453973395079897,True,True,144.15
medium_observer,3.25,12.818181818181818,25.0,4.0,160.0,-0.5256121342376663,True,True,144.3
medium_observer,3.25,13.136363636363637,25.0,4.0,160.0,-0.5063083422093104,True,True,144.45000000000002
medium_observer,3.25,13.454545454545455,25.0,4.0,160.0,-0.48747068251409253,True,True,144.65
medium_observer,3.25,13.772727272727273,25.0,4.0,160.0,-0.46907944455085265,True,True,144.8
medium_observer,3.25,14.09090909090909,25.0,4.0,160.0,-0.4511187618256883,True,True,145.0
medium_observer,3.25,14.409090909090908,25.0,4.0,160.0,-0.43357335119211965,True,True,145.20000000000002
medium_observer,3.25,14.727272727272727,25.0,4.0,160.0,-0.41642851231579125,True,True,145.35
medium_observer,3.25,15.045454545454545,25.0,4.0,160.0,-0.399670121957505,True,True,145.55
medium_observer,3.25,15.363636363636363,25.0,4.0,160.0,-0.3832846245288576,True,True,145.75
medium_observer,3.25,15.681818181818182,25.0,4.0,160.0,-0.3672590199924815,True,True,145.95000000000002
medium_observer,3.25,16.0,25.0,4.0,160.0,-0.3515815847391014,True,True,146.15
medium_observer,3.375,2.0,25.0,4.0,160.0,-1.8107940956965045,True,True,142.05
medium_observer,3.375,2.3181818181818183,25.0,4.0,160.0,-1.7450469561684372,True,True,142.05
medium_observer,3.375,2.6363636363636362,25.0,4.0,160.0,-1.68296518824291,True,True,142.1
medium_observer,3.375,2.9545454545454546,25.0,4.0,160.0,-1.6241667224099345,True,True,142.15
medium_observer,3.375,3.2727272727272725,25.0,4.0,160.0,-1.568281799365692,True,True,142.20000000000002
medium_observer,3.375,3.590909090909091,25.0,4.0,160.0,-1.515073972224101,True,True,142.20000000000002
medium_observer,3.375,3.909090909090909,25.0,4.0,160.0,-1.4642696364654846,True,True,142.25
medium_observer,3.375,4.227272727272727,25.0,4.0,160.0,-1.415686563352753,True,True,142.3
medium_observer,3.375,4.545454545454545,25.0,4.0,160.0,-1.3691450824149516,True,True,142.4
medium_observer,3.375,4.863636363636363,25.0,4.0,160.0,-1.324499873979287,True,True,142.45000000000002
medium_observer,3.375,5.181818181818182,25.0,4.0,160.0,-1.2816079710758872,True,True,142.5
medium_observer,3.375,5.5,25.0,4.0,160.0,-1.2403596910304142,True,True,142.55
medium_observer,3.375,5.818181818181818,25.0,4.0,160.0,-1.2006480517719564,True,True,142.65
medium_observer,3.375,6.136363636363637,25.0,4.0,160.0,-1.162371870583759,True,True,142.70000000000002
medium_observer,3.375,6.454545454545454,25.0,4.0,160.0,-1.1254389132036036,True,True,142.8
medium_observer,3.375,6.7727272727272725,25.0,4.0,160.0,-1.0897856337381124,True,True,142.9
medium_observer,3.375,7.090909090909091,25.0,4.0,160.0,-1.0553285238803098,True,True,142.95000000000002
medium_observer,3.375,7.409090909090909,25.0,4.0,160.0,-1.022004025962023,True,True,143.05
medium_observer,3.375,7.7272727272727275,25.0,4.0,160.0,-0.9897525996992395,True,True,143.15
medium_observer,3.375,8.045454545454545,25.0,4.0,160.0,-0.9585175983349149,True,True,143.25
medium_observer,3.375,8.363636363636363,25.0,4.0,160.0,-0.9282477817004894,True,True,143.35
medium_observer,3.375,8.681818181818182,25.0,4.0,160.0,-0.8989003331051016,True,True,143.45000000000002
medium_observer,3.375,9.0,25.0,4.0,160.0,-0.8704225422160778,True,True,143.6
medium_observer,3.375,9.318181818181818,25.0,4.0,160.0,-0.8427808646337274,True,True,143.70000000000002
medium_observer,3.375,9.636363636363637,25.0,4.0,160.0,-0.8159335594545808,True,True,143.8
medium_observer,3.375,9.954545454545453,25.0,4.0,160.0,-0.7898443238629825,True,True,143.95000000000002
medium_observer,3.375,10.272727272727273,25.0,4.0,160.0,-0.7644805221318903,True,True,144.05
medium_observer,3.375,10.59090909090909,25.0,4.0,160.0,-0.7398109245992442,True,True,144.20000000000002
medium_observer,3.375,10.909090909090908,25.0,4.0,160.0,-0.7158057629451752,True,True,144.35
medium_observer,3.375,11.227272727272727,25.0,4.0,160.0,-0.6924367402391751,True,True,144.5
medium_observer,3.375,11.545454545454545,25.0,4.0,160.0,-0.6696799841750484,True,True,144.65
medium_observer,3.375,11.863636363636363,25.0,4.0,160.0,-0.647509829530192,True,True,144.8
medium_observer,3.375,12.181818181818182,25.0,4.0,160.0,-0.6259010684078387,True,True,144.95000000000002
medium_observer,3.375,12.5,25.0,4.0,160.0,-0.604835698719835,True,True,145.1
medium_observer,3.375,12.818181818181818,25.0,4.0,160.0,-0.5842895240160384,True,True,145.25
medium_observer,3.375,13.136363636363637,25.0,4.0,160.0,-0.5642432784481295,True,True,145.4
medium_observer,3.375,13.454545454545455,25.0,4.0,160.0,-0.5446810933800189,True,True,145.6
medium_observer,3.375,13.772727272727273,25.0,4.0,160.0,-0.5255825001105017,True,True,145.75
medium_observer,3.375,14.09090909090909,25.0,4.0,160.0,-0.5069310218959076,True,True,145.95000000000002
medium_observer,3.375,14.409090909090908,25.0,4.0,160.0,-0.48871078777643195,True,True,146.1
medium_observer,3.375,14.727272727272727,25.0,4.0,160.0,-0.47090653202024446,True,True,146.3
medium_observer,3.375,15.045454545454545,25.0,4.0,160.0,-0.4535035881866393,True,True,146.5
medium_observer,3.375,15.363636363636363,25.0,4.0,160.0,-0.4364878793184296,True,True,146.70000000000002
medium_observer,3.375,15.681818181818182,25.0,4.0,160.0,-0.41984590537680766,True,True,146.9
medium_observer,3.375,16.0,25.0,4.0,160.0,-0.4035654918444516,True,True,147.1
medium_observer,3.5,2.0,25.0,4.0,160.0,-1.9148975807222997,True,True,142.95000000000002
medium_observer,3.5,2.3181818181818183,25.0,4.0,160.0,-1.8467153619524528,True,True,143.0
medium_observer,3.5,2.6363636363636362,25.0,4.0,160.0,-1.7823342692889443,True,True,143.0
medium_observer,3.5,2.9545454545454546,25.0,4.0,160.0,-1.72135808249919,True,True,143.05
medium_observer,3.5,3.2727272727272725,25.0,4.0,160.0,-1.663403347490347,True,True,143.1
medium_observer,3.5,3.590909090909091,25.0,4.0,160.0,-1.6082248600842526,True,True,143.15
medium_observer,3.5,3.909090909090909,25.0,4.0,160.0,-1.555538882260504,True,True,143.20000000000002
medium_observer,3.5,4.227272727272727,25.0,4.0,160.0,-1.5051564360695218,True,True,143.25
medium_observer,3.5,4.545454545454545,25.0,4.0,160.0,-1.4568911965784672,True,True,143.3
medium_observer,3.5,4.863636363636363,25.0,4.0,160.0,-1.4105924619044459,True,True,143.35
medium_observer,3.5,5.181818181818182,25.0,4.0,160.0,-1.3661119700046234,True,True,143.4
medium_observer,3.5,5.5,25.0,4.0,160.0,-1.3233359758833907,True,True,143.5
medium_observer,3.5,5.818181818181818,25.0,4.0,160.0,-1.2821535351709157,True,True,143.55
medium_observer,3.5,6.136363636363637,25.0,4.0,160.0,-1.2424597176424172,True,True,143.6
medium_observer,3.5,6.454545454545454,25.0,4.0,160.0,-1.2041588729518842,True,True,143.70000000000002
medium_observer,3.5,6.7727272727272725,25.0,4.0,160.0,-1.1671851016543404,True,True,143.8
medium_observer,3.5,7.090909090909091,25.0,4.0,160.0,-1.1314518025425437,True,True,143.9
medium_observer,3.5,7.409090909090909,25.0,4.0,160.0,-1.096893063960616,True,True,143.95000000000002
medium_observer,3.5,7.7272727272727275,25.0,4.0,160.0,-1.0634471404288417,True,True,144.05
medium_observer,3.5,8.045454545454545,25.0,4.0,160.0,-1.0310552871621348,True,True,144.15
medium_observer,3.5,8.363636363636363,25.0,4.0,160.0,-0.9996643662079159,True,True,144.25
medium_observer,3.5,8.681818181818182,25.0,4.0,160.0,-0.9692299750719571,True,True,144.4
medium_observer,3.5,9.0,25.0,4.0,160.0,-0.939697451187043,True,True,144.5
medium_observer,3.5,9.318181818181818,25.0,4.0,160.0,-0.9110320077683104,True,True,144.6
medium_observer,3.5,9.636363636363637,25.0,4.0,160.0,-0.8831903579528982,True,True,144.75
medium_observer,3.5,9.954545454545453,25.0,4.0,160.0,-0.8561348543764253,True,True,144.85
medium_observer,3.5,10.272727272727273,25.0,4.0,160.0,-0.8298316525812194,True,True,145.0
medium_observer,3.5,10.59090909090909,25.0,4.0,160.0,-0.8042483662510692,True,True,145.1
medium_observer,3.5,10.909090909090908,25.0,4.0,160.0,-0.7793541245357374,True,True,145.25
medium_observer,3.5,11.227272727272727,25.0,4.0,160.0,-0.7551195824702562,True,True,145.4
medium_observer,3.5,11.545454545454545,25.0,4.0,160.0,-0.7315199835889382,True,True,145.55
medium_observer,3.5,11.863636363636363,25.0,4.0,160.0,-0.7085287121053848,True,True,145.70000000000002
medium_observer,3.5,12.181818181818182,25.0,4.0,160.0,-0.6861196264970174,True,True,145.85
medium_observer,3.5,12.5,25.0,4.0,160.0,-0.6642740579316827,True,True,146.0
medium_observer,3.5,12.818181818181818,25.0,4.0,160.0,-0.6429669137944093,True,True,146.15
medium_observer,3.5,13.136363636363637,25.0,4.0,160.0,-0.6221782146869489,True,True,146.3
medium_observer,3.5,13.454545454545455,25.0,4.0,160.0,-0.6018915042459458,True,True,146.5
medium_observer,3.5,13.772727272727273,25.0,4.0,160.0,-0.5820855556701491,True,True,146.65
medium_observer,3.5,14.09090909090909,25.0,4.0,160.0,-0.5627432819661259,True,True,146.85
medium_observer,3.5,14.409090909090908,25.0,4.0,160.0,-0.543848224360744,True,True,147.05
medium_observer,3.5,14.727272727272727,25.0,4.0,160.0,-0.5253845517246982,True,True,147.20000000000002
medium_observer,3.5,15.045454545454545,25.0,4.0,160.0,-0.5073370544157738,True,True,147.4
medium_observer,3.5,15.363636363636363,25.0,4.0,160.0,-0.4896911341080012,True,True,147.6
medium_observer,3.5,15.681818181818182,25.0,4.0,160.0,-0.4724327907611339,True,True,147.8
medium_observer,3.5,16.0,25.0,4.0,160.0,-0.4555493989498017,True,True,148.0
medium_observer,3.625,2.0,25.0,4.0,160.0,-2.019001065748098,True,True,143.85
medium_observer,3.625,2.3181818181818183,25.0,4.0,160.0,-1.948383767736469,True,True,143.85
medium_observer,3.625,2.6363636363636362,25.0,4.0,160.0,-1.8817033503349785,True,True,143.9
medium_observer,3.625,2.9545454545454546,25.0,4.0,160.0,-1.818549442588446,True,True,143.9
medium_observer,3.625,3.2727272727272725,25.0,4.0,160.0,-1.7585248956150021,True,True,143.95000000000002
medium_observer,3.625,3.590909090909091,25.0,4.0,160.0,-1.7013757479444047,True,True,144.0
medium_observer,3.625,3.909090909090909,25.0,4.0,160.0,-1.6468081280555213,True,True,144.05
medium_observer,3.625,4.227272727272727,25.0,4.0,160.0,-1.5946263087862906,True,True,144.1
medium_observer,3.625,4.545454545454545,25.0,4.0,160.0,-1.544637310741985,True,True,144.15
medium_observer,3.625,4.863636363636363,25.0,4.0,160.0,-1.4966850498296043,True,True,144.20000000000002
medium_observer,3.625,5.181818181818182,25.0,4.0,160.0,-1.4506159689333593,True,True,144.3
medium_observer,3.625,5.5,25.0,4.0,160.0,-1.4063122607363714,True,True,144.35
medium_observer,3.625,5.818181818181818,25.0,4.0,160.0,-1.363659018569878,True,True,144.4
medium_observer,3.625,6.136363636363637,25.0,4.0,160.0,-1.3225475647010743,True,True,144.5
medium_observer,3.625,6.454545454545454,25.0,4.0,160.0,-1.282878832700167,True,True,144.6
medium_observer,3.625,6.7727272727272725,25.0,4.0,160.0,-1.2445845695705666,True,True,144.65
medium_observer,3.625,7.090909090909091,25.0,4.0,160.0,-1.2075750812047765,True,True,144.75
medium_observer,3.625,7.409090909090909,25.0,4.0,160.0,-1.1717821019592103,True,True,144.85
medium_observer,3.625,7.7272727272727275,25.0,4.0,160.0,-1.1371416811584425,True,True,144.95000000000002
medium_observer,3.625,8.045454545454545,25.0,4.0,160.0,-1.1035929759893517,True,True,145.05
medium_observer,3.625,8.363636363636363,25.0,4.0,160.0,-1.0710809507153403,True,True,145.15
medium_observer,3.625,8.681818181818182,25.0,4.0,160.0,-1.0395596170388133,True,True,145.25
medium_observer,3.625,9.0,25.0,4.0,160.0,-1.0089723601580094,True,True,145.35
medium_observer,3.625,9.318181818181818,25.0,4.0,160.0,-0.9792831509028931,True,True,145.5
medium_observer,3.625,9.636363636363637,25.0,4.0,160.0,-0.9504471564512166,True,True,145.6
medium_observer,3.625,9.954545454545453,25.0,4.0,160.0,-0.9224253848898701,True,True,145.75
medium_observer,3.625,10.272727272727273,25.0,4.0,160.0,-0.8951827830305491,True,True,145.85
medium_observer,3.625,10.59090909090909,25.0,4.0,160.0,-0.8686858079028918,True,True,146.0
medium_observer,3.625,10.909090909090908,25.0,4.0,160.0,-0.8429024861262989,True,True,146.15
medium_observer,3.625,11.227272727272727,25.0,4.0,160.0,-0.8178024247013367,True,True,146.25
medium_observer,3.625,11.545454545454545,25.0,4.0,160.0,-0.7933599830028294,True,True,146.4
medium_observer,3.625,11.863636363636363,25.0,4.0,160.0,-0.7695475946805778,True,True,146.55
medium_observer,3.625,12.181818181818182,25.0,4.0,160.0,-0.7463381845861974,True,True,146.70000000000002
medium_observer,3.625,12.5,25.0,4.0,160.0,-0.7237124171435275,True,True,146.85
medium_observer,3.625,12.818181818181818,25.0,4.0,160.0,-0.7016443035727812,True,True,147.05
medium_observer,3.625,13.136363636363637,25.0,4.0,160.0,-0.6801131509257692,True,True,147.20000000000002
medium_observer,3.625,13.454545454545455,25.0,4.0,160.0,-0.6591019151118729,True,True,147.35
medium_observer,3.625,13.772727272727273,25.0,4.0,160.0,-0.6385886112297974,True,True,147.55
medium_observer,3.625,14.09090909090909,25.0,4.0,160.0,-0.6185555420363451,True,True,147.70000000000002
medium_observer,3.625,14.409090909090908,25.0,4.0,160.0,-0.5989856609450567,True,True,147.9
medium_observer,3.625,14.727272727272727,25.0,4.0,160.0,-0.579862571429152,True,True,148.1
medium_observer,3.625,15.045454545454545,25.0,4.0,160.0,-0.5611705206449091,True,True,148.3
medium_observer,3.625,15.363636363636363,25.0,4.0,160.0,-0.5428943888975714,True,True,148.45000000000002
medium_observer,3.625,15.681818181818182,25.0,4.0,160.0,-0.525019676145461,True,True,148.65
medium_observer,3.625,16.0,25.0,4.0,160.0,-0.507533306055152,True,True,148.85
medium_observer,3.75,2.0,25.0,4.0,160.0,-2.1231045507738933,True,True,144.65
medium_observer,3.75,2.3181818181818183,25.0,4.0,160.0,-2.050052173520486,True,True,144.70000000000002
medium_observer,3.75,2.6363636363636362,25.0,4.0,160.0,-1.9810724313810109,True,True,144.75
medium_observer,3.75,2.9545454545454546,25.0,4.0,160.0,-1.9157408026777045,True,True,144.75
medium_observer,3.75,3.2727272727272725,25.0,4.0,160.0,-1.8536464437396583,True,True,144.8
medium_observer,3.75,3.590909090909091,25.0,4.0,160.0,-1.7945266358045566,True,True,144.85
medium_observer,3.75,3.909090909090909,25.0,4.0,160.0,-1.7380773738505393,True,True,144.9
medium_observer,3.75,4.227272727272727,25.0,4.0,160.0,-1.684096181503058,True,True,144.95000000000002
medium_observer,3.75,4.545454545454545,25.0,4.0,160.0,-1.632383424905502,True,True,145.0
medium_observer,3.75,4.863636363636363,25.0,4.0,160.0,-1.582777637754763,True,True,145.05
medium_observer,3.75,5.181818181818182,25.0,4.0,160.0,-1.535119967862096,True,True,145.15
medium_observer,3.75,5.5,25.0,4.0,160.0,-1.4892885455893488,True,True,145.20000000000002
medium_observer,3.75,5.818181818181818,25.0,4.0,160.0,-1.4451645019688395,True,True,145.25
medium_observer,3.75,6.136363636363637,25.0,4.0,160.0,-1.4026354117597326,True,True,145.35
medium_observer,3.75,6.454545454545454,25.0,4.0,160.0,-1.3615987924484472,True,True,145.45000000000002
medium_observer,3.75,6.7727272727272725,25.0,4.0,160.0,-1.321984037486794,True,True,145.5
medium_observer,3.75,7.090909090909091,25.0,4.0,160.0,-1.2836983598670109,True,True,145.6
medium_observer,3.75,7.409090909090909,25.0,4.0,160.0,-1.2466711399578025,True,True,145.70000000000002
medium_observer,3.75,7.7272727272727275,25.0,4.0,160.0,-1.2108362218880437,True,True,145.8
medium_observer,3.75,8.045454545454545,25.0,4.0,160.0,-1.176130664816572,True,True,145.9
medium_observer,3.75,8.363636363636363,25.0,4.0,160.0,-1.1424975352227664,True,True,146.0
medium_observer,3.75,8.681818181818182,25.0,4.0,160.0,-1.1098892590056677,True,True,146.1
medium_observer,3.75,9.0,25.0,4.0,160.0,-1.078247269128975,True,True,146.20000000000002
medium_observer,3.75,9.318181818181818,25.0,4.0,160.0,-1.047534294037475,True,True,146.35
medium_observer,3.75,9.636363636363637,25.0,4.0,160.0,-1.0177039549495337,True,True,146.45000000000002
medium_observer,3.75,9.954545454545453,25.0,4.0,160.0,-0.988715915403313,True,True,146.6
medium_observer,3.75,10.272727272727273,25.0,4.0,160.0,-0.960533913479878,True,True,146.70000000000002
medium_observer,3.75,10.59090909090909,25.0,4.0,160.0,-0.9331232495547165,True,True,146.85
medium_observer,3.75,10.909090909090908,25.0,4.0,160.0,-0.9064508477168618,True,True,147.0
medium_observer,3.75,11.227272727272727,25.0,4.0,160.0,-0.8804852669324164,True,True,147.1
medium_observer,3.75,11.545454545454545,25.0,4.0,160.0,-0.8551999824167202,True,True,147.25
medium_observer,3.75,11.863636363636363,25.0,4.0,160.0,-0.8305664772557698,True,True,147.4
medium_observer,3.75,12.181818181818182,25.0,4.0,160.0,-0.8065567426753757,True,True,147.55
medium_observer,3.75,12.5,25.0,4.0,160.0,-0.7831507763553739,True,True,147.70000000000002
medium_observer,3.75,12.818181818181818,25.0,4.0,160.0,-0.7603216933511525,True,True,147.9
medium_observer,3.75,13.136363636363637,25.0,4.0,160.0,-0.7380480871645878,True,True,148.05
medium_observer,3.75,13.454545454545455,25.0,4.0,160.0,-0.7163123259777987,True,True,148.20000000000002
medium_observer,3.75,13.772727272727273,25.0,4.0,160.0,-0.6950916667894457,True,True,148.4
medium_observer,3.75,14.09090909090909,25.0,4.0,160.0,-0.6743678021065642,True,True,148.55
medium_observer,3.75,14.409090909090908,25.0,4.0,160.0,-0.6541230975293695,True,True,148.75
medium_observer,3.75,14.727272727272727,25.0,4.0,160.0,-0.6343405911336056,True,True,148.95000000000002
medium_observer,3.75,15.045454545454545,25.0,4.0,160.0,-0.6150039868740439,True,True,149.1
medium_observer,3.75,15.363636363636363,25.0,4.0,160.0,-0.596097643687143,True,True,149.3
medium_observer,3.75,15.681818181818182,25.0,4.0,160.0,-0.5776065615297867,True,True,149.5
medium_observer,3.75,16.0,25.0,4.0,160.0,-0.5595172131605014,True,True,149.70000000000002
medium_observer,3.875,2.0,25.0,4.0,160.0,-2.227208035799689,True,True,145.5
medium_observer,3.875,2.3181818181818183,25.0,4.0,160.0,-2.1517205793045013,True,True,145.5
medium_observer,3.875,2.6363636363636362,25.0,4.0,160.0,-2.0804415124270457,True,True,145.55
medium_observer,3.875,2.9545454545454546,25.0,4.0,160.0,-2.012932162766962,True,True,145.6
medium_observer,3.875,3.2727272727272725,25.0,4.0,160.0,-1.9487679918643148,True,True,145.65
medium_observer,3.875,3.590909090909091,25.0,4.0,160.0,-1.8876775236647074,True,True,145.65
medium_observer,3.875,3.909090909090909,25.0,4.0,160.0,-1.8293466196455566,True,True,145.70000000000002
medium_observer,3.875,4.227272727272727,25.0,4.0,160.0,-1.7735660542198277,True,True,145.75
medium_observer,3.875,4.545454545454545,25.0,4.0,160.0,-1.7201295390690186,True,True,145.85
medium_observer,3.875,4.863636363636363,25.0,4.0,160.0,-1.6688702256799224,True,True,145.9
medium_observer,3.875,5.181818181818182,25.0,4.0,160.0,-1.6196239667908325,True,True,145.95000000000002
medium_observer,3.875,5.5,25.0,4.0,160.0,-1.5722648304423257,True,True,146.0
medium_observer,3.875,5.818181818181818,25.0,4.0,160.0,-1.526669985367801,True,True,146.1
medium_observer,3.875,6.136363636363637,25.0,4.0,160.0,-1.4827232588183898,True,True,146.15
medium_observer,3.875,6.454545454545454,25.0,4.0,160.0,-1.4403187521967282,True,True,146.25
medium_observer,3.875,6.7727272727272725,25.0,4.0,160.0,-1.3993835054030181,True,True,146.35
medium_observer,3.875,7.090909090909091,25.0,4.0,160.0,-1.3598216385292443,True,True,146.4
medium_observer,3.875,7.409090909090909,25.0,4.0,160.0,-1.3215601779563966,True,True,146.5
medium_observer,3.875,7.7272727272727275,25.0,4.0,160.0,-1.2845307626176465,True,True,146.6
medium_observer,3.875,8.045454545454545,25.0,4.0,160.0,-1.248668353643791,True,True,146.70000000000002
medium_observer,3.875,8.363636363636363,25.0,4.0,160.0,-1.2139141197301913,True,True,146.8
medium_observer,3.875,8.681818181818182,25.0,4.0,160.0,-1.1802189009725257,True,True,146.9
medium_observer,3.875,9.0,25.0,4.0,160.0,-1.1475221780999418,True,True,147.05
medium_observer,3.875,9.318181818181818,25.0,4.0,160.0,-1.115785437172057,True,True,147.15
medium_observer,3.875,9.636363636363637,25.0,4.0,160.0,-1.0849607534478518,True,True,147.25
medium_observer,3.875,9.954545454545453,25.0,4.0,160.0,-1.0550064459167572,True,True,147.4
medium_observer,3.875,10.272727272727273,25.0,4.0,160.0,-1.025885043929209,True,True,147.5
medium_observer,3.875,10.59090909090909,25.0,4.0,160.0,-0.9975606912065403,True,True,147.65
medium_observer,3.875,10.909090909090908,25.0,4.0,160.0,-0.9699992093074233,True,True,147.8
medium_observer,3.875,11.227272727272727,25.0,4.0,160.0,-0.9431681091634976,True,True,147.95000000000002
medium_observer,3.875,11.545454545454545,25.0,4.0,160.0,-0.9170399818306105,True,True,148.1
medium_observer,3.875,11.863636363636363,25.0,4.0,160.0,-0.8915853598309635,True,True,148.25
medium_observer,3.875,12.181818181818182,25.0,4.0,160.0,-0.8667753007645553,True,True,148.4
medium_observer,3.875,12.5,25.0,4.0,160.0,-0.8425891355672189,True,True,148.55
medium_observer,3.875,12.818181818181818,25.0,4.0,160.0,-0.8189990831295252,True,True,148.70000000000002
medium_observer,3.875,13.136363636363637,25.0,4.0,160.0,-0.7959830234034092,True,True,148.85
medium_observer,3.875,13.454545454545455,25.0,4.0,160.0,-0.7735227368437261,True,True,149.05
medium_observer,3.875,13.772727272727273,25.0,4.0,160.0,-0.7515947223490941,True,True,149.20000000000002
medium_observer,3.875,14.09090909090909,25.0,4.0,160.0,-0.7301800621767828,True,True,149.4
medium_observer,3.875,14.409090909090908,25.0,4.0,160.0,-0.7092605341136804,True,True,149.55
medium_observer,3.875,14.727272727272727,25.0,4.0,160.0,-0.6888186108380588,True,True,149.75
medium_observer,3.875,15.045454545454545,25.0,4.0,160.0,-0.6688374531031787,True,True,149.95000000000002
medium_observer,3.875,15.363636363636363,25.0,4.0,160.0,-0.6493008984767142,True,True,150.15
medium_observer,3.875,15.681818181818182,25.0,4.0,160.0,-0.6301934469141123,True,True,150.35
medium_observer,3.875,16.0,25.0,4.0,160.0,-0.6115011202658525,True,True,150.55
medium_observer,4.0,2.0,25.0,4.0,160.0,-2.3313115208254875,True,True,146.3
medium_observer,4.0,2.3181818181818183,25.0,4.0,160.0,-2.2533889850885167,True,True,146.3
medium_observer,4.0,2.6363636363636362,25.0,4.0,160.0,-2.179810593473079,True,True,146.35
medium_observer,4.0,2.9545454545454546,25.0,4.0,160.0,-2.110123522856216,True,True,146.4
medium_observer,4.0,3.2727272727272725,25.0,4.0,160.0,-2.0438895399889696,True,True,146.4
medium_observer,4.0,3.590909090909091,25.0,4.0,160.0,-1.9808284115248602,True,True,146.45000000000002
medium_observer,4.0,3.909090909090909,25.0,4.0,160.0,-1.920615865440575,True,True,146.5
medium_observer,4.0,4.227272727272727,25.0,4.0,160.0,-1.8630359269365966,True,True,146.55
medium_observer,4.0,4.545454545454545,25.0,4.0,160.0,-1.8078756532325349,True,True,146.6
medium_observer,4.0,4.863636363636363,25.0,4.0,160.0,-1.754962813605081,True,True,146.70000000000002
medium_observer,4.0,5.181818181818182,25.0,4.0,160.0,-1.7041279657195707,True,True,146.75
medium_observer,4.0,5.5,25.0,4.0,160.0,-1.655241115295305,True,True,146.8
medium_observer,4.0,5.818181818181818,25.0,4.0,160.0,-1.6081754687667615,True,True,146.9
medium_observer,4.0,6.136363636363637,25.0,4.0,160.0,-1.5628111058770473,True,True,146.95000000000002
medium_observer,4.0,6.454545454545454,25.0,4.0,160.0,-1.5190387119450093,True,True,147.05
medium_observer,4.0,6.7727272727272725,25.0,4.0,160.0,-1.4767829733192448,True,True,147.1
medium_observer,4.0,7.090909090909091,25.0,4.0,160.0,-1.435944917191478,True,True,147.20000000000002
medium_observer,4.0,7.409090909090909,25.0,4.0,160.0,-1.3964492159549895,True,True,147.3
medium_observer,4.0,7.7272727272727275,25.0,4.0,160.0,-1.3582253033472476,True,True,147.4
medium_observer,4.0,8.045454545454545,25.0,4.0,160.0,-1.3212060424710104,True,True,147.5
medium_observer,4.0,8.363636363636363,25.0,4.0,160.0,-1.2853307042376179,True,True,147.6
medium_observer,4.0,8.681818181818182,25.0,4.0,160.0,-1.2505485429393794,True,True,147.70000000000002
medium_observer,4.0,9.0,25.0,4.0,160.0,-1.2167970870709057,True,True,147.85
medium_observer,4.0,9.318181818181818,25.0,4.0,160.0,-1.1840365803066406,True,True,147.95000000000002
medium_observer,4.0,9.636363636363637,25.0,4.0,160.0,-1.1522175519461693,True,True,148.05
medium_observer,4.0,9.954545454545453,25.0,4.0,160.0,-1.121296976430202,True,True,148.20000000000002
medium_observer,4.0,10.272727272727273,25.0,4.0,160.0,-1.0912361743785368,True,True,148.3
medium_observer,4.0,10.59090909090909,25.0,4.0,160.0,-1.0619981328583636,True,True,148.45000000000002
medium_observer,4.0,10.909090909090908,25.0,4.0,160.0,-1.0335475708979853,True,True,148.6
medium_observer,4.0,11.227272727272727,25.0,4.0,160.0,-1.0058509513945781,True,True,148.75
medium_observer,4.0,11.545454545454545,25.0,4.0,160.0,-0.9788799812445008,True,True,148.85
medium_observer,4.0,11.863636363636363,25.0,4.0,160.0,-0.9526042424061544,True,True,149.0
medium_observer,4.0,12.181818181818182,25.0,4.0,160.0,-0.9269938588537343,True,True,149.20000000000002
medium_observer,4.0,12.5,25.0,4.0,160.0,-0.9020274947790643,True,True,149.35
medium_observer,4.0,12.818181818181818,25.0,4.0,160.0,-0.8776764729078972,True,True,149.5
medium_observer,4.0,13.136363636363637,25.0,4.0,160.0,-0.8539179596422278,True,True,149.65
medium_observer,4.0,13.454545454545455,25.0,4.0,160.0,-0.8307331477096528,True,True,149.85
medium_observer,4.0,13.772727272727273,25.0,4.0,160.0,-0.8080977779087414,True,True,150.0
medium_observer,4.0,14.09090909090909,25.0,4.0,160.0,-0.7859923222470012,True,True,150.20000000000002
medium_observer,4.0,14.409090909090908,25.0,4.0,160.0,-0.7643979706979929,True,True,150.35
medium_observer,4.0,14.727272727272727,25.0,4.0,160.0,-0.7432966305425122,True,True,150.55
medium_observer,4.0,15.045454545454545,25.0,4.0,160.0,-0.7226709193323138,True,True,150.75
medium_observer,4.0,15.363636363636363,25.0,4.0,160.0,-0.7025041532662866,True,True,150.95000000000002
medium_observer,4.0,15.681818181818182,25.0,4.0,160.0,-0.6827803322984383,True,True,151.15
medium_observer,4.0,16.0,25.0,4.0,160.0,-0.6634850273712022,True,True,151.35
medium_observer,4.125,2.0,25.0,4.0,160.0,-2.4354150058512816,True,True,147.05
medium_observer,4.125,2.3181818181818183,25.0,4.0,160.0,-2.355057390872533,True,True,147.1
medium_observer,4.125,2.6363636363636362,25.0,4.0,160.0,-2.279179674519113,True,True,147.1
medium_observer,4.125,2.9545454545454546,25.0,4.0,160.0,-2.207314882945475,True,True,147.15
medium_observer,4.125,3.2727272727272725,25.0,4.0,160.0,-2.139011088113625,True,True,147.20000000000002
medium_observer,4.125,3.590909090909091,25.0,4.0,160.0,-2.0739792993850146,True,True,147.25
medium_observer,4.125,3.909090909090909,25.0,4.0,160.0,-2.0118851112355927,True,True,147.3
medium_observer,4.125,4.227272727272727,25.0,4.0,160.0,-1.952505799653365,True,True,147.35
medium_observer,4.125,4.545454545454545,25.0,4.0,160.0,-1.8956217673960507,True,True,147.4
medium_observer,4.125,4.863636363636363,25.0,4.0,160.0,-1.84105540153024,True,True,147.45000000000002
medium_observer,4.125,5.181818181818182,25.0,4.0,160.0,-1.7886319646483064,True,True,147.5
medium_observer,4.125,5.5,25.0,4.0,160.0,-1.7382174001482846,True,True,147.6
medium_observer,4.125,5.818181818181818,25.0,4.0,160.0,-1.6896809521657228,True,True,147.65
medium_observer,4.125,6.136363636363637,25.0,4.0,160.0,-1.6428989529357065,True,True,147.75
medium_observer,4.125,6.454545454545454,25.0,4.0,160.0,-1.5977586716932937,True,True,147.8
medium_observer,4.125,6.7727272727272725,25.0,4.0,160.0,-1.554182441235472,True,True,147.9
medium_observer,4.125,7.090909090909091,25.0,4.0,160.0,-1.5120681958537125,True,True,148.0
medium_observer,4.125,7.409090909090909,25.0,4.0,160.0,-1.4713382539535838,True,True,148.05
medium_observer,4.125,7.7272727272727275,25.0,4.0,160.0,-1.4319198440768492,True,True,148.15
medium_observer,4.125,8.045454545454545,25.0,4.0,160.0,-1.3937437312982284,True,True,148.25
medium_observer,4.125,8.363636363636363,25.0,4.0,160.0,-1.3567472887450425,True,True,148.35
medium_observer,4.125,8.681818181818182,25.0,4.0,160.0,-1.3208781849062352,True,True,148.5
medium_observer,4.125,9.0,25.0,4.0,160.0,-1.2860719960418725,True,True,148.6
medium_observer,4.125,9.318181818181818,25.0,4.0,160.0,-1.2522877234412226,True,True,148.70000000000002
medium_observer,4.125,9.636363636363637,25.0,4.0,160.0,-1.2194743504444876,True,True,148.85
medium_observer,4.125,9.954545454545453,25.0,4.0,160.0,-1.1875875069436448,True,True,148.95000000000002
medium_observer,4.125,10.272727272727273,25.0,4.0,160.0,-1.156587304827867,True,True,149.1
medium_observer,4.125,10.59090909090909,25.0,4.0,160.0,-1.1264355745101864,True,True,149.20000000000002
medium_observer,4.125,10.909090909090908,25.0,4.0,160.0,-1.0970959324885483,True,True,149.35
medium_observer,4.125,11.227272727272727,25.0,4.0,160.0,-1.0685337936256574,True,True,149.5
medium_observer,4.125,11.545454545454545,25.0,4.0,160.0,-1.0407199806583916,True,True,149.65
medium_observer,4.125,11.863636363636363,25.0,4.0,160.0,-1.0136231249813468,True,True,149.8
medium_observer,4.125,12.181818181818182,25.0,4.0,160.0,-0.9872124169429146,True,True,149.95000000000002
medium_observer,4.125,12.5,25.0,4.0,160.0,-0.9614658539909107,True,True,150.1
medium_observer,4.125,12.818181818181818,25.0,4.0,160.0,-0.9363538626862692,True,True,150.25
medium_observer,4.125,13.136363636363637,25.0,4.0,160.0,-0.9118528958810479,True,True,150.45000000000002
medium_observer,4.125,13.454545454545455,25.0,4.0,160.0,-0.8879435585755787,True,True,150.6
medium_observer,4.125,13.772727272727273,25.0,4.0,160.0,-0.8646008334683902,True,True,150.75
medium_observer,4.125,14.09090909090909,25.0,4.0,160.0,-0.8418045823172207,True,True,150.95000000000002
medium_observer,4.125,14.409090909090908,25.0,4.0,160.0,-0.8195354072823058,True,True,151.15
medium_observer,4.125,14.727272727272727,25.0,4.0,160.0,-0.7977746502469657,True,True,151.3
medium_observer,4.125,15.045454545454545,25.0,4.0,160.0,-0.7765043855614481,True,True,151.5
medium_observer,4.125,15.363636363636363,25.0,4.0,160.0,-0.7557074080558578,True,True,151.70000000000002
medium_observer,4.125,15.681818181818182,25.0,4.0,160.0,-0.7353672176827654,True,True,151.9
medium_observer,4.125,16.0,25.0,4.0,160.0,-0.7154689344765519,True,True,152.1
medium_observer,4.25,2.0,25.0,4.0,160.0,-2.539518490877079,True,True,147.8
medium_observer,4.25,2.3181818181818183,25.0,4.0,160.0,-2.456725796656549,True,True,147.85
medium_observer,4.25,2.6363636363636362,25.0,4.0,160.0,-2.378548755565146,True,True,147.85
medium_observer,4.25,2.9545454545454546,25.0,4.0,160.0,-2.304506243034732,True,True,147.9
medium_observer,4.25,3.2727272727272725,25.0,4.0,160.0,-2.234132636238278,True,True,147.95000000000002
medium_observer,4.25,3.590909090909091,25.0,4.0,160.0,-2.1671301872451663,True,True,148.0
medium_observer,4.25,3.909090909090909,25.0,4.0,160.0,-2.1031543570306104,True,True,148.0
medium_observer,4.25,4.227272727272727,25.0,4.0,160.0,-2.041975672370132,True,True,148.1
medium_observer,4.25,4.545454545454545,25.0,4.0,160.0,-1.9833678815595677,True,True,148.15
medium_observer,4.25,4.863636363636363,25.0,4.0,160.0,-1.9271479894553984,True,True,148.20000000000002
medium_observer,4.25,5.181818181818182,25.0,4.0,160.0,-1.8731359635770428,True,True,148.25
medium_observer,4.25,5.5,25.0,4.0,160.0,-1.8211936850012629,True,True,148.3
medium_observer,4.25,5.818181818181818,25.0,4.0,160.0,-1.771186435564686,True,True,148.4
medium_observer,4.25,6.136363636363637,25.0,4.0,160.0,-1.7229867999943638,True,True,148.45000000000002
medium_observer,4.25,6.454545454545454,25.0,4.0,160.0,-1.6764786314415734,True,True,148.55
medium_observer,4.25,6.7727272727272725,25.0,4.0,160.0,-1.6315819091516983,True,True,148.65
medium_observer,4.25,7.090909090909091,25.0,4.0,160.0,-1.5881914745159456,True,True,148.75
medium_observer,4.25,7.409090909090909,25.0,4.0,160.0,-1.5462272919521762,True,True,148.8
medium_observer,4.25,7.7272727272727275,25.0,4.0,160.0,-1.505614384806451,True,True,148.9
medium_observer,4.25,8.045454545454545,25.0,4.0,160.0,-1.4662814201254493,True,True,149.0
medium_observer,4.25,8.363636363636363,25.0,4.0,160.0,-1.4281638732524684,True,True,149.1
medium_observer,4.25,8.681818181818182,25.0,4.0,160.0,-1.39120782687309,True,True,149.25
medium_observer,4.25,9.0,25.0,4.0,160.0,-1.3553469050128366,True,True,149.35
medium_observer,4.25,9.318181818181818,25.0,4.0,160.0,-1.3205388665758062,True,True,149.45000000000002
medium_observer,4.25,9.636363636363637,25.0,4.0,160.0,-1.2867311489428062,True,True,149.6
medium_observer,4.25,9.954545454545453,25.0,4.0,160.0,-1.25387803745709,True,True,149.70000000000002
medium_observer,4.25,10.272727272727273,25.0,4.0,160.0,-1.221938435277196,True,True,149.85
medium_observer,4.25,10.59090909090909,25.0,4.0,160.0,-1.1908730161620118,True,True,149.95000000000002
medium_observer,4.25,10.909090909090908,25.0,4.0,160.0,-1.1606442940791093,True,True,150.1
medium_observer,4.25,11.227272727272727,25.0,4.0,160.0,-1.1312166358567393,True,True,150.25
medium_observer,4.25,11.545454545454545,25.0,4.0,160.0,-1.1025599800722814,True,True,150.4
medium_observer,4.25,11.863636363636363,25.0,4.0,160.0,-1.0746420075565393,True,True,150.55
medium_observer,4.25,12.181818181818182,25.0,4.0,160.0,-1.0474309750320927,True,True,150.70000000000002
medium_observer,4.25,12.5,25.0,4.0,160.0,-1.0209042132027566,True,True,150.85
medium_observer,4.25,12.818181818181818,25.0,4.0,160.0,-0.9950312524646401,True,True,151.0
medium_observer,4.25,13.136363636363637,25.0,4.0,160.0,-0.9697878321198664,True,True,151.15
medium_observer,4.25,13.454545454545455,25.0,4.0,160.0,-0.9451539694415055,True,True,151.35
medium_observer,4.25,13.772727272727273,25.0,4.0,160.0,-0.921103889028038,True,True,151.5
medium_observer,4.25,14.09090909090909,25.0,4.0,160.0,-0.8976168423874386,True,True,151.70000000000002
medium_observer,4.25,14.409090909090908,25.0,4.0,160.0,-0.8746728438666176,True,True,151.9
medium_observer,4.25,14.727272727272727,25.0,4.0,160.0,-0.8522526699514199,True,True,152.05
medium_observer,4.25,15.045454545454545,25.0,4.0,160.0,-0.8303378517905831,True,True,152.25
medium_observer,4.25,15.363636363636363,25.0,4.0,160.0,-0.8089106628454297,True,True,152.45000000000002
medium_observer,4.25,15.681818181818182,25.0,4.0,160.0,-0.7879541030670917,True,True,152.65
medium_observer,4.25,16.0,25.0,4.0,160.0,-0.7674528415819024,True,True,152.85
medium_observer,4.375,2.0,25.0,4.0,160.0,-2.643621975902876,True,True,148.5
medium_observer,4.375,2.3181818181818183,25.0,4.0,160.0,-2.5583942024405664,True,True,148.55
medium_observer,4.375,2.6363636363636362,25.0,4.0,160.0,-2.47791783661118,True,True,148.6
medium_observer,4.375,2.9545454545454546,25.0,4.0,160.0,-2.401697603123986,True,True,148.6
medium_observer,4.375,3.2727272727272725,25.0,4.0,160.0,-2.3292541843629335,True,True,148.65
medium_observer,4.375,3.590909090909091,25.0,4.0,160.0,-2.2602810751053153,True,True,148.70000000000002
medium_observer,4.375,3.909090909090909,25.0,4.0,160.0,-2.19442360282563,True,True,148.75
medium_observer,4.375,4.227272727272727,25.0,4.0,160.0,-2.1314455450869016,True,True,148.8
medium_observer,4.375,4.545454545454545,25.0,4.0,160.0,-2.0711139957230835,True,True,148.85
medium_observer,4.375,4.863636363636363,25.0,4.0,160.0,-2.013240577380557,True,True,148.9
medium_observer,4.375,5.181818181818182,25.0,4.0,160.0,-1.9576399625057814,True,True,149.0
medium_observer,4.375,5.5,25.0,4.0,160.0,-1.9041699698542394,True,True,149.05
medium_observer,4.375,5.818181818181818,25.0,4.0,160.0,-1.852691918963647,True,True,149.1
medium_observer,4.375,6.136363636363637,25.0,4.0,160.0,-1.8030746470530203,True,True,149.20000000000002
medium_observer,4.375,6.454545454545454,25.0,4.0,160.0,-1.7551985911898547,True,True,149.3
medium_observer,4.375,6.7727272727272725,25.0,4.0,160.0,-1.7089813770679239,True,True,149.35
medium_observer,4.375,7.090909090909091,25.0,4.0,160.0,-1.6643147531781803,True,True,149.45000000000002
medium_observer,4.375,7.409090909090909,25.0,4.0,160.0,-1.6211163299507703,True,True,149.55
medium_observer,4.375,7.7272727272727275,25.0,4.0,160.0,-1.579308925536054,True,True,149.65
medium_observer,4.375,8.045454545454545,25.0,4.0,160.0,-1.5388191089526668,True,True,149.75
medium_observer,4.375,8.363636363636363,25.0,4.0,160.0,-1.499580457759894,True,True,149.85
medium_observer,4.375,8.681818181818182,25.0,4.0,160.0,-1.4615374688399472,True,True,149.95000000000002
medium_observer,4.375,9.0,25.0,4.0,160.0,-1.4246218139838034,True,True,150.05
medium_observer,4.375,9.318181818181818,25.0,4.0,160.0,-1.3887900097103874,True,True,150.20000000000002
medium_observer,4.375,9.636363636363637,25.0,4.0,160.0,-1.3539879474411252,True,True,150.3
medium_observer,4.375,9.954545454545453,25.0,4.0,160.0,-1.320168567970533,True,True,150.45000000000002
medium_observer,4.375,10.272727272727273,25.0,4.0,160.0,-1.2872895657265255,True,True,150.55
medium_observer,4.375,10.59090909090909,25.0,4.0,160.0,-1.2553104578138365,True,True,150.70000000000002
medium_observer,4.375,10.909090909090908,25.0,4.0,160.0,-1.2241926556696714,True,True,150.85
medium_observer,4.375,11.227272727272727,25.0,4.0,160.0,-1.1938994780878198,True,True,150.95000000000002
medium_observer,4.375,11.545454545454545,25.0,4.0,160.0,-1.1643999794861721,True,True,151.1
medium_observer,4.375,11.863636363636363,25.0,4.0,160.0,-1.1356608901317318,True,True,151.25
medium_observer,4.375,12.181818181818182,25.0,4.0,160.0,-1.1076495331212741,True,True,151.4
medium_observer,4.375,12.5,25.0,4.0,160.0,-1.0803425724146023,True,True,151.55
medium_observer,4.375,12.818181818181818,25.0,4.0,160.0,-1.0537086422430118,True,True,151.75
medium_observer,4.375,13.136363636363637,25.0,4.0,160.0,-1.0277227683586851,True,True,151.9
medium_observer,4.375,13.454545454545455,25.0,4.0,160.0,-1.002364380307432,True,True,152.05
medium_observer,4.375,13.772727272727273,25.0,4.0,160.0,-0.9776069445876867,True,True,152.25
medium_observer,4.375,14.09090909090909,25.0,4.0,160.0,-0.953429102457658,True,True,152.4
medium_observer,4.375,14.409090909090908,25.0,4.0,160.0,-0.92981028045093,True,True,152.6
medium_observer,4.375,14.727272727272727,25.0,4.0,160.0,-0.906730689655873,True,True,152.8
medium_observer,4.375,15.045454545454545,25.0,4.0,160.0,-0.8841713180197178,True,True,152.95000000000002
medium_observer,4.375,15.363636363636363,25.0,4.0,160.0,-0.862113917635001,True,True,153.15
medium_observer,4.375,15.681818181818182,25.0,4.0,160.0,-0.8405409884514179,True,True,153.35
medium_observer,4.375,16.0,25.0,4.0,160.0,-0.8194367486872525,True,True,153.55
medium_observer,4.5,2.0,25.0,4.0,160.0,-2.7477254609286716,True,True,149.25
medium_observer,4.5,2.3181818181818183,25.0,4.0,160.0,-2.660062608224581,True,True,149.25
medium_observer,4.5,2.6363636363636362,25.0,4.0,160.0,-2.577286917657215,True,True,149.3
medium_observer,4.5,2.9545454545454546,25.0,4.0,160.0,-2.498888963213244,True,True,149.3
medium_observer,4.5,3.2727272727272725,25.0,4.0,160.0,-2.42437573248759,True,True,149.35
medium_observer,4.5,3.590909090909091,25.0,4.0,160.0,-2.353431962965466,True,True,149.4
medium_observer,4.5,3.909090909090909,25.0,4.0,160.0,-2.28569284862065,True,True,149.45000000000002
medium_observer,4.5,4.227272727272727,25.0,4.0,160.0,-2.220915417803671,True,True,149.5
medium_observer,4.5,4.545454545454545,25.0,4.0,160.0,-2.1588601098865987,True,True,149.55
medium_observer,4.5,4.863636363636363,25.0,4.0,160.0,-2.0993331653057163,True,True,149.6
medium_observer,4.5,5.181818181818182,25.0,4.0,160.0,-2.0421439614345167,True,True,149.70000000000002
medium_observer,4.5,5.5,25.0,4.0,160.0,-1.9871462547072194,True,True,149.75
medium_observer,4.5,5.818181818181818,25.0,4.0,160.0,-1.9341974023626078,True,True,149.8
medium_observer,4.5,6.136363636363637,25.0,4.0,160.0,-1.8831624941116794,True,True,149.9
medium_observer,4.5,6.454545454545454,25.0,4.0,160.0,-1.8339185509381368,True,True,150.0
medium_observer,4.5,6.7727272727272725,25.0,4.0,160.0,-1.786380844984151,True,True,150.05
medium_observer,4.5,7.090909090909091,25.0,4.0,160.0,-1.740438031840413,True,True,150.15
medium_observer,4.5,7.409090909090909,25.0,4.0,160.0,-1.6960053679493625,True,True,150.25
medium_observer,4.5,7.7272727272727275,25.0,4.0,160.0,-1.6530034662656534,True,True,150.35
medium_observer,4.5,8.045454545454545,25.0,4.0,160.0,-1.611356797779886,True,True,150.45000000000002
medium_observer,4.5,8.363636363636363,25.0,4.0,160.0,-1.5709970422673205,True,True,150.55
medium_observer,4.5,8.681818181818182,25.0,4.0,160.0,-1.531867110806803,True,True,150.65
medium_observer,4.5,9.0,25.0,4.0,160.0,-1.4938967229547688,True,True,150.75
medium_observer,4.5,9.318181818181818,25.0,4.0,160.0,-1.4570411528449703,True,True,150.9
medium_observer,4.5,9.636363636363637,25.0,4.0,160.0,-1.4212447459394397,True,True,151.0
medium_observer,4.5,9.954545454545453,25.0,4.0,160.0,-1.3864590984839757,True,True,151.15
medium_observer,4.5,10.272727272727273,25.0,4.0,160.0,-1.3526406961758555,True,True,151.25
medium_observer,4.5,10.59090909090909,25.0,4.0,160.0,-1.3197478994656582,True,True,151.4
medium_observer,4.5,10.909090909090908,25.0,4.0,160.0,-1.2877410172602333,True,True,151.55
medium_observer,4.5,11.227272727272727,25.0,4.0,160.0,-1.2565823203189013,True,True,151.65
medium_observer,4.5,11.545454545454545,25.0,4.0,160.0,-1.226239978900064,True,True,151.8
medium_observer,4.5,11.863636363636363,25.0,4.0,160.0,-1.1966797727069232,True,True,151.95000000000002
medium_observer,4.5,12.181818181818182,25.0,4.0,160.0,-1.167868091210451,True,True,152.1
medium_observer,4.5,12.5,25.0,4.0,160.0,-1.1397809316264482,True,True,152.25
medium_observer,4.5,12.818181818181818,25.0,4.0,160.0,-1.1123860320213836,True,True,152.45000000000002
medium_observer,4.5,13.136363636363637,25.0,4.0,160.0,-1.085657704597507,True,True,152.6
medium_observer,4.5,13.454545454545455,25.0,4.0,160.0,-1.059574791173359,True,True,152.75
medium_observer,4.5,13.772727272727273,25.0,4.0,160.0,-1.0341100001473342,True,True,152.95000000000002
medium_observer,4.5,14.09090909090909,25.0,4.0,160.0,-1.0092413625278767,True,True,153.1
medium_observer,4.5,14.409090909090908,25.0,4.0,160.0,-0.9849477170352421,True,True,153.3
medium_observer,4.5,14.727272727272727,25.0,4.0,160.0,-0.9612087093603264,True,True,153.5
medium_observer,4.5,15.045454545454545,25.0,4.0,160.0,-0.9380047842488529,True,True,153.70000000000002
medium_observer,4.5,15.363636363636363,25.0,4.0,160.0,-0.915317172424572,True,True,153.85000000000002
medium_observer,4.5,15.681818181818182,25.0,4.0,160.0,-0.8931278738357437,True,True,154.05
medium_observer,4.5,16.0,25.0,4.0,160.0,-0.8714206557926026,True,True,154.25
medium_observer,4.625,2.0,25.0,4.0,160.0,-2.851828945954469,True,True,149.9
medium_observer,4.625,2.3181818181818183,25.0,4.0,160.0,-2.7617310140085998,True,True,149.95000000000002
medium_observer,4.625,2.6363636363636362,25.0,4.0,160.0,-2.6766559987032474,True,True,149.95000000000002
medium_observer,4.625,2.9545454545454546,25.0,4.0,160.0,-2.5960803233025,True,True,150.0
medium_observer,4.625,3.2727272727272725,25.0,4.0,160.0,-2.519497280612244,True,True,150.05
medium_observer,4.625,3.590909090909091,25.0,4.0,160.0,-2.446582850825618,True,True,150.1
medium_observer,4.625,3.909090909090909,25.0,4.0,160.0,-2.376962094415665,True,True,150.15
medium_observer,4.625,4.227272727272727,25.0,4.0,160.0,-2.3103852905204385,True,True,150.20000000000002
medium_observer,4.625,4.545454545454545,25.0,4.0,160.0,-2.246606224050117,True,True,150.25
medium_observer,4.625,4.863636363636363,25.0,4.0,160.0,-2.1854257532308745,True,True,150.3
medium_observer,4.625,5.181818181818182,25.0,4.0,160.0,-2.1266479603632518,True,True,150.35
medium_observer,4.625,5.5,25.0,4.0,160.0,-2.0701225395601948,True,True,150.45000000000002
medium_observer,4.625,5.818181818181818,25.0,4.0,160.0,-2.015702885761569,True,True,150.5
medium_observer,4.625,6.136363636363637,25.0,4.0,160.0,-1.9632503411703373,True,True,150.6
medium_observer,4.625,6.454545454545454,25.0,4.0,160.0,-1.9126385106864188,True,True,150.65
medium_observer,4.625,6.7727272727272725,25.0,4.0,160.0,-1.863780312900377,True,True,150.75
medium_observer,4.625,7.090909090909091,25.0,4.0,160.0,-1.816561310502646,True,True,150.85
medium_observer,4.625,7.409090909090909,25.0,4.0,160.0,-1.770894405947956,True,True,150.95000000000002
medium_observer,4.625,7.7272727272727275,25.0,4.0,160.0,-1.7266980069952549,True,True,151.05
medium_observer,4.625,8.045454545454545,25.0,4.0,160.0,-1.6838944866071077,True,True,151.15
medium_observer,4.625,8.363636363636363,25.0,4.0,160.0,-1.6424136267747451,True,True,151.25
medium_observer,4.625,8.681818181818182,25.0,4.0,160.0,-1.6021967527736574,True,True,151.35
medium_observer,4.625,9.0,25.0,4.0,160.0,-1.5631716319257352,True,True,151.45000000000002
medium_observer,4.625,9.318181818181818,25.0,4.0,160.0,-1.5252922959795547,True,True,151.55
medium_observer,4.625,9.636363636363637,25.0,4.0,160.0,-1.4885015444377585,True,True,151.70000000000002
medium_observer,4.625,9.954545454545453,25.0,4.0,160.0,-1.4527496289974196,True,True,151.8
medium_observer,4.625,10.272727272727273,25.0,4.0,160.0,-1.4179918266251823,True,True,151.95000000000002
medium_observer,4.625,10.59090909090909,25.0,4.0,160.0,-1.384185341117483,True,True,152.1
medium_observer,4.625,10.909090909090908,25.0,4.0,160.0,-1.351289378850796,True,True,152.20000000000002
medium_observer,4.625,11.227272727272727,25.0,4.0,160.0,-1.319265162549981,True,True,152.35
medium_observer,4.625,11.545454545454545,25.0,4.0,160.0,-1.2880799783139547,True,True,152.5
medium_observer,4.625,11.863636363636363,25.0,4.0,160.0,-1.2576986552821168,True,True,152.65
medium_observer,4.625,12.181818181818182,25.0,4.0,160.0,-1.2280866492996305,True,True,152.8
medium_observer,4.625,12.5,25.0,4.0,160.0,-1.1992192908382924,True,True,152.95000000000002
medium_observer,4.625,12.818181818181818,25.0,4.0,160.0,-1.171063421799755,True,True,153.1
medium_observer,4.625,13.136363636363637,25.0,4.0,160.0,-1.1435926408363266,True,True,153.3
medium_observer,4.625,13.454545454545455,25.0,4.0,160.0,-1.1167852020392852,True,True,153.45000000000002
medium_observer,4.625,13.772727272727273,25.0,4.0,160.0,-1.0906130557069822,True,True,153.65
medium_observer,4.625,14.09090909090909,25.0,4.0,160.0,-1.0650536225980953,True,True,153.8
medium_observer,4.625,14.409090909090908,25.0,4.0,160.0,-1.0400851536195541,True,True,154.0
medium_observer,4.625,14.727272727272727,25.0,4.0,160.0,-1.0156867290647793,True,True,154.15
medium_observer,4.625,15.045454545454545,25.0,4.0,160.0,-0.9918382504779876,True,True,154.35000000000002
medium_observer,4.625,15.363636363636363,25.0,4.0,160.0,-0.9685204272141433,True,True,154.55
medium_observer,4.625,15.681818181818182,25.0,4.0,160.0,-0.9457147592200702,True,True,154.75
medium_observer,4.625,16.0,25.0,4.0,160.0,-0.9234045628979528,True,True,154.95000000000002
medium_observer,4.75,2.0,25.0,4.0,160.0,-2.9559324309802646,True,True,150.6
medium_observer,4.75,2.3181818181818183,25.0,4.0,160.0,-2.863399419792616,True,True,150.6
medium_observer,4.75,2.6363636363636362,25.0,4.0,160.0,-2.776025079749281,True,True,150.65
medium_observer,4.75,2.9545454545454546,25.0,4.0,160.0,-2.693271683391757,True,True,150.65
medium_observer,4.75,3.2727272727272725,25.0,4.0,160.0,-2.614618828736899,True,True,150.70000000000002
medium_observer,4.75,3.590909090909091,25.0,4.0,160.0,-2.5397337386857726,True,True,150.75
medium_observer,4.75,3.909090909090909,25.0,4.0,160.0,-2.4682313402106852,True,True,150.8
medium_observer,4.75,4.227272727272727,25.0,4.0,160.0,-2.399855163237208,True,True,150.85
medium_observer,4.75,4.545454545454545,25.0,4.0,160.0,-2.334352338213635,True,True,150.9
medium_observer,4.75,4.863636363636363,25.0,4.0,160.0,-2.271518341156035,True,True,150.95000000000002
medium_observer,4.75,5.181818181818182,25.0,4.0,160.0,-2.2111519592919895,True,True,151.05
medium_observer,4.75,5.5,25.0,4.0,160.0,-2.153098824413176,True,True,151.1
medium_observer,4.75,5.818181818181818,25.0,4.0,160.0,-2.0972083691605317,True,True,151.15
medium_observer,4.75,6.136363636363637,25.0,4.0,160.0,-2.0433381882289963,True,True,151.25
medium_observer,4.75,6.454545454545454,25.0,4.0,160.0,-1.9913584704346998,True,True,151.35
medium_observer,4.75,6.7727272727272725,25.0,4.0,160.0,-1.941179780816602,True,True,151.4
medium_observer,4.75,7.090909090909091,25.0,4.0,160.0,-1.8926845891648818,True,True,151.5
medium_observer,4.75,7.409090909090909,25.0,4.0,160.0,-1.8457834439465508,True,True,151.6
medium_observer,4.75,7.7272727272727275,25.0,4.0,160.0,-1.8003925477248572,True,True,151.70000000000002
medium_observer,4.75,8.045454545454545,25.0,4.0,160.0,-1.7564321754343246,True,True,151.8
medium_observer,4.75,8.363636363636363,25.0,4.0,160.0,-1.7138302112821706,True,True,151.9
medium_observer,4.75,8.681818181818182,25.0,4.0,160.0,-1.6725263947405142,True,True,152.0
medium_observer,4.75,9.0,25.0,4.0,160.0,-1.6324465408967006,True,True,152.1
medium_observer,4.75,9.318181818181818,25.0,4.0,160.0,-1.5935434391141354,True,True,152.25
medium_observer,4.75,9.636363636363637,25.0,4.0,160.0,-1.5557583429360762,True,True,152.35
medium_observer,4.75,9.954545454545453,25.0,4.0,160.0,-1.5190401595108654,True,True,152.5
medium_observer,4.75,10.272727272727273,25.0,4.0,160.0,-1.4833429570745131,True,True,152.6
medium_observer,4.75,10.59090909090909,25.0,4.0,160.0,-1.448622782769306,True,True,152.75
medium_observer,4.75,10.909090909090908,25.0,4.0,160.0,-1.4148377404413564,True,True,152.9
medium_observer,4.75,11.227272727272727,25.0,4.0,160.0,-1.3819480047810606,True,True,153.0
medium_observer,4.75,11.545454545454545,25.0,4.0,160.0,-1.349919977727846,True,True,153.15
medium_observer,4.75,11.863636363636363,25.0,4.0,160.0,-1.3187175378573093,True,True,153.3
medium_observer,4.75,12.181818181818182,25.0,4.0,160.0,-1.2883052073888095,True,True,153.45000000000002
medium_observer,4.75,12.5,25.0,4.0,160.0,-1.2586576500501392,True,True,153.60000000000002
medium_observer,4.75,12.818181818181818,25.0,4.0,160.0,-1.2297408115781268,True,True,153.8
medium_observer,4.75,13.136363636363637,25.0,4.0,160.0,-1.2015275770751452,True,True,153.95000000000002
medium_observer,4.75,13.454545454545455,25.0,4.0,160.0,-1.1739956129052111,True,True,154.10000000000002
medium_observer,4.75,13.772727272727273,25.0,4.0,160.0,-1.1471161112666315,True,True,154.3
medium_observer,4.75,14.09090909090909,25.0,4.0,160.0,-1.1208658826683129,True,True,154.45000000000002
medium_observer,4.75,14.409090909090908,25.0,4.0,160.0,-1.095222590203867,True,True,154.65
medium_observer,4.75,14.727272727272727,25.0,4.0,160.0,-1.0701647487692327,True,True,154.85000000000002
medium_observer,4.75,15.045454545454545,25.0,4.0,160.0,-1.0456717167071221,True,True,155.05
medium_observer,4.75,15.363636363636363,25.0,4.0,160.0,-1.0217236820037157,True,True,155.20000000000002
medium_observer,4.75,15.681818181818182,25.0,4.0,160.0,-0.9983016446043965,True,True,155.4
medium_observer,4.75,16.0,25.0,4.0,160.0,-0.9753884700033023,True,True,155.60000000000002
medium_observer,4.875,2.0,25.0,4.0,160.0,-3.060035916006061,True,True,151.25
medium_observer,4.875,2.3181818181818183,25.0,4.0,160.0,-2.965067825576633,True,True,151.25
medium_observer,4.875,2.6363636363636362,25.0,4.0,160.0,-2.8753941607953166,True,True,151.3
medium_observer,4.875,2.9545454545454546,25.0,4.0,160.0,-2.7904630434810147,True,True,151.3
medium_observer,4.875,3.2727272727272725,25.0,4.0,160.0,-2.7097403768615544,True,True,151.35
medium_observer,4.875,3.590909090909091,25.0,4.0,160.0,-2.6328846265459247,True,True,151.4
medium_observer,4.875,3.909090909090909,25.0,4.0,160.0,-2.5595005860056994,True,True,151.45000000000002
medium_observer,4.875,4.227272727272727,25.0,4.0,160.0,-2.489325035953976,True,True,151.5
medium_observer,4.875,4.545454545454545,25.0,4.0,160.0,-2.4220984523771536,True,True,151.55
medium_observer,4.875,4.863636363636363,25.0,4.0,160.0,-2.3576109290811913,True,True,151.6
medium_observer,4.875,5.181818181818182,25.0,4.0,160.0,-2.2956559582207268,True,True,151.70000000000002
medium_observer,4.875,5.5,25.0,4.0,160.0,-2.236075109266152,True,True,151.75
medium_observer,4.875,5.818181818181818,25.0,4.0,160.0,-2.1787138525594902,True,True,151.8
medium_observer,4.875,6.136363636363637,25.0,4.0,160.0,-2.1234260352876544,True,True,151.9
medium_observer,4.875,6.454545454545454,25.0,4.0,160.0,-2.070078430182982,True,True,152.0
medium_observer,4.875,6.7727272727272725,25.0,4.0,160.0,-2.0185792487328276,True,True,152.05
medium_observer,4.875,7.090909090909091,25.0,4.0,160.0,-1.968807867827114,True,True,152.15
medium_observer,4.875,7.409090909090909,25.0,4.0,160.0,-1.9206724819451433,True,True,152.25
medium_observer,4.875,7.7272727272727275,25.0,4.0,160.0,-1.8740870884544587,True,True,152.35
medium_observer,4.875,8.045454545454545,25.0,4.0,160.0,-1.8289698642615444,True,True,152.45000000000002
medium_observer,4.875,8.363636363636363,25.0,4.0,160.0,-1.7852467957895952,True,True,152.55
medium_observer,4.875,8.681818181818182,25.0,4.0,160.0,-1.7428560367073695,True,True,152.65
medium_observer,4.875,9.0,25.0,4.0,160.0,-1.7017214498676665,True,True,152.75
medium_observer,4.875,9.318181818181818,25.0,4.0,160.0,-1.6617945822487181,True,True,152.9
medium_observer,4.875,9.636363636363637,25.0,4.0,160.0,-1.6230151414343943,True,True,153.0
medium_observer,4.875,9.954545454545453,25.0,4.0,160.0,-1.5853306900243076,True,True,153.15
medium_observer,4.875,10.272727272727273,25.0,4.0,160.0,-1.5486940875238426,True,True,153.25
medium_observer,4.875,10.59090909090909,25.0,4.0,160.0,-1.513060224421131,True,True,153.4
medium_observer,4.875,10.909090909090908,25.0,4.0,160.0,-1.478386102031918,True,True,153.55
medium_observer,4.875,11.227272727272727,25.0,4.0,160.0,-1.44463084701214,True,True,153.65
medium_observer,4.875,11.545454545454545,25.0,4.0,160.0,-1.4117599771417355,True,True,153.8
medium_observer,4.875,11.863636363636363,25.0,4.0,160.0,-1.3797364204325002,True,True,153.95000000000002
medium_observer,4.875,12.181818181818182,25.0,4.0,160.0,-1.3485237654779874,True,True,154.10000000000002
medium_observer,4.875,12.5,25.0,4.0,160.0,-1.3180960092619838,True,True,154.25
medium_observer,4.875,12.818181818181818,25.0,4.0,160.0,-1.2884182013564989,True,True,154.45000000000002
medium_observer,4.875,13.136363636363637,25.0,4.0,160.0,-1.2594625133139645,True,True,154.60000000000002
medium_observer,4.875,13.454545454545455,25.0,4.0,160.0,-1.2312060237711373,True,True,154.75
medium_observer,4.875,13.772727272727273,25.0,4.0,160.0,-1.2036191668262783,True,True,154.95000000000002
medium_observer,4.875,14.09090909090909,25.0,4.0,160.0,-1.1766781427385322,True,True,155.10000000000002
medium_observer,4.875,14.409090909090908,25.0,4.0,160.0,-1.1503600267881793,True,True,155.3
medium_observer,4.875,14.727272727272727,25.0,4.0,160.0,-1.1246427684736868,True,True,155.5
medium_observer,4.875,15.045454545454545,25.0,4.0,160.0,-1.099505182936257,True,True,155.70000000000002
medium_observer,4.875,15.363636363636363,25.0,4.0,160.0,-1.074926936793286,True,True,155.85000000000002
medium_observer,4.875,15.681818181818182,25.0,4.0,160.0,-1.0508885299887218,True,True,156.05
medium_observer,4.875,16.0,25.0,4.0,160.0,-1.0273723771086523,True,True,156.25
medium_observer,5.0,2.0,25.0,4.0,160.0,-3.1641394010318593,True,True,151.85
medium_observer,5.0,2.3181818181818183,25.0,4.0,160.0,-3.0667362313606477,True,True,151.9
medium_observer,5.0,2.6363636363636362,25.0,4.0,160.0,-2.97476324184135,True,True,151.9
medium_observer,5.0,2.9545454545454546,25.0,4.0,160.0,-2.887654403570271,True,True,151.95000000000002
medium_observer,5.0,3.2727272727272725,25.0,4.0,160.0,-2.804861924986211,True,True,152.0
medium_observer,5.0,3.590909090909091,25.0,4.0,160.0,-2.7260355144060737,True,True,152.05
medium_observer,5.0,3.909090909090909,25.0,4.0,160.0,-2.6507698318007193,True,True,152.1
medium_observer,5.0,4.227272727272727,25.0,4.0,160.0,-2.578794908670747,True,True,152.15
medium_observer,5.0,4.545454545454545,25.0,4.0,160.0,-2.5098445665406706,True,True,152.20000000000002
medium_observer,5.0,4.863636363636363,25.0,4.0,160.0,-2.4437035170063504,True,True,152.25
medium_observer,5.0,5.181818181818182,25.0,4.0,160.0,-2.3801599571494645,True,True,152.3
medium_observer,5.0,5.5,25.0,4.0,160.0,-2.3190513941191324,True,True,152.4
medium_observer,5.0,5.818181818181818,25.0,4.0,160.0,-2.260219335958453,True,True,152.45000000000002
medium_observer,5.0,6.136363636363637,25.0,4.0,160.0,-2.2035138823463107,True,True,152.55
medium_observer,5.0,6.454545454545454,25.0,4.0,160.0,-2.1487983899312626,True,True,152.6
medium_observer,5.0,6.7727272727272725,25.0,4.0,160.0,-2.095978716649054,True,True,152.70000000000002
medium_observer,5.0,7.090909090909091,25.0,4.0,160.0,-2.044931146489348,True,True,152.8
medium_observer,5.0,7.409090909090909,25.0,4.0,160.0,-1.995561519943737,True,True,152.9
medium_observer,5.0,7.7272727272727275,25.0,4.0,160.0,-1.9477816291840597,True,True,152.95000000000002
medium_observer,5.0,8.045454545454545,25.0,4.0,160.0,-1.9015075530887622,True,True,153.05
medium_observer,5.0,8.363636363636363,25.0,4.0,160.0,-1.8566633802970236,True,True,153.20000000000002
medium_observer,5.0,8.681818181818182,25.0,4.0,160.0,-1.813185678674225,True,True,153.3
medium_observer,5.0,9.0,25.0,4.0,160.0,-1.770996358838633,True,True,153.4
medium_observer,5.0,9.318181818181818,25.0,4.0,160.0,-1.7300457253833013,True,True,153.5
medium_observer,5.0,9.636363636363637,25.0,4.0,160.0,-1.69027193993271,True,True,153.65
medium_observer,5.0,9.954545454545453,25.0,4.0,160.0,-1.6516212205377512,True,True,153.75
medium_observer,5.0,10.272727272727273,25.0,4.0,160.0,-1.6140452179731721,True,True,153.9
medium_observer,5.0,10.59090909090909,25.0,4.0,160.0,-1.5774976660729554,True,True,154.0
medium_observer,5.0,10.909090909090908,25.0,4.0,160.0,-1.5419344636224825,True,True,154.15
medium_observer,5.0,11.227272727272727,25.0,4.0,160.0,-1.5073136892432224,True,True,154.3
medium_observer,5.0,11.545454545454545,25.0,4.0,160.0,-1.4735999765556285,True,True,154.45000000000002
medium_observer,5.0,11.863636363636363,25.0,4.0,160.0,-1.4407553030076923,True,True,154.60000000000002
medium_observer,5.0,12.181818181818182,25.0,4.0,160.0,-1.4087423235671686,True,True,154.75
medium_observer,5.0,12.5,25.0,4.0,160.0,-1.3775343684738306,True,True,154.9
medium_observer,5.0,12.818181818181818,25.0,4.0,160.0,-1.347095591134871,True,True,155.05
medium_observer,5.0,13.136363636363637,25.0,4.0,160.0,-1.317397449552784,True,True,155.25
medium_observer,5.0,13.454545454545455,25.0,4.0,160.0,-1.2884164346370652,True,True,155.4
medium_observer,5.0,13.772727272727273,25.0,4.0,160.0,-1.2601222223859267,True,True,155.60000000000002
medium_observer,5.0,14.09090909090909,25.0,4.0,160.0,-1.2324904028087513,True,True,155.75
medium_observer,5.0,14.409090909090908,25.0,4.0,160.0,-1.2054974633724898,True,True,155.95000000000002
medium_observer,5.0,14.727272727272727,25.0,4.0,160.0,-1.1791207881781391,True,True,156.10000000000002
medium_observer,5.0,15.045454545454545,25.0,4.0,160.0,-1.1533386491653925,True,True,156.3
medium_observer,5.0,15.363636363636363,25.0,4.0,160.0,-1.1281301915828585,True,True,156.5
medium_observer,5.0,15.681818181818182,25.0,4.0,160.0,-1.103475415373049,True,True,156.70000000000002
medium_observer,5.0,16.0,25.0,4.0,160.0,-1.0793562842140028,True,True,156.9
medium_observer,5.125,2.0,25.0,4.0,160.0,-3.268242886057653,True,True,152.45000000000002
medium_observer,5.125,2.3181818181818183,25.0,4.0,160.0,-3.1684046371446644,True,True,152.5
medium_observer,5.125,2.6363636363636362,25.0,4.0,160.0,-3.0741323228873823,True,True,152.55
medium_observer,5.125,2.9545454545454546,25.0,4.0,160.0,-2.98484576365953,True,True,152.55
medium_observer,5.125,3.2727272727272725,25.0,4.0,160.0,-2.8999834731108662,True,True,152.6
medium_observer,5.125,3.590909090909091,25.0,4.0,160.0,-2.819186402266227,True,True,152.65
medium_observer,5.125,3.909090909090909,25.0,4.0,160.0,-2.742039077595737,True,True,152.70000000000002
medium_observer,5.125,4.227272727272727,25.0,4.0,160.0,-2.6682647813875136,True,True,152.75
medium_observer,5.125,4.545454545454545,25.0,4.0,160.0,-2.597590680704187,True,True,152.8
medium_observer,5.125,4.863636363636363,25.0,4.0,160.0,-2.529796104931509,True,True,152.85
medium_observer,5.125,5.181818181818182,25.0,4.0,160.0,-2.4646639560781995,True,True,152.95000000000002
medium_observer,5.125,5.5,25.0,4.0,160.0,-2.4020276789721082,True,True,153.0
medium_observer,5.125,5.818181818181818,25.0,4.0,160.0,-2.3417248193574145,True,True,153.05
medium_observer,5.125,6.136363636363637,25.0,4.0,160.0,-2.2836017294049675,True,True,153.15
medium_observer,5.125,6.454545454545454,25.0,4.0,160.0,-2.227518349679544,True,True,153.25
medium_observer,5.125,6.7727272727272725,25.0,4.0,160.0,-2.173378184565282,True,True,153.3
medium_observer,5.125,7.090909090909091,25.0,4.0,160.0,-2.121054425151582,True,True,153.4
medium_observer,5.125,7.409090909090909,25.0,4.0,160.0,-2.0704505579423302,True,True,153.5
medium_observer,5.125,7.7272727272727275,25.0,4.0,160.0,-2.0214761699136616,True,True,153.60000000000002
medium_observer,5.125,8.045454545454545,25.0,4.0,160.0,-1.9740452419159829,True,True,153.70000000000002
medium_observer,5.125,8.363636363636363,25.0,4.0,160.0,-1.928079964804447,True,True,153.8
medium_observer,5.125,8.681818181818182,25.0,4.0,160.0,-1.8835153206410797,True,True,153.9
medium_observer,5.125,9.0,25.0,4.0,160.0,-1.840271267809601,True,True,154.0
medium_observer,5.125,9.318181818181818,25.0,4.0,160.0,-1.798296868517883,True,True,154.15
medium_observer,5.125,9.636363636363637,25.0,4.0,160.0,-1.7575287384310299,True,True,154.25
medium_observer,5.125,9.954545454545453,25.0,4.0,160.0,-1.7179117510511952,True,True,154.4
medium_observer,5.125,10.272727272727273,25.0,4.0,160.0,-1.6793963484225,True,True,154.5
medium_observer,5.125,10.59090909090909,25.0,4.0,160.0,-1.6419351077247801,True,True,154.65
medium_observer,5.125,10.909090909090908,25.0,4.0,160.0,-1.605482825213043,True,True,154.8
medium_observer,5.125,11.227272727272727,25.0,4.0,160.0,-1.569996531474302,True,True,154.9
medium_observer,5.125,11.545454545454545,25.0,4.0,160.0,-1.5354399759695165,True,True,155.05
medium_observer,5.125,11.863636363636363,25.0,4.0,160.0,-1.5017741855828852,True,True,155.20000000000002
medium_observer,5.125,12.181818181818182,25.0,4.0,160.0,-1.4689608816563482,True,True,155.35000000000002
medium_observer,5.125,12.5,25.0,4.0,160.0,-1.4369727276856754,True,True,155.5
medium_observer,5.125,12.818181818181818,25.0,4.0,160.0,-1.4057729809132427,True,True,155.70000000000002
medium_observer,5.125,13.136363636363637,25.0,4.0,160.0,-1.3753323857916047,True,True,155.85000000000002
medium_observer,5.125,13.454545454545455,25.0,4.0,160.0,-1.3456268455029927,True,True,156.0
medium_observer,5.125,13.772727272727273,25.0,4.0,160.0,-1.3166252779455767,True,True,156.20000000000002
medium_observer,5.125,14.09090909090909,25.0,4.0,160.0,-1.2883026628789715,True,True,156.35000000000002
medium_observer,5.125,14.409090909090908,25.0,4.0,160.0,-1.260634899956803,True,True,156.55
medium_observer,5.125,14.727272727272727,25.0,4.0,160.0,-1.233598807882595,True,True,156.75
medium_observer,5.125,15.045454545454545,25.0,4.0,160.0,-1.207172115394528,True,True,156.95000000000002
medium_observer,5.125,15.363636363636363,25.0,4.0,160.0,-1.1813334463724283,True,True,157.10000000000002
medium_observer,5.125,15.681818181818182,25.0,4.0,160.0,-1.1560623007573747,True,True,157.3
medium_observer,5.125,16.0,25.0,4.0,160.0,-1.1313401913193524,True,True,157.5
medium_observer,5.25,2.0,25.0,4.0,160.0,-3.3723463710834523,True,True,153.1
medium_observer,5.25,2.3181818181818183,25.0,4.0,160.0,-3.270073042928679,True,True,153.1
medium_observer,5.25,2.6363636363636362,25.0,4.0,160.0,-3.1735014039334173,True,True,153.15
medium_observer,5.25,2.9545454545454546,25.0,4.0,160.0,-3.082037123748785,True,True,153.15
medium_observer,5.25,3.2727272727272725,25.0,4.0,160.0,-2.995105021235521,True,True,153.20000000000002
medium_observer,5.25,3.590909090909091,25.0,4.0,160.0,-2.9123372901263807,True,True,153.25
medium_observer,5.25,3.909090909090909,25.0,4.0,160.0,-2.8333083233907557,True,True,153.3
medium_observer,5.25,4.227272727272727,25.0,4.0,160.0,-2.757734654104283,True,True,153.35
medium_observer,5.25,4.545454545454545,25.0,4.0,160.0,-2.6853367948677027,True,True,153.4
medium_observer,5.25,4.863636363636363,25.0,4.0,160.0,-2.615888692856671,True,True,153.45000000000002
medium_observer,5.25,5.181818181818182,25.0,4.0,160.0,-2.549167955006935,True,True,153.55
medium_observer,5.25,5.5,25.0,4.0,160.0,-2.485003963825089,True,True,153.60000000000002
medium_observer,5.25,5.818181818181818,25.0,4.0,160.0,-2.4232303027563775,True,True,153.65
medium_observer,5.25,6.136363636363637,25.0,4.0,160.0,-2.3636895764636265,True,True,153.75
medium_observer,5.25,6.454545454545454,25.0,4.0,160.0,-2.306238309427825,True,True,153.85000000000002
medium_observer,5.25,6.7727272727272725,25.0,4.0,160.0,-2.2507776524815073,True,True,153.9
medium_observer,5.25,7.090909090909091,25.0,4.0,160.0,-2.197177703813815,True,True,154.0
medium_observer,5.25,7.409090909090909,25.0,4.0,160.0,-2.145339595940923,True,True,154.10000000000002
medium_observer,5.25,7.7272727272727275,25.0,4.0,160.0,-2.095170710643261,True,True,154.20000000000002
medium_observer,5.25,8.045454545454545,25.0,4.0,160.0,-2.0465829307432015,True,True,154.3
medium_observer,5.25,8.363636363636363,25.0,4.0,160.0,-1.999496549311873,True,True,154.4
medium_observer,5.25,8.681818181818182,25.0,4.0,160.0,-1.9538449626079364,True,True,154.5
medium_observer,5.25,9.0,25.0,4.0,160.0,-1.9095461767805633,True,True,154.60000000000002
medium_observer,5.25,9.318181818181818,25.0,4.0,160.0,-1.8665480116524646,True,True,154.75
medium_observer,5.25,9.636363636363637,25.0,4.0,160.0,-1.8247855369293489,True,True,154.85000000000002
medium_observer,5.25,9.954545454545453,25.0,4.0,160.0,-1.78420228156464,True,True,155.0
medium_observer,5.25,10.272727272727273,25.0,4.0,160.0,-1.7447474788718293,True,True,155.10000000000002
medium_observer,5.25,10.59090909090909,25.0,4.0,160.0,-1.7063725493766015,True,True,155.25
medium_observer,5.25,10.909090909090908,25.0,4.0,160.0,-1.669031186803606,True,True,155.4
medium_observer,5.25,11.227272727272727,25.0,4.0,160.0,-1.632679373705382,True,True,155.5
medium_observer,5.25,11.545454545454545,25.0,4.0,160.0,-1.5972799753834082,True,True,155.65
medium_observer,5.25,11.863636363636363,25.0,4.0,160.0,-1.5627930681580793,True,True,155.8
medium_observer,5.25,12.181818181818182,25.0,4.0,160.0,-1.5291794397455272,True,True,155.95000000000002
medium_observer,5.25,12.5,25.0,4.0,160.0,-1.4964110868975211,True,True,156.10000000000002
medium_observer,5.25,12.818181818181818,25.0,4.0,160.0,-1.4644503706916148,True,True,156.3
medium_observer,5.25,13.136363636363637,25.0,4.0,160.0,-1.4332673220304222,True,True,156.45000000000002
medium_observer,5.25,13.454545454545455,25.0,4.0,160.0,-1.4028372563689206,True,True,156.60000000000002
medium_observer,5.25,13.772727272727273,25.0,4.0,160.0,-1.3731283335052242,True,True,156.8
medium_observer,5.25,14.09090909090909,25.0,4.0,160.0,-1.3441149229491893,True,True,156.95000000000002
medium_observer,5.25,14.409090909090908,25.0,4.0,160.0,-1.315772336541116,True,True,157.15
medium_observer,5.25,14.727272727272727,25.0,4.0,160.0,-1.2880768275870476,True,True,157.35000000000002
medium_observer,5.25,15.045454545454545,25.0,4.0,160.0,-1.2610055816236605,True,True,157.55
medium_observer,5.25,15.363636363636363,25.0,4.0,160.0,-1.2345367011619997,True,True,157.70000000000002
medium_observer,5.25,15.681818181818182,25.0,4.0,160.0,-1.2086491861417004,True,True,157.9
medium_observer,5.25,16.0,25.0,4.0,160.0,-1.1833240984247013,True,True,158.10000000000002
medium_observer,5.375,2.0,25.0,4.0,160.0,-3.476449856109246,True,True,153.65
medium_observer,5.375,2.3181818181818183,25.0,4.0,160.0,-3.371741448712698,True,True,153.70000000000002
medium_observer,5.375,2.6363636363636362,25.0,4.0,160.0,-3.2728704849794505,True,True,153.70000000000002
medium_observer,5.375,2.9545454545454546,25.0,4.0,160.0,-3.1792284838380422,True,True,153.75
medium_observer,5.375,3.2727272727272725,25.0,4.0,160.0,-3.090226569360174,True,True,153.8
medium_observer,5.375,3.590909090909091,25.0,4.0,160.0,-3.005488177986531,True,True,153.85000000000002
medium_observer,5.375,3.909090909090909,25.0,4.0,160.0,-2.924577569185775,True,True,153.9
medium_observer,5.375,4.227272727272727,25.0,4.0,160.0,-2.8472045268210504,True,True,153.95000000000002
medium_observer,5.375,4.545454545454545,25.0,4.0,160.0,-2.773082909031218,True,True,154.0
medium_observer,5.375,4.863636363636363,25.0,4.0,160.0,-2.701981280781826,True,True,154.05
medium_observer,5.375,5.181818181818182,25.0,4.0,160.0,-2.6336719539356728,True,True,154.10000000000002
medium_observer,5.375,5.5,25.0,4.0,160.0,-2.5679802486780665,True,True,154.20000000000002
medium_observer,5.375,5.818181818181818,25.0,4.0,160.0,-2.504735786155335,True,True,154.25
medium_observer,5.375,6.136363636363637,25.0,4.0,160.0,-2.4437774235222847,True,True,154.35000000000002
medium_observer,5.375,6.454545454545454,25.0,4.0,160.0,-2.38495826917611,True,True,154.4
medium_observer,5.375,6.7727272727272725,25.0,4.0,160.0,-2.3281771203977355,True,True,154.5
medium_observer,5.375,7.090909090909091,25.0,4.0,160.0,-2.27330098247605,True,True,154.60000000000002
medium_observer,5.375,7.409090909090909,25.0,4.0,160.0,-2.220228633939517,True,True,154.70000000000002
medium_observer,5.375,7.7272727272727275,25.0,4.0,160.0,-2.168865251372862,True,True,154.8
medium_observer,5.375,8.045454545454545,25.0,4.0,160.0,-2.119120619570421,True,True,154.9
medium_observer,5.375,8.363636363636363,25.0,4.0,160.0,-2.070913133819298,True,True,155.0
medium_observer,5.375,8.681818181818182,25.0,4.0,160.0,-2.0241746045747933,True,True,155.10000000000002
medium_observer,5.375,9.0,25.0,4.0,160.0,-1.9788210857515296,True,True,155.20000000000002
medium_observer,5.375,9.318181818181818,25.0,4.0,160.0,-1.934799154787048,True,True,155.3
medium_observer,5.375,9.636363636363637,25.0,4.0,160.0,-1.8920423354276645,True,True,155.45000000000002
medium_observer,5.375,9.954545454545453,25.0,4.0,160.0,-1.8504928120780824,True,True,155.55
medium_observer,5.375,10.272727272727273,25.0,4.0,160.0,-1.8100986093211593,True,True,155.70000000000002
medium_observer,5.375,10.59090909090909,25.0,4.0,160.0,-1.7708099910284272,True,True,155.85000000000002
medium_observer,5.375,10.909090909090908,25.0,4.0,160.0,-1.7325795483941686,True,True,155.95000000000002
medium_observer,5.375,11.227272727272727,25.0,4.0,160.0,-1.6953622159364656,True,True,156.10000000000002
medium_observer,5.375,11.545454545454545,25.0,4.0,160.0,-1.659119974797298,True,True,156.25
medium_observer,5.375,11.863636363636363,25.0,4.0,160.0,-1.6238119507332711,True,True,156.4
medium_observer,5.375,12.181818181818182,25.0,4.0,160.0,-1.589397997834706,True,True,156.55
medium_observer,5.375,12.5,25.0,4.0,160.0,-1.5558494461093693,True,True,156.70000000000002
medium_observer,5.375,12.818181818181818,25.0,4.0,160.0,-1.5231277604699864,True,True,156.85000000000002
medium_observer,5.375,13.136363636363637,25.0,4.0,160.0,-1.4912022582692435,True,True,157.05
medium_observer,5.375,13.454545454545455,25.0,4.0,160.0,-1.4600476672348464,True,True,157.20000000000002
medium_observer,5.375,13.772727272727273,25.0,4.0,160.0,-1.4296313890648729,True,True,157.4
medium_observer,5.375,14.09090909090909,25.0,4.0,160.0,-1.3999271830194078,True,True,157.55
medium_observer,5.375,14.409090909090908,25.0,4.0,160.0,-1.3709097731254272,True,True,157.75
medium_observer,5.375,14.727272727272727,25.0,4.0,160.0,-1.3425548472915012,True,True,157.95000000000002
medium_observer,5.375,15.045454545454545,25.0,4.0,160.0,-1.3148390478527954,True,True,158.10000000000002
medium_observer,5.375,15.363636363636363,25.0,4.0,160.0,-1.2877399559515716,True,True,158.3
medium_observer,5.375,15.681818181818182,25.0,4.0,160.0,-1.261236071526027,True,True,158.5
medium_observer,5.375,16.0,25.0,4.0,160.0,-1.2353080055300538,True,True,158.70000000000002
medium_observer,5.5,2.0,25.0,4.0,160.0,-3.5805533411350408,True,True,154.25
medium_observer,5.5,2.3181818181818183,25.0,4.0,160.0,-3.4734098544967127,True,True,154.25
medium_observer,5.5,2.6363636363636362,25.0,4.0,160.0,-3.3722395660254847,True,True,154.3
medium_observer,5.5,2.9545454545454546,25.0,4.0,160.0,-3.276419843927297,True,True,154.35000000000002
medium_observer,5.5,3.2727272727272725,25.0,4.0,160.0,-3.185348117484833,True,True,154.35000000000002
medium_observer,5.5,3.590909090909091,25.0,4.0,160.0,-3.0986390658466823,True,True,154.4
medium_observer,5.5,3.909090909090909,25.0,4.0,160.0,-3.0158468149807915,True,True,154.45000000000002
medium_observer,5.5,4.227272727272727,25.0,4.0,160.0,-2.9366743995378193,True,True,154.5
medium_observer,5.5,4.545454545454545,25.0,4.0,160.0,-2.860829023194736,True,True,154.55
medium_observer,5.5,4.863636363636363,25.0,4.0,160.0,-2.788073868706986,True,True,154.65
medium_observer,5.5,5.181818181818182,25.0,4.0,160.0,-2.718175952864407,True,True,154.70000000000002
medium_observer,5.5,5.5,25.0,4.0,160.0,-2.650956533531044,True,True,154.75
medium_observer,5.5,5.818181818181818,25.0,4.0,160.0,-2.586241269554297,True,True,154.85000000000002
medium_observer,5.5,6.136363636363637,25.0,4.0,160.0,-2.5238652705809406,True,True,154.9
medium_observer,5.5,6.454545454545454,25.0,4.0,160.0,-2.4636782289243913,True,True,155.0
medium_observer,5.5,6.7727272727272725,25.0,4.0,160.0,-2.405576588313961,True,True,155.10000000000002
medium_observer,5.5,7.090909090909091,25.0,4.0,160.0,-2.349424261138283,True,True,155.15
medium_observer,5.5,7.409090909090909,25.0,4.0,160.0,-2.2951176719381112,True,True,155.25
medium_observer,5.5,7.7272727272727275,25.0,4.0,160.0,-2.2425597921024645,True,True,155.35000000000002
medium_observer,5.5,8.045454545454545,25.0,4.0,160.0,-2.1916583083976424,True,True,155.45000000000002
medium_observer,5.5,8.363636363636363,25.0,4.0,160.0,-2.1423297183267236,True,True,155.55
medium_observer,5.5,8.681818181818182,25.0,4.0,160.0,-2.0945042465416455,True,True,155.65
medium_observer,5.5,9.0,25.0,4.0,160.0,-2.048095994722495,True,True,155.8
medium_observer,5.5,9.318181818181818,25.0,4.0,160.0,-2.00305029792163,True,True,155.9
medium_observer,5.5,9.636363636363637,25.0,4.0,160.0,-1.9592991339259818,True,True,156.0
medium_observer,5.5,9.954545454545453,25.0,4.0,160.0,-1.9167833425915255,True,True,156.15
medium_observer,5.5,10.272727272727273,25.0,4.0,160.0,-1.8754497397704868,True,True,156.25
medium_observer,5.5,10.59090909090909,25.0,4.0,160.0,-1.8352474326802495,True,True,156.4
medium_observer,5.5,10.909090909090908,25.0,4.0,160.0,-1.79612790998473,True,True,156.55
medium_observer,5.5,11.227272727272727,25.0,4.0,160.0,-1.758045058167544,True,True,156.70000000000002
medium_observer,5.5,11.545454545454545,25.0,4.0,160.0,-1.7209599742111896,True,True,156.85000000000002
medium_observer,5.5,11.863636363636363,25.0,4.0,160.0,-1.684830833308462,True,True,157.0
medium_observer,5.5,12.181818181818182,25.0,4.0,160.0,-1.6496165559238856,True,True,157.15
medium_observer,5.5,12.5,25.0,4.0,160.0,-1.615287805321215,True,True,157.3
medium_observer,5.5,12.818181818181818,25.0,4.0,160.0,-1.5818051502483583,True,True,157.45000000000002
medium_observer,5.5,13.136363636363637,25.0,4.0,160.0,-1.549137194508063,True,True,157.60000000000002
medium_observer,5.5,13.454545454545455,25.0,4.0,160.0,-1.5172580781007736,True,True,157.8
medium_observer,5.5,13.772727272727273,25.0,4.0,160.0,-1.4861344446245193,True,True,157.95000000000002
medium_observer,5.5,14.09090909090909,25.0,4.0,160.0,-1.4557394430896278,True,True,158.15
medium_observer,5.5,14.409090909090908,25.0,4.0,160.0,-1.4260472097097396,True,True,158.3
medium_observer,5.5,14.727272727272727,25.0,4.0,160.0,-1.3970328669959544,True,True,158.5
medium_observer,5.5,15.045454545454545,25.0,4.0,160.0,-1.3686725140819311,True,True,158.70000000000002
medium_observer,5.5,15.363636363636363,25.0,4.0,160.0,-1.3409432107411432,True,True,158.9
medium_observer,5.5,15.681818181818182,25.0,4.0,160.0,-1.3138229569103532,True,True,159.10000000000002
medium_observer,5.5,16.0,25.0,4.0,160.0,-1.2872919126354034,True,True,159.3
medium_observer,5.625,2.0,25.0,4.0,160.0,-3.68465682616084,True,True,154.8
medium_observer,5.625,2.3181818181818183,25.0,4.0,160.0,-3.5750782602807285,True,True,154.85000000000002
medium_observer,5.625,2.6363636363636362,25.0,4.0,160.0,-3.4716086470715175,True,True,154.85000000000002
medium_observer,5.625,2.9545454545454546,25.0,4.0,160.0,-3.373611204016557,True,True,154.9
medium_observer,5.625,3.2727272727272725,25.0,4.0,160.0,-3.280469665609483,True,True,154.95000000000002
medium_observer,5.625,3.590909090909091,25.0,4.0,160.0,-3.191789953706834,True,True,155.0
medium_observer,5.625,3.909090909090909,25.0,4.0,160.0,-3.1071160607758093,True,True,155.05
medium_observer,5.625,4.227272727272727,25.0,4.0,160.0,-3.0261442722545873,True,True,155.10000000000002
medium_observer,5.625,4.545454545454545,25.0,4.0,160.0,-2.948575137358251,True,True,155.15
medium_observer,5.625,4.863636363636363,25.0,4.0,160.0,-2.8741664566321456,True,True,155.20000000000002
medium_observer,5.625,5.181818181818182,25.0,4.0,160.0,-2.802679951793142,True,True,155.25
medium_observer,5.625,5.5,25.0,4.0,160.0,-2.7339328183840235,True,True,155.3
medium_observer,5.625,5.818181818181818,25.0,4.0,160.0,-2.6677467529532595,True,True,155.4
medium_observer,5.625,6.136363636363637,25.0,4.0,160.0,-2.603953117639599,True,True,155.45000000000002
medium_observer,5.625,6.454545454545454,25.0,4.0,160.0,-2.5423981886726708,True,True,155.55
medium_observer,5.625,6.7727272727272725,25.0,4.0,160.0,-2.482976056230187,True,True,155.65
medium_observer,5.625,7.090909090909091,25.0,4.0,160.0,-2.425547539800515,True,True,155.75
medium_observer,5.625,7.409090909090909,25.0,4.0,160.0,-2.370006709936705,True,True,155.8
medium_observer,5.625,7.7272727272727275,25.0,4.0,160.0,-2.3162543328320697,True,True,155.9
medium_observer,5.625,8.045454545454545,25.0,4.0,160.0,-2.264195997224859,True,True,156.0
medium_observer,5.625,8.363636363636363,25.0,4.0,160.0,-2.213746302834148,True,True,156.10000000000002
medium_observer,5.625,8.681818181818182,25.0,4.0,160.0,-2.1648338885085034,True,True,156.25
medium_observer,5.625,9.0,25.0,4.0,160.0,-2.117370903693462,True,True,156.35000000000002
medium_observer,5.625,9.318181818181818,25.0,4.0,160.0,-2.0713014410562116,True,True,156.45000000000002
medium_observer,5.625,9.636363636363637,25.0,4.0,160.0,-2.026555932424301,True,True,156.60000000000002
medium_observer,5.625,9.954545454545453,25.0,4.0,160.0,-1.9830738731049706,True,True,156.70000000000002
medium_observer,5.625,10.272727272727273,25.0,4.0,160.0,-1.9408008702198174,True,True,156.85000000000002
medium_observer,5.625,10.59090909090909,25.0,4.0,160.0,-1.899684874332074,True,True,156.95000000000002
medium_observer,5.625,10.909090909090908,25.0,4.0,160.0,-1.859676271575292,True,True,157.10000000000002
medium_observer,5.625,11.227272727272727,25.0,4.0,160.0,-1.8207279003986252,True,True,157.25
medium_observer,5.625,11.545454545454545,25.0,4.0,160.0,-1.7827999736250795,True,True,157.4
medium_observer,5.625,11.863636363636363,25.0,4.0,160.0,-1.7458497158836546,True,True,157.55
medium_observer,5.625,12.181818181818182,25.0,4.0,160.0,-1.7098351140130656,True,True,157.70000000000002
medium_observer,5.625,12.5,25.0,4.0,160.0,-1.6747261645330598,True,True,157.85000000000002
medium_observer,5.625,12.818181818181818,25.0,4.0,160.0,-1.6404825400267304,True,True,158.0
medium_observer,5.625,13.136363636363637,25.0,4.0,160.0,-1.607072130746882,True,True,158.15
medium_observer,5.625,13.454545454545455,25.0,4.0,160.0,-1.5744684889666982,True,True,158.35000000000002
medium_observer,5.625,13.772727272727273,25.0,4.0,160.0,-1.5426375001841677,True,True,158.5
medium_observer,5.625,14.09090909090909,25.0,4.0,160.0,-1.5115517031598458,True,True,158.70000000000002
medium_observer,5.625,14.409090909090908,25.0,4.0,160.0,-1.4811846462940523,True,True,158.9
medium_observer,5.625,14.727272727272727,25.0,4.0,160.0,-1.4515108867004072,True,True,159.05
medium_observer,5.625,15.045454545454545,25.0,4.0,160.0,-1.4225059803110642,True,True,159.25
medium_observer,5.625,15.363636363636363,25.0,4.0,160.0,-1.3941464655307139,True,True,159.45000000000002
medium_observer,5.625,15.681818181818182,25.0,4.0,160.0,-1.366409842294679,True,True,159.65
medium_observer,5.625,16.0,25.0,4.0,160.0,-1.3392758197407544,True,True,159.85000000000002
medium_observer,5.75,2.0,25.0,4.0,160.0,-3.7887603111866355,True,True,155.35000000000002
medium_observer,5.75,2.3181818181818183,25.0,4.0,160.0,-3.6767466660647443,True,True,155.4
medium_observer,5.75,2.6363636363636362,25.0,4.0,160.0,-3.570977728117551,True,True,155.4
medium_observer,5.75,2.9545454545454546,25.0,4.0,160.0,-3.4708025641058113,True,True,155.45000000000002
medium_observer,5.75,3.2727272727272725,25.0,4.0,160.0,-3.375591213734141,True,True,155.5
medium_observer,5.75,3.590909090909091,25.0,4.0,160.0,-3.284940841566987,True,True,155.55
medium_observer,5.75,3.909090909090909,25.0,4.0,160.0,-3.1983853065708274,True,True,155.55
medium_observer,5.75,4.227272727272727,25.0,4.0,160.0,-3.1156141449713575,True,True,155.65
medium_observer,5.75,4.545454545454545,25.0,4.0,160.0,-3.0363212515217675,True,True,155.70000000000002
medium_observer,5.75,4.863636363636363,25.0,4.0,160.0,-2.9602590445573047,True,True,155.75
medium_observer,5.75,5.181818181818182,25.0,4.0,160.0,-2.8871839507218837,True,True,155.8
medium_observer,5.75,5.5,25.0,4.0,160.0,-2.8169091032369984,True,True,155.85000000000002
medium_observer,5.75,5.818181818181818,25.0,4.0,160.0,-2.7492522363522207,True,True,155.95000000000002
medium_observer,5.75,6.136363636363637,25.0,4.0,160.0,-2.6840409646982573,True,True,156.0
medium_observer,5.75,6.454545454545454,25.0,4.0,160.0,-2.621118148420952,True,True,156.10000000000002
medium_observer,5.75,6.7727272727272725,25.0,4.0,160.0,-2.560375524146415,True,True,156.20000000000002
medium_observer,5.75,7.090909090909091,25.0,4.0,160.0,-2.5016708184627516,True,True,156.25
medium_observer,5.75,7.409090909090909,25.0,4.0,160.0,-2.444895747935299,True,True,156.35000000000002
medium_observer,5.75,7.7272727272727275,25.0,4.0,160.0,-2.389948873561669,True,True,156.45000000000002
medium_observer,5.75,8.045454545454545,25.0,4.0,160.0,-2.3367336860520798,True,True,156.55
medium_observer,5.75,8.363636363636363,25.0,4.0,160.0,-2.2851628873415777,True,True,156.65
medium_observer,5.75,8.681818181818182,25.0,4.0,160.0,-2.235163530475358,True,True,156.8
medium_observer,5.75,9.0,25.0,4.0,160.0,-2.186645812664427,True,True,156.9
medium_observer,5.75,9.318181818181818,25.0,4.0,160.0,-2.1395525841907963,True,True,157.0
medium_observer,5.75,9.636363636363637,25.0,4.0,160.0,-2.093812730922621,True,True,157.15
medium_observer,5.75,9.954545454545453,25.0,4.0,160.0,-2.0493644036184135,True,True,157.25
medium_observer,5.75,10.272727272727273,25.0,4.0,160.0,-2.0061520006691476,True,True,157.4
medium_observer,5.75,10.59090909090909,25.0,4.0,160.0,-1.9641223159838967,True,True,157.5
medium_observer,5.75,10.909090909090908,25.0,4.0,160.0,-1.9232246331658533,True,True,157.65
medium_observer,5.75,11.227272727272727,25.0,4.0,160.0,-1.8834107426297049,True,True,157.8
medium_observer,5.75,11.545454545454545,25.0,4.0,160.0,-1.8446399730389709,True,True,157.95000000000002
medium_observer,5.75,11.863636363636363,25.0,4.0,160.0,-1.8068685984588468,True,True,158.10000000000002
medium_observer,5.75,12.181818181818182,25.0,4.0,160.0,-1.7700536721022437,True,True,158.25
medium_observer,5.75,12.5,25.0,4.0,160.0,-1.7341645237449073,True,True,158.4
medium_observer,5.75,12.818181818181818,25.0,4.0,160.0,-1.6991599298051019,True,True,158.55
medium_observer,5.75,13.136363636363637,25.0,4.0,160.0,-1.6650070669857027,True,True,158.70000000000002
medium_observer,5.75,13.454545454545455,25.0,4.0,160.0,-1.6316788998326264,True,True,158.9
medium_observer,5.75,13.772727272727273,25.0,4.0,160.0,-1.5991405557438176,True,True,159.05
medium_observer,5.75,14.09090909090909,25.0,4.0,160.0,-1.5673639632300624,True,True,159.25
medium_observer,5.75,14.409090909090908,25.0,4.0,160.0,-1.5363220828783648,True,True,159.4
medium_observer,5.75,14.727272727272727,25.0,4.0,160.0,-1.5059889064048613,True,True,159.60000000000002
medium_observer,5.75,15.045454545454545,25.0,4.0,160.0,-1.4763394465402,True,True,159.8
medium_observer,5.75,15.363636363636363,25.0,4.0,160.0,-1.447349720320289,True,True,160.0
medium_observer,5.75,15.681818181818182,25.0,4.0,160.0,-1.418996727679005,True,False,160.20000000000002
medium_observer,5.75,16.0,25.0,4.0,160.0,-1.3912597268461029,True,False,160.4
medium_observer,5.875,2.0,25.0,4.0,160.0,-3.8928637962124344,True,True,155.9
medium_observer,5.875,2.3181818181818183,25.0,4.0,160.0,-3.7784150718487597,True,True,155.9
medium_observer,5.875,2.6363636363636362,25.0,4.0,160.0,-3.670346809163586,True,True,155.95000000000002
medium_observer,5.875,2.9545454545454546,25.0,4.0,160.0,-3.5679939241950693,True,True,156.0
medium_observer,5.875,3.2727272727272725,25.0,4.0,160.0,-3.4707127618587985,True,True,156.0
medium_observer,5.875,3.590909090909091,25.0,4.0,160.0,-3.37809172942714,True,True,156.05
medium_observer,5.875,3.909090909090909,25.0,4.0,160.0,-3.2896545523658487,True,True,156.10000000000002
medium_observer,5.875,4.227272727272727,25.0,4.0,160.0,-3.2050840176881237,True,True,156.15
medium_observer,5.875,4.545454545454545,25.0,4.0,160.0,-3.124067365685284,True,True,156.20000000000002
medium_observer,5.875,4.863636363636363,25.0,4.0,160.0,-3.0463516324824598,True,True,156.3
medium_observer,5.875,5.181818181818182,25.0,4.0,160.0,-2.971687949650618,True,True,156.35000000000002
medium_observer,5.875,5.5,25.0,4.0,160.0,-2.8998853880899795,True,True,156.4
medium_observer,5.875,5.818181818181818,25.0,4.0,160.0,-2.830757719751181,True,True,156.5
medium_observer,5.875,6.136363636363637,25.0,4.0,160.0,-2.7641288117569167,True,True,156.55
medium_observer,5.875,6.454545454545454,25.0,4.0,160.0,-2.6998381081692333,True,True,156.65
medium_observer,5.875,6.7727272727272725,25.0,4.0,160.0,-2.6377749920626394,True,True,156.70000000000002
medium_observer,5.875,7.090909090909091,25.0,4.0,160.0,-2.577794097124984,True,True,156.8
medium_observer,5.875,7.409090909090909,25.0,4.0,160.0,-2.5197847859338895,True,True,156.9
medium_observer,5.875,7.7272727272727275,25.0,4.0,160.0,-2.463643414291271,True,True,157.0
medium_observer,5.875,8.045454545454545,25.0,4.0,160.0,-2.4092713748792978,True,True,157.10000000000002
medium_observer,5.875,8.363636363636363,25.0,4.0,160.0,-2.3565794718490007,True,True,157.20000000000002
medium_observer,5.875,8.681818181818182,25.0,4.0,160.0,-2.305493172442215,True,True,157.3
medium_observer,5.875,9.0,25.0,4.0,160.0,-2.2559207216353925,True,True,157.45000000000002
medium_observer,5.875,9.318181818181818,25.0,4.0,160.0,-2.207803727325379,True,True,157.55
medium_observer,5.875,9.636363636363637,25.0,4.0,160.0,-2.161069529420936,True,True,157.65
medium_observer,5.875,9.954545454545453,25.0,4.0,160.0,-2.1156549341318582,True,True,157.8
medium_observer,5.875,10.272727272727273,25.0,4.0,160.0,-2.071503131118476,True,True,157.9
medium_observer,5.875,10.59090909090909,25.0,4.0,160.0,-2.0285597576357235,True,True,158.05
medium_observer,5.875,10.909090909090908,25.0,4.0,160.0,-1.986772994756416,True,True,158.20000000000002
medium_observer,5.875,11.227272727272727,25.0,4.0,160.0,-1.946093584860787,True,True,158.35000000000002
medium_observer,5.875,11.545454545454545,25.0,4.0,160.0,-1.9064799724528598,True,True,158.45000000000002
medium_observer,5.875,11.863636363636363,25.0,4.0,160.0,-1.8678874810340398,True,True,158.60000000000002
medium_observer,5.875,12.181818181818182,25.0,4.0,160.0,-1.8302722301914238,True,True,158.8
medium_observer,5.875,12.5,25.0,4.0,160.0,-1.7936028829567512,True,True,158.95000000000002
medium_observer,5.875,12.818181818181818,25.0,4.0,160.0,-1.7578373195834742,True,True,159.10000000000002
medium_observer,5.875,13.136363636363637,25.0,4.0,160.0,-1.722942003224524,True,True,159.25
medium_observer,5.875,13.454545454545455,25.0,4.0,160.0,-1.6888893106985516,True,True,159.45000000000002
medium_observer,5.875,13.772727272727273,25.0,4.0,160.0,-1.6556436113034658,True,True,159.60000000000002
medium_observer,5.875,14.09090909090909,25.0,4.0,160.0,-1.6231762233002824,True,True,159.8
medium_observer,5.875,14.409090909090908,25.0,4.0,160.0,-1.5914595194626784,True,True,159.95000000000002
medium_observer,5.875,14.727272727272727,25.0,4.0,160.0,-1.5604669261093145,True,False,160.15
medium_observer,5.875,15.045454545454545,25.0,4.0,160.0,-1.530172912769335,True,False,160.35000000000002
medium_observer,5.875,15.363636363636363,25.0,4.0,160.0,-1.5005529751098583,True,False,160.55
medium_observer,5.875,15.681818181818182,25.0,4.0,160.0,-1.4715836130633315,True,False,160.75
medium_observer,5.875,16.0,25.0,4.0,160.0,-1.4432436339514543,True,False,160.95000000000002
medium_observer,6.0,2.0,25.0,4.0,160.0,-3.9969672812382315,True,True,156.4
medium_observer,6.0,2.3181818181818183,25.0,4.0,160.0,-3.880083477632775,True,True,156.45000000000002
medium_observer,6.0,2.6363636363636362,25.0,4.0,160.0,-3.7697158902096177,True,True,156.45000000000002
medium_observer,6.0,2.9545454545454546,25.0,4.0,160.0,-3.665185284284328,True,True,156.5
medium_observer,6.0,3.2727272727272725,25.0,4.0,160.0,-3.5658343099834533,True,True,156.55
medium_observer,6.0,3.590909090909091,25.0,4.0,160.0,-3.4712426172872908,True,True,156.60000000000002
medium_observer,6.0,3.909090909090909,25.0,4.0,160.0,-3.380923798160865,True,True,156.65
medium_observer,6.0,4.227272727272727,25.0,4.0,160.0,-3.2945538904048948,True,True,156.70000000000002
medium_observer,6.0,4.545454545454545,25.0,4.0,160.0,-3.2118134798488027,True,True,156.75
medium_observer,6.0,4.863636363636363,25.0,4.0,160.0,-3.1324442204076233,True,True,156.8
medium_observer,6.0,5.181818181818182,25.0,4.0,160.0,-3.0561919485793556,True,True,156.85000000000002
medium_observer,6.0,5.5,25.0,4.0,160.0,-2.9828616729429585,True,True,156.95000000000002
medium_observer,6.0,5.818181818181818,25.0,4.0,160.0,-2.9122632031501468,True,True,157.0
medium_observer,6.0,6.136363636363637,25.0,4.0,160.0,-2.8442166588155726,True,True,157.10000000000002
medium_observer,6.0,6.454545454545454,25.0,4.0,160.0,-2.778558067917518,True,True,157.15
medium_observer,6.0,6.7727272727272725,25.0,4.0,160.0,-2.7151744599788663,True,True,157.25
medium_observer,6.0,7.090909090909091,25.0,4.0,160.0,-2.653917375787216,True,True,157.35000000000002
medium_observer,6.0,7.409090909090909,25.0,4.0,160.0,-2.5946738239324825,True,True,157.45000000000002
medium_observer,6.0,7.7272727272727275,25.0,4.0,160.0,-2.537337955020872,True,True,157.55
medium_observer,6.0,8.045454545454545,25.0,4.0,160.0,-2.4818090637065158,True,True,157.65
medium_observer,6.0,8.363636363636363,25.0,4.0,160.0,-2.4279960563564265,True,True,157.75
medium_observer,6.0,8.681818181818182,25.0,4.0,160.0,-2.37582281440907,True,True,157.85000000000002
medium_observer,6.0,9.0,25.0,4.0,160.0,-2.3251956306063604,True,True,157.95000000000002
medium_observer,6.0,9.318181818181818,25.0,4.0,160.0,-2.276054870459958,True,True,158.05
medium_observer,6.0,9.636363636363637,25.0,4.0,160.0,-2.228326327919254,True,True,158.20000000000002
medium_observer,6.0,9.954545454545453,25.0,4.0,160.0,-2.181945464645298,True,True,158.3
medium_observer,6.0,10.272727272727273,25.0,4.0,160.0,-2.136854261567807,True,True,158.45000000000002
medium_observer,6.0,10.59090909090909,25.0,4.0,160.0,-2.0929971992875434,True,True,158.60000000000002
medium_observer,6.0,10.909090909090908,25.0,4.0,160.0,-2.050321356346978,True,True,158.70000000000002
medium_observer,6.0,11.227272727272727,25.0,4.0,160.0,-2.008776427091869,True,True,158.85000000000002
medium_observer,6.0,11.545454545454545,25.0,4.0,160.0,-1.9683199718667532,True,True,159.0
medium_observer,6.0,11.863636363636363,25.0,4.0,160.0,-1.928906363609232,True,True,159.15
medium_observer,6.0,12.181818181818182,25.0,4.0,160.0,-1.890490788280602,True,True,159.3
medium_observer,6.0,12.5,25.0,4.0,160.0,-1.853041242168597,True,True,159.45000000000002
medium_observer,6.0,12.818181818181818,25.0,4.0,160.0,-1.8165147093618454,True,True,159.60000000000002
medium_observer,6.0,13.136363636363637,25.0,4.0,160.0,-1.7808769394633395,True,True,159.8
medium_observer,6.0,13.454545454545455,25.0,4.0,160.0,-1.7460997215644802,True,True,159.95000000000002
medium_observer,6.0,13.772727272727273,25.0,4.0,160.0,-1.7121466668631118,True,False,160.15
medium_observer,6.0,14.09090909090909,25.0,4.0,160.0,-1.678988483370503,True,False,160.3
medium_observer,6.0,14.409090909090908,25.0,4.0,160.0,-1.6465969560469902,True,False,160.5
medium_observer,6.0,14.727272727272727,25.0,4.0,160.0,-1.6149449458137686,True,False,160.65
medium_observer,6.0,15.045454545454545,25.0,4.0,160.0,-1.5840063789984693,True,False,160.85000000000002
medium_observer,6.0,15.363636363636363,25.0,4.0,160.0,-1.5537562298994307,True,False,161.05
medium_observer,6.0,15.681818181818182,25.0,4.0,160.0,-1.5241704984476583,True,False,161.25
medium_observer,6.0,16.0,25.0,4.0,160.0,-1.495227541056804,True,False,161.45000000000002
slow_delayed_observer,0.5,2.0,45.0,10.0,160.0,0.5529090618813717,False,True,132.5
slow_delayed_observer,0.5,2.3181818181818183,45.0,10.0,160.0,0.5595495674209596,False,True,132.5
slow_delayed_observer,0.5,2.6363636363636362,45.0,10.0,160.0,0.5659142447927257,False,True,132.55
slow_delayed_observer,0.5,2.9545454545454546,45.0,10.0,160.0,0.5720259606225387,False,True,132.55
slow_delayed_observer,0.5,3.2727272727272725,45.0,10.0,160.0,0.5779085295813907,False,True,132.6
slow_delayed_observer,0.5,3.590909090909091,45.0,10.0,160.0,0.583585867920963,False,True,132.6
slow_delayed_observer,0.5,3.909090909090909,45.0,10.0,160.0,0.5890698622801066,False,True,132.65
slow_delayed_observer,0.5,4.227272727272727,45.0,10.0,160.0,0.5943754364370234,False,True,132.65
slow_delayed_observer,0.5,4.545454545454545,45.0,10.0,160.0,0.5995154254937803,False,True,132.70000000000002
slow_delayed_observer,0.5,4.863636363636363,45.0,10.0,160.0,0.604501024614595,False,True,132.70000000000002
slow_delayed_observer,0.5,5.181818181818182,45.0,10.0,160.0,0.6093411497661575,False,True,132.75
slow_delayed_observer,0.5,5.5,45.0,10.0,160.0,0.6140437317301273,False,True,132.8
slow_delayed_observer,0.5,5.818181818181818,45.0,10.0,160.0,0.6186167446944257,False,True,132.85
slow_delayed_observer,0.5,6.136363636363637,45.0,10.0,160.0,0.6230678839547796,False,True,132.9
slow_delayed_observer,0.5,6.454545454545454,45.0,10.0,160.0,0.6274018726219348,False,True,132.9
slow_delayed_observer,0.5,6.7727272727272725,45.0,10.0,160.0,0.6316258626780501,False,True,132.95000000000002
slow_delayed_observer,0.5,7.090909090909091,45.0,10.0,160.0,0.6357444841252755,False,True,133.0
slow_delayed_observer,0.5,7.409090909090909,45.0,10.0,160.0,0.6397624220479544,False,True,133.05
slow_delayed_observer,0.5,7.7272727272727275,45.0,10.0,160.0,0.6436842873018275,False,True,133.1
slow_delayed_observer,0.5,8.045454545454545,45.0,10.0,160.0,0.6475145368860661,False,True,133.20000000000002
slow_delayed_observer,0.5,8.363636363636363,45.0,10.0,160.0,0.6512567646559682,False,True,133.25
slow_delayed_observer,0.5,8.681818181818182,45.0,10.0,160.0,0.6549144751759791,False,True,133.3
slow_delayed_observer,0.5,9.0,45.0,10.0,160.0,0.6584910639961732,False,True,133.35
slow_delayed_observer,0.5,9.318181818181818,45.0,10.0,160.0,0.6619899356207749,False,True,133.4
slow_delayed_observer,0.5,9.636363636363637,45.0,10.0,160.0,0.6654138378122215,False,True,133.5
slow_delayed_observer,0.5,9.954545454545453,45.0,10.0,160.0,0.668765483463726,False,True,133.55
slow_delayed_observer,0.5,10.272727272727273,45.0,10.0,160.0,0.6720475222692591,False,True,133.65
slow_delayed_observer,0.5,10.59090909090909,45.0,10.0,160.0,0.6752625218670985,False,True,133.70000000000002
slow_delayed_observer,0.5,10.909090909090908,45.0,10.0,160.0,0.6784129559637825,False,True,133.8
slow_delayed_observer,0.5,11.227272727272727,45.0,10.0,160.0,0.6815004467995481,False,True,133.85
slow_delayed_observer,0.5,11.545454545454545,45.0,10.0,160.0,0.6845277561893935,False,True,133.95000000000002
slow_delayed_observer,0.5,11.863636363636363,45.0,10.0,160.0,0.687496327171577,False,True,134.0
slow_delayed_observer,0.5,12.181818181818182,45.0,10.0,160.0,0.6904085368726335,False,True,134.1
slow_delayed_observer,0.5,12.5,45.0,10.0,160.0,0.693265866961509,False,True,134.20000000000002
slow_delayed_observer,0.5,12.818181818181818,45.0,10.0,160.0,0.6960699576336619,False,True,134.3
slow_delayed_observer,0.5,13.136363636363637,45.0,10.0,160.0,0.6988226485102343,False,True,134.4
slow_delayed_observer,0.5,13.454545454545455,45.0,10.0,160.0,0.7015254695403845,False,True,134.45000000000002
slow_delayed_observer,0.5,13.772727272727273,45.0,10.0,160.0,0.7041799176607026,False,True,134.55
slow_delayed_observer,0.5,14.09090909090909,45.0,10.0,160.0,0.7067874536886435,False,True,134.65
slow_delayed_observer,0.5,14.409090909090908,45.0,10.0,160.0,0.7093492837473593,False,True,134.75
slow_delayed_observer,0.5,14.727272727272727,45.0,10.0,160.0,0.7118668464806156,False,True,134.85
slow_delayed_observer,0.5,15.045454545454545,45.0,10.0,160.0,0.7143415913558886,False,True,135.0
slow_delayed_observer,0.5,15.363636363636363,45.0,10.0,160.0,0.7167745514989022,False,True,135.1
slow_delayed_observer,0.5,15.681818181818182,45.0,10.0,160.0,0.7191669956411709,False,True,135.20000000000002
slow_delayed_observer,0.5,16.0,45.0,10.0,160.0,0.7215201130861111,False,True,135.3
slow_delayed_observer,0.625,2.0,45.0,10.0,160.0,0.4411363273517157,False,True,142.55
slow_delayed_observer,0.625,2.3181818181818183,45.0,10.0,160.0,0.4494369592761986,False,True,142.55
slow_delayed_observer,0.625,2.6363636363636362,45.0,10.0,160.0,0.4573928059909085,False,True,142.55
slow_delayed_observer,0.625,2.9545454545454546,45.0,10.0,160.0,0.4650324507781735,False,True,142.6
slow_delayed_observer,0.625,3.2727272727272725,45.0,10.0,160.0,0.4723856619767385,False,True,142.6
slow_delayed_observer,0.625,3.590909090909091,45.0,10.0,160.0,0.4794823349012045,False,True,142.65
slow_delayed_observer,0.625,3.909090909090909,45.0,10.0,160.0,0.4863373278501319,False,True,142.65
slow_delayed_observer,0.625,4.227272727272727,45.0,10.0,160.0,0.492969295546279,False,True,142.70000000000002
slow_delayed_observer,0.625,4.545454545454545,45.0,10.0,160.0,0.4993942818672264,False,True,142.75
slow_delayed_observer,0.625,4.863636363636363,45.0,10.0,160.0,0.5056262807682438,False,True,142.75
slow_delayed_observer,0.625,5.181818181818182,45.0,10.0,160.0,0.511676437207697,False,True,142.8
slow_delayed_observer,0.625,5.5,45.0,10.0,160.0,0.5175546646626591,False,True,142.85
slow_delayed_observer,0.625,5.818181818181818,45.0,10.0,160.0,0.5232709308680313,False,True,142.85
slow_delayed_observer,0.625,6.136363636363637,45.0,10.0,160.0,0.5288348549434745,False,True,142.9
slow_delayed_observer,0.625,6.454545454545454,45.0,10.0,160.0,0.5342523407774191,False,True,142.95000000000002
slow_delayed_observer,0.625,6.7727272727272725,45.0,10.0,160.0,0.5395323283475619,False,True,143.0
slow_delayed_observer,0.625,7.090909090909091,45.0,10.0,160.0,0.5446806051565943,False,True,143.05
slow_delayed_observer,0.625,7.409090909090909,45.0,10.0,160.0,0.5497030275599425,False,True,143.1
slow_delayed_observer,0.625,7.7272727272727275,45.0,10.0,160.0,0.5546053591272865,False,True,143.15
slow_delayed_observer,0.625,8.045454545454545,45.0,10.0,160.0,0.5593931711075832,False,True,143.20000000000002
slow_delayed_observer,0.625,8.363636363636363,45.0,10.0,160.0,0.5640709558199595,False,True,143.25
slow_delayed_observer,0.625,8.681818181818182,45.0,10.0,160.0,0.5686430939699746,False,True,143.35
slow_delayed_observer,0.625,9.0,45.0,10.0,160.0,0.5731138299952182,False,True,143.4
slow_delayed_observer,0.625,9.318181818181818,45.0,10.0,160.0,0.5774874195259686,False,True,143.45000000000002
slow_delayed_observer,0.625,9.636363636363637,45.0,10.0,160.0,0.5817672972652773,False,True,143.55
slow_delayed_observer,0.625,9.954545454545453,45.0,10.0,160.0,0.5859568543296564,False,True,143.6
slow_delayed_observer,0.625,10.272727272727273,45.0,10.0,160.0,0.590059402836575,False,True,143.65
slow_delayed_observer,0.625,10.59090909090909,45.0,10.0,160.0,0.5940781523338723,False,True,143.75
slow_delayed_observer,0.625,10.909090909090908,45.0,10.0,160.0,0.5980161949547288,False,True,143.8
slow_delayed_observer,0.625,11.227272727272727,45.0,10.0,160.0,0.6018755584994343,False,True,143.9
slow_delayed_observer,0.625,11.545454545454545,45.0,10.0,160.0,0.6056596952367417,False,True,144.0
slow_delayed_observer,0.625,11.863636363636363,45.0,10.0,160.0,0.6093704089644704,False,True,144.05
slow_delayed_observer,0.625,12.181818181818182,45.0,10.0,160.0,0.6130106710907914,False,True,144.15
slow_delayed_observer,0.625,12.5,45.0,10.0,160.0,0.6165823337018864,False,True,144.25
slow_delayed_observer,0.625,12.818181818181818,45.0,10.0,160.0,0.6200874470420776,False,True,144.3
slow_delayed_observer,0.625,13.136363636363637,45.0,10.0,160.0,0.6235283106377948,False,True,144.4
slow_delayed_observer,0.625,13.454545454545455,45.0,10.0,160.0,0.6269068369254805,False,True,144.5
slow_delayed_observer,0.625,13.772727272727273,45.0,10.0,160.0,0.6302248970758768,False,True,144.6
slow_delayed_observer,0.625,14.09090909090909,45.0,10.0,160.0,0.633484317110804,False,True,144.70000000000002
slow_delayed_observer,0.625,14.409090909090908,45.0,10.0,160.0,0.6366866046841992,False,True,144.8
slow_delayed_observer,0.625,14.727272727272727,45.0,10.0,160.0,0.6398335581007717,False,True,144.9
slow_delayed_observer,0.625,15.045454545454545,45.0,10.0,160.0,0.6429269891948609,False,True,145.0
slow_delayed_observer,0.625,15.363636363636363,45.0,10.0,160.0,0.6459681893736278,False,True,145.1
slow_delayed_observer,0.625,15.681818181818182,45.0,10.0,160.0,0.6489587445514615,False,True,145.25
slow_delayed_observer,0.625,16.0,45.0,10.0,160.0,0.651900141357639,False,True,145.35
slow_delayed_observer,0.75,2.0,45.0,10.0,160.0,0.3293635928220583,True,True,150.75
slow_delayed_observer,0.75,2.3181818181818183,45.0,10.0,160.0,0.3393243511314377,True,True,150.75
slow_delayed_observer,0.75,2.6363636363636362,45.0,10.0,160.0,0.3488713671890905,True,True,150.75
slow_delayed_observer,0.75,2.9545454545454546,45.0,10.0,160.0,0.35803894093380806,False,True,150.8
slow_delayed_observer,0.75,3.2727272727272725,45.0,10.0,160.0,0.3668627943720864,False,True,150.8
slow_delayed_observer,0.75,3.590909090909091,45.0,10.0,160.0,0.3753788018814455,False,True,150.85
slow_delayed_observer,0.75,3.909090909090909,45.0,10.0,160.0,0.3836047934201595,False,True,150.85
slow_delayed_observer,0.75,4.227272727272727,45.0,10.0,160.0,0.39156315465553493,False,True,150.9
slow_delayed_observer,0.75,4.545454545454545,45.0,10.0,160.0,0.39927313824067273,False,True,150.9
slow_delayed_observer,0.75,4.863636363636363,45.0,10.0,160.0,0.40675153692189253,False,True,150.95000000000002
slow_delayed_observer,0.75,5.181818181818182,45.0,10.0,160.0,0.414011724649237,False,True,151.0
slow_delayed_observer,0.75,5.5,45.0,10.0,160.0,0.42106559759518986,False,True,151.05
slow_delayed_observer,0.75,5.818181818181818,45.0,10.0,160.0,0.42792511704163827,False,True,151.05
slow_delayed_observer,0.75,6.136363636363637,45.0,10.0,160.0,0.4346018259321689,False,True,151.1
slow_delayed_observer,0.75,6.454545454545454,45.0,10.0,160.0,0.44110280893290316,False,True,151.15
slow_delayed_observer,0.75,6.7727272727272725,45.0,10.0,160.0,0.4474387940170738,False,True,151.20000000000002
slow_delayed_observer,0.75,7.090909090909091,45.0,10.0,160.0,0.4536167261879136,False,True,151.25
slow_delayed_observer,0.75,7.409090909090909,45.0,10.0,160.0,0.4596436330719311,False,True,151.3
slow_delayed_observer,0.75,7.7272727272727275,45.0,10.0,160.0,0.465526430952743,False,True,151.35
slow_delayed_observer,0.75,8.045454545454545,45.0,10.0,160.0,0.4712718053290994,False,True,151.4
slow_delayed_observer,0.75,8.363636363636363,45.0,10.0,160.0,0.47688514698395235,False,True,151.45000000000002
slow_delayed_observer,0.75,8.681818181818182,45.0,10.0,160.0,0.48237171276396884,False,True,151.55
slow_delayed_observer,0.75,9.0,45.0,10.0,160.0,0.48773659599426056,False,True,151.6
slow_delayed_observer,0.75,9.318181818181818,45.0,10.0,160.0,0.4929849034311615,False,True,151.65
slow_delayed_observer,0.75,9.636363636363637,45.0,10.0,160.0,0.4981207567183332,False,True,151.75
slow_delayed_observer,0.75,9.954545454545453,45.0,10.0,160.0,0.5031482251955878,False,True,151.8
slow_delayed_observer,0.75,10.272727272727273,45.0,10.0,160.0,0.5080712834038911,False,True,151.85
slow_delayed_observer,0.75,10.59090909090909,45.0,10.0,160.0,0.5128937828006469,False,True,151.95000000000002
slow_delayed_observer,0.75,10.909090909090908,45.0,10.0,160.0,0.5176194339456741,False,True,152.0
slow_delayed_observer,0.75,11.227272727272727,45.0,10.0,160.0,0.5222506701993221,False,True,152.1
slow_delayed_observer,0.75,11.545454545454545,45.0,10.0,160.0,0.5267916342840899,False,True,152.20000000000002
slow_delayed_observer,0.75,11.863636363636363,45.0,10.0,160.0,0.5312444907573639,False,True,152.25
slow_delayed_observer,0.75,12.181818181818182,45.0,10.0,160.0,0.5356128053089495,False,True,152.35
slow_delayed_observer,0.75,12.5,45.0,10.0,160.0,0.5398988004422633,False,True,152.45000000000002
slow_delayed_observer,0.75,12.818181818181818,45.0,10.0,160.0,0.5441049364504921,False,True,152.5
slow_delayed_observer,0.75,13.136363636363637,45.0,10.0,160.0,0.5482339727653534,False,True,152.6
slow_delayed_observer,0.75,13.454545454545455,45.0,10.0,160.0,0.5522882043105761,False,True,152.70000000000002
slow_delayed_observer,0.75,13.772727272727273,45.0,10.0,160.0,0.5562698764910528,False,True,152.8
slow_delayed_observer,0.75,14.09090909090909,45.0,10.0,160.0,0.5601811805329648,False,True,152.9
slow_delayed_observer,0.75,14.409090909090908,45.0,10.0,160.0,0.564023925621039,False,True,153.0
slow_delayed_observer,0.75,14.727272727272727,45.0,10.0,160.0,0.5678002697209257,False,True,153.1
slow_delayed_observer,0.75,15.045454545454545,45.0,10.0,160.0,0.5715123870338328,False,True,153.20000000000002
slow_delayed_observer,0.75,15.363636363636363,45.0,10.0,160.0,0.5751618272483534,False,True,153.3
slow_delayed_observer,0.75,15.681818181818182,45.0,10.0,160.0,0.578750493461755,False,True,153.45000000000002
slow_delayed_observer,0.75,16.0,45.0,10.0,160.0,0.5822801696291676,False,True,153.55
slow_delayed_observer,0.875,2.0,45.0,10.0,160.0,0.21759085829240177,True,True,157.65
slow_delayed_observer,0.875,2.3181818181818183,45.0,10.0,160.0,0.22921174298667768,True,True,157.70000000000002
slow_delayed_observer,0.875,2.6363636363636362,45.0,10.0,160.0,0.24034992838727295,True,True,157.70000000000002
slow_delayed_observer,0.875,2.9545454545454546,45.0,10.0,160.0,0.25104543108944294,True,True,157.75
slow_delayed_observer,0.875,3.2727272727272725,45.0,10.0,160.0,0.2613399267674343,True,True,157.75
slow_delayed_observer,0.875,3.590909090909091,45.0,10.0,160.0,0.2712752688616857,True,True,157.75
slow_delayed_observer,0.875,3.909090909090909,45.0,10.0,160.0,0.2808722589901858,True,True,157.8
slow_delayed_observer,0.875,4.227272727272727,45.0,10.0,160.0,0.29015701376479053,True,True,157.85000000000002
slow_delayed_observer,0.875,4.545454545454545,45.0,10.0,160.0,0.29915199461411585,True,True,157.85000000000002
slow_delayed_observer,0.875,4.863636363636363,45.0,10.0,160.0,0.3078767930755423,True,True,157.9
slow_delayed_observer,0.875,5.181818181818182,45.0,10.0,160.0,0.3163470120907748,True,True,157.95000000000002
slow_delayed_observer,0.875,5.5,45.0,10.0,160.0,0.32457653052772245,True,True,157.95000000000002
slow_delayed_observer,0.875,5.818181818181818,45.0,10.0,160.0,0.33257930321524454,True,True,158.0
slow_delayed_observer,0.875,6.136363636363637,45.0,10.0,160.0,0.34036879692086364,True,True,158.05
slow_delayed_observer,0.875,6.454545454545454,45.0,10.0,160.0,0.3479532770883857,True,True,158.10000000000002
slow_delayed_observer,0.875,6.7727272727272725,45.0,10.0,160.0,0.35534525968658587,False,True,158.15
slow_delayed_observer,0.875,7.090909090909091,45.0,10.0,160.0,0.3625528472192326,False,True,158.20000000000002
slow_delayed_observer,0.875,7.409090909090909,45.0,10.0,160.0,0.36958423858391903,False,True,158.25
slow_delayed_observer,0.875,7.7272727272727275,45.0,10.0,160.0,0.3764475027782007,False,True,158.3
slow_delayed_observer,0.875,8.045454545454545,45.0,10.0,160.0,0.38315043955061606,False,True,158.35000000000002
slow_delayed_observer,0.875,8.363636363636363,45.0,10.0,160.0,0.38969933814794466,False,True,158.4
slow_delayed_observer,0.875,8.681818181818182,45.0,10.0,160.0,0.39610033155796315,False,True,158.45000000000002
slow_delayed_observer,0.875,9.0,45.0,10.0,160.0,0.40235936199330363,False,True,158.55
slow_delayed_observer,0.875,9.318181818181818,45.0,10.0,160.0,0.40848238733635633,False,True,158.60000000000002
slow_delayed_observer,0.875,9.636363636363637,45.0,10.0,160.0,0.414474216171387,False,True,158.65
slow_delayed_observer,0.875,9.954545454545453,45.0,10.0,160.0,0.42033959606151766,False,True,158.75
slow_delayed_observer,0.875,10.272727272727273,45.0,10.0,160.0,0.4260831639712048,False,True,158.8
slow_delayed_observer,0.875,10.59090909090909,45.0,10.0,160.0,0.43170941326742096,False,True,158.9
slow_delayed_observer,0.875,10.909090909090908,45.0,10.0,160.0,0.4372226729366191,False,True,158.95000000000002
slow_delayed_observer,0.875,11.227272727272727,45.0,10.0,160.0,0.4426257818992085,False,True,159.05
slow_delayed_observer,0.875,11.545454545454545,45.0,10.0,160.0,0.4479235733314383,False,True,159.10000000000002
slow_delayed_observer,0.875,11.863636363636363,45.0,10.0,160.0,0.45311857255025967,False,True,159.20000000000002
slow_delayed_observer,0.875,12.181818181818182,45.0,10.0,160.0,0.45821493952710807,False,True,159.3
slow_delayed_observer,0.875,12.5,45.0,10.0,160.0,0.46321526718264006,False,True,159.35000000000002
slow_delayed_observer,0.875,12.818181818181818,45.0,10.0,160.0,0.46812242585890923,False,True,159.45000000000002
slow_delayed_observer,0.875,13.136363636363637,45.0,10.0,160.0,0.4729396348929117,False,True,159.55
slow_delayed_observer,0.875,13.454545454545455,45.0,10.0,160.0,0.477669571695672,False,True,159.65
slow_delayed_observer,0.875,13.772727272727273,45.0,10.0,160.0,0.4823148559062282,False,True,159.75
slow_delayed_observer,0.875,14.09090909090909,45.0,10.0,160.0,0.4868780439551276,False,True,159.85000000000002
slow_delayed_observer,0.875,14.409090909090908,45.0,10.0,160.0,0.49136124655787966,False,True,159.95000000000002
slow_delayed_observer,0.875,14.727272727272727,45.0,10.0,160.0,0.49576698134108,False,False,160.05
slow_delayed_observer,0.875,15.045454545454545,45.0,10.0,160.0,0.5000977848728043,False,False,160.15
slow_delayed_observer,0.875,15.363636363636363,45.0,10.0,160.0,0.5043554651230789,False,False,160.25
slow_delayed_observer,0.875,15.681818181818182,45.0,10.0,160.0,0.5085422423720477,False,False,160.35000000000002
slow_delayed_observer,0.875,16.0,45.0,10.0,160.0,0.512660197900695,False,False,160.45000000000002
slow_delayed_observer,1.0,2.0,45.0,10.0,160.0,0.10581812376274412,True,False,163.70000000000002
slow_delayed_observer,1.0,2.3181818181818183,45.0,10.0,160.0,0.11909913484191686,True,False,163.70000000000002
slow_delayed_observer,1.0,2.6363636363636362,45.0,10.0,160.0,0.13182848958545476,True,False,163.70000000000002
slow_delayed_observer,1.0,2.9545454545454546,45.0,10.0,160.0,0.14405192124507693,True,False,163.75
slow_delayed_observer,1.0,3.2727272727272725,45.0,10.0,160.0,0.15581705916278205,True,False,163.75
slow_delayed_observer,1.0,3.590909090909091,45.0,10.0,160.0,0.16717173584192802,True,False,163.8
slow_delayed_observer,1.0,3.909090909090909,45.0,10.0,160.0,0.17813972456021251,True,False,163.8
slow_delayed_observer,1.0,4.227272727272727,45.0,10.0,160.0,0.18875087287404613,True,False,163.85000000000002
slow_delayed_observer,1.0,4.545454545454545,45.0,10.0,160.0,0.19903085098756249,True,False,163.85000000000002
slow_delayed_observer,1.0,4.863636363636363,45.0,10.0,160.0,0.20900204922919122,True,False,163.9
slow_delayed_observer,1.0,5.181818181818182,45.0,10.0,160.0,0.21868229953231455,True,False,163.95000000000002
slow_delayed_observer,1.0,5.5,45.0,10.0,160.0,0.2280874634602543,True,False,163.95000000000002
slow_delayed_observer,1.0,5.818181818181818,45.0,10.0,160.0,0.2372334893888497,True,False,164.0
slow_delayed_observer,1.0,6.136363636363637,45.0,10.0,160.0,0.24613576790955766,True,False,164.05
slow_delayed_observer,1.0,6.454545454545454,45.0,10.0,160.0,0.2548037452438699,True,False,164.10000000000002
slow_delayed_observer,1.0,6.7727272727272725,45.0,10.0,160.0,0.26325172535609814,True,False,164.15
slow_delayed_observer,1.0,7.090909090909091,45.0,10.0,160.0,0.2714889682505507,True,False,164.20000000000002
slow_delayed_observer,1.0,7.409090909090909,45.0,10.0,160.0,0.2795248440959072,True,False,164.25
slow_delayed_observer,1.0,7.7272727272727275,45.0,10.0,160.0,0.2873685746036572,True,False,164.3
slow_delayed_observer,1.0,8.045454545454545,45.0,10.0,160.0,0.29502907377213244,True,False,164.35000000000002
slow_delayed_observer,1.0,8.363636363636363,45.0,10.0,160.0,0.3025135293119373,True,False,164.4
slow_delayed_observer,1.0,8.681818181818182,45.0,10.0,160.0,0.3098289503519575,True,False,164.45000000000002
slow_delayed_observer,1.0,9.0,45.0,10.0,160.0,0.31698212799234715,True,False,164.55
slow_delayed_observer,1.0,9.318181818181818,45.0,10.0,160.0,0.3239798712415501,True,False,164.60000000000002
slow_delayed_observer,1.0,9.636363636363637,45.0,10.0,160.0,0.33082767562444365,True,False,164.65
slow_delayed_observer,1.0,9.954545454545453,45.0,10.0,160.0,0.33753096692744883,True,False,164.75
slow_delayed_observer,1.0,10.272727272727273,45.0,10.0,160.0,0.3440950445385209,True,False,164.8
slow_delayed_observer,1.0,10.59090909090909,45.0,10.0,160.0,0.35052504373419635,False,False,164.9
slow_delayed_observer,1.0,10.909090909090908,45.0,10.0,160.0,0.3568259119275647,False,False,164.95000000000002
slow_delayed_observer,1.0,11.227272727272727,45.0,10.0,160.0,0.3630008935990973,False,False,165.05
slow_delayed_observer,1.0,11.545454545454545,45.0,10.0,160.0,0.3690555123787858,False,False,165.10000000000002
slow_delayed_observer,1.0,11.863636363636363,45.0,10.0,160.0,0.3749926543431521,False,False,165.20000000000002
slow_delayed_observer,1.0,12.181818181818182,45.0,10.0,160.0,0.3808170737452662,False,False,165.3
slow_delayed_observer,1.0,12.5,45.0,10.0,160.0,0.38653173392301754,False,False,165.35000000000002
slow_delayed_observer,1.0,12.818181818181818,45.0,10.0,160.0,0.39213991526732517,False,False,165.45000000000002
slow_delayed_observer,1.0,13.136363636363637,45.0,10.0,160.0,0.3976452970204693,False,False,165.55
slow_delayed_observer,1.0,13.454545454545455,45.0,10.0,160.0,0.4030509390807669,False,False,165.65
slow_delayed_observer,1.0,13.772727272727273,45.0,10.0,160.0,0.4083598353214033,False,False,165.75
slow_delayed_observer,1.0,14.09090909090909,45.0,10.0,160.0,0.41357490737728797,False,False,165.85000000000002
slow_delayed_observer,1.0,14.409090909090908,45.0,10.0,160.0,0.41869856749471845,False,False,165.95000000000002
slow_delayed_observer,1.0,14.727272727272727,45.0,10.0,160.0,0.4237336929612345,False,False,166.05
slow_delayed_observer,1.0,15.045454545454545,45.0,10.0,160.0,0.4286831827117767,False,False,166.15
slow_delayed_observer,1.0,15.363636363636363,45.0,10.0,160.0,0.4335491029978027,False,False,166.25
slow_delayed_observer,1.0,15.681818181818182,45.0,10.0,160.0,0.4383339912823406,False,False,166.35000000000002
slow_delayed_observer,1.0,16.0,45.0,10.0,160.0,0.44304022617222344,False,False,166.5
slow_delayed_observer,1.125,2.0,45.0,10.0,160.0,-0.005954610766911228,True,False,169.0
slow_delayed_observer,1.125,2.3181818181818183,45.0,10.0,160.0,0.008986526697157486,True,False,169.0
slow_delayed_observer,1.125,2.6363636363636362,45.0,10.0,160.0,0.02330705078363569,True,False,169.0
slow_delayed_observer,1.125,2.9545454545454546,45.0,10.0,160.0,0.03705841140071189,True,False,169.05
slow_delayed_observer,1.125,3.2727272727272725,45.0,10.0,160.0,0.05029419155812872,True,False,169.05
slow_delayed_observer,1.125,3.590909090909091,45.0,10.0,160.0,0.06306820282216806,True,False,169.05
slow_delayed_observer,1.125,3.909090909090909,45.0,10.0,160.0,0.07540719013023803,True,False,169.10000000000002
slow_delayed_observer,1.125,4.227272727272727,45.0,10.0,160.0,0.08734473198330156,True,False,169.15
slow_delayed_observer,1.125,4.545454545454545,45.0,10.0,160.0,0.09890970736100638,True,False,169.15
slow_delayed_observer,1.125,4.863636363636363,45.0,10.0,160.0,0.11012730538283973,True,False,169.20000000000002
slow_delayed_observer,1.125,5.181818181818182,45.0,10.0,160.0,0.12101758697385397,True,False,169.25
slow_delayed_observer,1.125,5.5,45.0,10.0,160.0,0.1315983963927851,True,False,169.25
slow_delayed_observer,1.125,5.818181818181818,45.0,10.0,160.0,0.14188767556245785,True,False,169.3
slow_delayed_observer,1.125,6.136363636363637,45.0,10.0,160.0,0.15190273889825193,True,False,169.35000000000002
slow_delayed_observer,1.125,6.454545454545454,45.0,10.0,160.0,0.16165421339935276,True,False,169.4
slow_delayed_observer,1.125,6.7727272727272725,45.0,10.0,160.0,0.17115819102560942,True,False,169.45000000000002
slow_delayed_observer,1.125,7.090909090909091,45.0,10.0,160.0,0.180425089281871,True,False,169.5
slow_delayed_observer,1.125,7.409090909090909,45.0,10.0,160.0,0.18946544960789646,True,False,169.55
slow_delayed_observer,1.125,7.7272727272727275,45.0,10.0,160.0,0.19828964642911487,True,False,169.60000000000002
slow_delayed_observer,1.125,8.045454545454545,45.0,10.0,160.0,0.20690770799364808,True,False,169.65
slow_delayed_observer,1.125,8.363636363636363,45.0,10.0,160.0,0.21532772047592894,True,False,169.70000000000002
slow_delayed_observer,1.125,8.681818181818182,45.0,10.0,160.0,0.22355756914595273,True,False,169.75
slow_delayed_observer,1.125,9.0,45.0,10.0,160.0,0.23160489399139092,True,False,169.85000000000002
slow_delayed_observer,1.125,9.318181818181818,45.0,10.0,160.0,0.23947735514674398,True,False,169.9
slow_delayed_observer,1.125,9.636363636363637,45.0,10.0,160.0,0.24718113507749942,True,False,169.95000000000002
slow_delayed_observer,1.125,9.954545454545453,45.0,10.0,160.0,0.25472233779337994,True,False,170.05
slow_delayed_observer,1.125,10.272727272727273,45.0,10.0,160.0,0.26210692510583516,True,False,170.10000000000002
slow_delayed_observer,1.125,10.59090909090909,45.0,10.0,160.0,0.26934067420097,True,False,170.20000000000002
slow_delayed_observer,1.125,10.909090909090908,45.0,10.0,160.0,0.2764291509185109,True,False,170.25
slow_delayed_observer,1.125,11.227272727272727,45.0,10.0,160.0,0.28337600529898427,True,False,170.35000000000002
slow_delayed_observer,1.125,11.545454545454545,45.0,10.0,160.0,0.29018745142613467,True,False,170.4
slow_delayed_observer,1.125,11.863636363636363,45.0,10.0,160.0,0.29686673613604664,True,False,170.5
slow_delayed_observer,1.125,12.181818181818182,45.0,10.0,160.0,0.30341920796342436,True,False,170.60000000000002
slow_delayed_observer,1.125,12.5,45.0,10.0,160.0,0.3098482006633948,True,False,170.65
slow_delayed_observer,1.125,12.818181818181818,45.0,10.0,160.0,0.316157404675741,True,False,170.75
slow_delayed_observer,1.125,13.136363636363637,45.0,10.0,160.0,0.3223509591480295,True,False,170.85000000000002
slow_delayed_observer,1.125,13.454545454545455,45.0,10.0,160.0,0.32843230646586297,True,False,170.95000000000002
slow_delayed_observer,1.125,13.772727272727273,45.0,10.0,160.0,0.3344048147365782,True,False,171.05
slow_delayed_observer,1.125,14.09090909090909,45.0,10.0,160.0,0.3402717707994475,True,False,171.15
slow_delayed_observer,1.125,14.409090909090908,45.0,10.0,160.0,0.34603588843155886,True,False,171.25
slow_delayed_observer,1.125,14.727272727272727,45.0,10.0,160.0,0.35170040458138957,False,False,171.35000000000002
slow_delayed_observer,1.125,15.045454545454545,45.0,10.0,160.0,0.35726858055074895,False,False,171.45000000000002
slow_delayed_observer,1.125,15.363636363636363,45.0,10.0,160.0,0.3627427408725292,False,False,171.55
slow_delayed_observer,1.125,15.681818181818182,45.0,10.0,160.0,0.36812574019263283,False,False,171.65
slow_delayed_observer,1.125,16.0,45.0,10.0,160.0,0.3734202544437497,False,False,171.8
slow_delayed_observer,1.25,2.0,45.0,10.0,160.0,-0.11772734529656931,True,False,173.70000000000002
slow_delayed_observer,1.25,2.3181818181818183,45.0,10.0,160.0,-0.10112608144760324,True,False,173.75
slow_delayed_observer,1.25,2.6363636363636362,45.0,10.0,160.0,-0.08521438801818322,True,False,173.75
slow_delayed_observer,1.25,2.9545454545454546,45.0,10.0,160.0,-0.06993509844365277,True,False,173.75
slow_delayed_observer,1.25,3.2727272727272725,45.0,10.0,160.0,-0.05522867604652384,True,False,173.8
slow_delayed_observer,1.25,3.590909090909091,45.0,10.0,160.0,-0.04103533019759195,True,False,173.8
slow_delayed_observer,1.25,3.909090909090909,45.0,10.0,160.0,-0.027325344299733326,True,False,173.85000000000002
slow_delayed_observer,1.25,4.227272727272727,45.0,10.0,160.0,-0.014061408907442145,True,False,173.85000000000002
slow_delayed_observer,1.25,4.545454545454545,45.0,10.0,160.0,-0.0012114362655477272,True,False,173.9
slow_delayed_observer,1.25,4.863636363636363,45.0,10.0,160.0,0.01125256153648791,True,False,173.95000000000002
slow_delayed_observer,1.25,5.181818181818182,45.0,10.0,160.0,0.023352874415393278,True,False,173.95000000000002
slow_delayed_observer,1.25,5.5,45.0,10.0,160.0,0.03510932932531742,True,False,174.0
slow_delayed_observer,1.25,5.818181818181818,45.0,10.0,160.0,0.04654186173606346,True,False,174.05
slow_delayed_observer,1.25,6.136363636363637,45.0,10.0,160.0,0.05766970988694788,True,False,174.10000000000002
slow_delayed_observer,1.25,6.454545454545454,45.0,10.0,160.0,0.06850468155483776,True,False,174.15
slow_delayed_observer,1.25,6.7727272727272725,45.0,10.0,160.0,0.07906465669512312,True,False,174.20000000000002
slow_delayed_observer,1.25,7.090909090909091,45.0,10.0,160.0,0.08936121031318774,True,False,174.25
slow_delayed_observer,1.25,7.409090909090909,45.0,10.0,160.0,0.09940605511988514,True,False,174.3
slow_delayed_observer,1.25,7.7272727272727275,45.0,10.0,160.0,0.10921071825457147,True,False,174.35000000000002
slow_delayed_observer,1.25,8.045454545454545,45.0,10.0,160.0,0.11878634221516521,True,False,174.4
slow_delayed_observer,1.25,8.363636363636363,45.0,10.0,160.0,0.12814191163992109,True,False,174.45000000000002
slow_delayed_observer,1.25,8.681818181818182,45.0,10.0,160.0,0.1372861879399486,True,False,174.5
slow_delayed_observer,1.25,9.0,45.0,10.0,160.0,0.1462276599904336,True,False,174.55
slow_delayed_observer,1.25,9.318181818181818,45.0,10.0,160.0,0.1549748390519374,True,False,174.65
slow_delayed_observer,1.25,9.636363636363637,45.0,10.0,160.0,0.16353459453055463,True,False,174.70000000000002
slow_delayed_observer,1.25,9.954545454545453,45.0,10.0,160.0,0.17191370865931135,True,False,174.75
slow_delayed_observer,1.25,10.272727272727273,45.0,10.0,160.0,0.18011880567314992,True,False,174.85000000000002
slow_delayed_observer,1.25,10.59090909090909,45.0,10.0,160.0,0.18815630466774397,True,False,174.9
slow_delayed_observer,1.25,10.909090909090908,45.0,10.0,160.0,0.19603238990945587,True,False,175.0
slow_delayed_observer,1.25,11.227272727272727,45.0,10.0,160.0,0.20375111699887066,True,False,175.05
slow_delayed_observer,1.25,11.545454545454545,45.0,10.0,160.0,0.2113193904734832,True,False,175.15
slow_delayed_observer,1.25,11.863636363636363,45.0,10.0,160.0,0.21874081792894057,True,False,175.25
slow_delayed_observer,1.25,12.181818181818182,45.0,10.0,160.0,0.22602134218158276,True,False,175.3
slow_delayed_observer,1.25,12.5,45.0,10.0,160.0,0.2331646674037714,True,False,175.4
slow_delayed_observer,1.25,12.818181818181818,45.0,10.0,160.0,0.24017489408415646,True,False,175.5
slow_delayed_observer,1.25,13.136363636363637,45.0,10.0,160.0,0.2470566212755879,True,False,175.60000000000002
slow_delayed_observer,1.25,13.454545454545455,45.0,10.0,160.0,0.2538136738509603,True,False,175.70000000000002
slow_delayed_observer,1.25,13.772727272727273,45.0,10.0,160.0,0.2604497941517548,True,False,175.8
slow_delayed_observer,1.25,14.09090909090909,45.0,10.0,160.0,0.26696863422160916,True,False,175.9
slow_delayed_observer,1.25,14.409090909090908,45.0,10.0,160.0,0.2733732093683989,True,False,176.0
slow_delayed_observer,1.25,14.727272727272727,45.0,10.0,160.0,0.27966711620154294,True,False,176.10000000000002
slow_delayed_observer,1.25,15.045454545454545,45.0,10.0,160.0,0.2858539783897202,True,False,176.20000000000002
slow_delayed_observer,1.25,15.363636363636363,45.0,10.0,160.0,0.2919363787472553,True,False,176.3
slow_delayed_observer,1.25,15.681818181818182,45.0,10.0,160.0,0.2979174891029256,True,False,176.4
slow_delayed_observer,1.25,16.0,45.0,10.0,160.0,0.3038002827152793,True,False,176.5
slow_delayed_observer,1.375,2.0,45.0,10.0,160.0,-0.2295000798262258,True,False,178.0
slow_delayed_observer,1.375,2.3181818181818183,45.0,10.0,160.0,-0.21123868959236305,True,False,178.0
slow_delayed_observer,1.375,2.6363636363636362,45.0,10.0,160.0,-0.1937358268200003,True,False,178.05
slow_delayed_observer,1.375,2.9545454545454546,45.0,10.0,160.0,-0.17692860828801843,True,False,178.05
slow_delayed_observer,1.375,3.2727272727272725,45.0,10.0,160.0,-0.16075154365117603,True,False,178.10000000000002
slow_delayed_observer,1.375,3.590909090909091,45.0,10.0,160.0,-0.145138863217351,True,False,178.10000000000002
slow_delayed_observer,1.375,3.909090909090909,45.0,10.0,160.0,-0.13005787872970742,True,False,178.15
slow_delayed_observer,1.375,4.227272727272727,45.0,10.0,160.0,-0.11546754979818613,True,False,178.15
slow_delayed_observer,1.375,4.545454545454545,45.0,10.0,160.0,-0.10133257989210193,True,False,178.20000000000002
slow_delayed_observer,1.375,4.863636363636363,45.0,10.0,160.0,-0.08762218230986374,True,False,178.20000000000002
slow_delayed_observer,1.375,5.181818181818182,45.0,10.0,160.0,-0.07431183814306752,True,False,178.25
slow_delayed_observer,1.375,5.5,45.0,10.0,160.0,-0.06137973774215155,True,False,178.3
slow_delayed_observer,1.375,5.818181818181818,45.0,10.0,160.0,-0.04880395209032971,True,False,178.35000000000002
slow_delayed_observer,1.375,6.136363636363637,45.0,10.0,160.0,-0.03656331912435758,True,False,178.35000000000002
slow_delayed_observer,1.375,6.454545454545454,45.0,10.0,160.0,-0.02464485028967847,True,False,178.4
slow_delayed_observer,1.375,6.7727272727272725,45.0,10.0,160.0,-0.013028877635366368,True,False,178.45000000000002
slow_delayed_observer,1.375,7.090909090909091,45.0,10.0,160.0,-0.0017026686554931093,True,False,178.5
slow_delayed_observer,1.375,7.409090909090909,45.0,10.0,160.0,0.009346660631873695,True,False,178.55
slow_delayed_observer,1.375,7.7272727272727275,45.0,10.0,160.0,0.020131790080028935,True,False,178.60000000000002
slow_delayed_observer,1.375,8.045454545454545,45.0,10.0,160.0,0.030664976436681115,True,False,178.70000000000002
slow_delayed_observer,1.375,8.363636363636363,45.0,10.0,160.0,0.04095610280391241,True,False,178.75
slow_delayed_observer,1.375,8.681818181818182,45.0,10.0,160.0,0.051014806733942375,True,False,178.8
slow_delayed_observer,1.375,9.0,45.0,10.0,160.0,0.0608504259894771,True,False,178.85000000000002
slow_delayed_observer,1.375,9.318181818181818,45.0,10.0,160.0,0.07047232295713075,True,False,178.9
slow_delayed_observer,1.375,9.636363636363637,45.0,10.0,160.0,0.07988805398360985,True,False,179.0
slow_delayed_observer,1.375,9.954545454545453,45.0,10.0,160.0,0.08910507952524234,True,False,179.05
slow_delayed_observer,1.375,10.272727272727273,45.0,10.0,160.0,0.09813068624046473,True,False,179.15
slow_delayed_observer,1.375,10.59090909090909,45.0,10.0,160.0,0.10697193513451905,True,False,179.20000000000002
slow_delayed_observer,1.375,10.909090909090908,45.0,10.0,160.0,0.1156356289004011,True,False,179.3
slow_delayed_observer,1.375,11.227272727272727,45.0,10.0,160.0,0.12412622869875761,True,False,179.35000000000002
slow_delayed_observer,1.375,11.545454545454545,45.0,10.0,160.0,0.1324513295208314,True,False,179.45000000000002
slow_delayed_observer,1.375,11.863636363636363,45.0,10.0,160.0,0.1406148997218358,True,False,179.5
slow_delayed_observer,1.375,12.181818181818182,45.0,10.0,160.0,0.1486234763997412,True,False,179.60000000000002
slow_delayed_observer,1.375,12.5,45.0,10.0,160.0,0.1564811341441489,True,False,179.70000000000002
slow_delayed_observer,1.375,12.818181818181818,45.0,10.0,160.0,0.1641923834925716,True,False,179.8
slow_delayed_observer,1.375,13.136363636363637,45.0,10.0,160.0,0.1717622834031475,True,False,179.85000000000002
slow_delayed_observer,1.375,13.454545454545455,45.0,10.0,160.0,0.1791950412360553,True,False,179.95000000000002
slow_delayed_observer,1.375,13.772727272727273,45.0,10.0,160.0,0.18649477356692937,True,False,180.05
slow_delayed_observer,1.375,14.09090909090909,45.0,10.0,160.0,0.19366549764377022,True,False,180.15
slow_delayed_observer,1.375,14.409090909090908,45.0,10.0,160.0,0.2007105303052386,True,False,180.25
slow_delayed_observer,1.375,14.727272727272727,45.0,10.0,160.0,0.20763382782169754,True,False,180.35000000000002
slow_delayed_observer,1.375,15.045454545454545,45.0,10.0,160.0,0.2144393762286927,True,False,180.45000000000002
slow_delayed_observer,1.375,15.363636363636363,45.0,10.0,160.0,0.22113001662197976,True,False,180.60000000000002
slow_delayed_observer,1.375,15.681818181818182,45.0,10.0,160.0,0.22770923801321843,True,False,180.70000000000002
slow_delayed_observer,1.375,16.0,45.0,10.0,160.0,0.23418031098680642,True,False,180.8
slow_delayed_observer,1.5,2.0,45.0,10.0,160.0,-0.3412728143558825,True,False,181.9
slow_delayed_observer,1.5,2.3181818181818183,45.0,10.0,160.0,-0.32135129773712307,True,False,181.95000000000002
slow_delayed_observer,1.5,2.6363636363636362,45.0,10.0,160.0,-0.3022572656218187,True,False,181.95000000000002
slow_delayed_observer,1.5,2.9545454545454546,45.0,10.0,160.0,-0.28392211813238455,True,False,181.95000000000002
slow_delayed_observer,1.5,3.2727272727272725,45.0,10.0,160.0,-0.266274411255828,True,False,182.0
slow_delayed_observer,1.5,3.590909090909091,45.0,10.0,160.0,-0.24924239623711075,True,False,182.0
slow_delayed_observer,1.5,3.909090909090909,45.0,10.0,160.0,-0.23279041315968108,True,False,182.05
slow_delayed_observer,1.5,4.227272727272727,45.0,10.0,160.0,-0.21687369068893025,True,False,182.05
slow_delayed_observer,1.5,4.545454545454545,45.0,10.0,160.0,-0.20145372351865806,True,False,182.10000000000002
slow_delayed_observer,1.5,4.863636363636363,45.0,10.0,160.0,-0.18649692615621452,True,False,182.15
slow_delayed_observer,1.5,5.181818181818182,45.0,10.0,160.0,-0.17197655070152817,True,False,182.15
slow_delayed_observer,1.5,5.5,45.0,10.0,160.0,-0.15786880480961873,True,False,182.20000000000002
slow_delayed_observer,1.5,5.818181818181818,45.0,10.0,160.0,-0.14414976591672282,True,False,182.25
slow_delayed_observer,1.5,6.136363636363637,45.0,10.0,160.0,-0.13079634813566457,True,False,182.3
slow_delayed_observer,1.5,6.454545454545454,45.0,10.0,160.0,-0.11779438213419485,True,False,182.35000000000002
slow_delayed_observer,1.5,6.7727272727272725,45.0,10.0,160.0,-0.10512241196585233,True,False,182.4
slow_delayed_observer,1.5,7.090909090909091,45.0,10.0,160.0,-0.09276654762417438,True,False,182.45000000000002
slow_delayed_observer,1.5,7.409090909090909,45.0,10.0,160.0,-0.08071273385613915,True,False,182.5
slow_delayed_observer,1.5,7.7272727272727275,45.0,10.0,160.0,-0.06894713809451458,True,False,182.55
slow_delayed_observer,1.5,8.045454545454545,45.0,10.0,160.0,-0.05745638934180234,True,False,182.60000000000002
slow_delayed_observer,1.5,8.363636363636363,45.0,10.0,160.0,-0.04622970603209562,True,False,182.65
slow_delayed_observer,1.5,8.681818181818182,45.0,10.0,160.0,-0.03525657447206254,True,False,182.70000000000002
slow_delayed_observer,1.5,9.0,45.0,10.0,160.0,-0.02452680801147954,True,False,182.75
slow_delayed_observer,1.5,9.318181818181818,45.0,10.0,160.0,-0.014030193137674772,True,False,182.85000000000002
slow_delayed_observer,1.5,9.636363636363637,45.0,10.0,160.0,-0.0037584865633357406,True,False,182.9
slow_delayed_observer,1.5,9.954545454545453,45.0,10.0,160.0,0.006296450391173305,True,False,182.95000000000002
slow_delayed_observer,1.5,10.272727272727273,45.0,10.0,160.0,0.01614256680778058,True,False,183.05
slow_delayed_observer,1.5,10.59090909090909,45.0,10.0,160.0,0.025787565601294228,True,False,183.10000000000002
slow_delayed_observer,1.5,10.909090909090908,45.0,10.0,160.0,0.03523886789134684,True,False,183.20000000000002
slow_delayed_observer,1.5,11.227272727272727,45.0,10.0,160.0,0.0445013403986444,True,False,183.25
slow_delayed_observer,1.5,11.545454545454545,45.0,10.0,160.0,0.05358326856817944,True,False,183.35000000000002
slow_delayed_observer,1.5,11.863636363636363,45.0,10.0,160.0,0.06248898151472937,True,False,183.45000000000002
slow_delayed_observer,1.5,12.181818181818182,45.0,10.0,160.0,0.07122561061790035,True,False,183.5
slow_delayed_observer,1.5,12.5,45.0,10.0,160.0,0.07979760088452686,True,False,183.60000000000002
slow_delayed_observer,1.5,12.818181818181818,45.0,10.0,160.0,0.08820987290098693,True,False,183.70000000000002
slow_delayed_observer,1.5,13.136363636363637,45.0,10.0,160.0,0.0964679455307048,True,False,183.8
slow_delayed_observer,1.5,13.454545454545455,45.0,10.0,160.0,0.10457640862115088,True,False,183.9
slow_delayed_observer,1.5,13.772727272727273,45.0,10.0,160.0,0.11253975298210508,True,False,184.0
slow_delayed_observer,1.5,14.09090909090909,45.0,10.0,160.0,0.12036236106593136,True,False,184.10000000000002
slow_delayed_observer,1.5,14.409090909090908,45.0,10.0,160.0,0.12804785124207801,True,False,184.20000000000002
slow_delayed_observer,1.5,14.727272727272727,45.0,10.0,160.0,0.13560053944185166,True,False,184.3
slow_delayed_observer,1.5,15.045454545454545,45.0,10.0,160.0,0.14302477406766542,True,False,184.4
slow_delayed_observer,1.5,15.363636363636363,45.0,10.0,160.0,0.15032365449670468,True,False,184.5
slow_delayed_observer,1.5,15.681818181818182,45.0,10.0,160.0,0.15750098692351197,True,False,184.60000000000002
slow_delayed_observer,1.5,16.0,45.0,10.0,160.0,0.16456033925833463,True,False,184.70000000000002
slow_delayed_observer,1.625,2.0,45.0,10.0,160.0,-0.4530455488855395,True,False,185.5
slow_delayed_observer,1.625,2.3181818181818183,45.0,10.0,160.0,-0.4314639058818841,True,False,185.55
slow_delayed_observer,1.625,2.6363636363636362,45.0,10.0,160.0,-0.4107787044236383,True,False,185.55
slow_delayed_observer,1.625,2.9545454545454546,45.0,10.0,160.0,-0.3909156279767492,True,False,185.55
slow_delayed_observer,1.625,3.2727272727272725,45.0,10.0,160.0,-0.37179727886048103,True,False,185.60000000000002
slow_delayed_observer,1.625,3.590909090909091,45.0,10.0,160.0,-0.35334592925687,True,False,185.60000000000002
slow_delayed_observer,1.625,3.909090909090909,45.0,10.0,160.0,-0.3355229475896549,True,False,185.65
slow_delayed_observer,1.625,4.227272727272727,45.0,10.0,160.0,-0.31827983157967377,True,False,185.65
slow_delayed_observer,1.625,4.545454545454545,45.0,10.0,160.0,-0.3015748671452109,True,False,185.70000000000002
slow_delayed_observer,1.625,4.863636363636363,45.0,10.0,160.0,-0.28537167000256547,True,False,185.75
slow_delayed_observer,1.625,5.181818181818182,45.0,10.0,160.0,-0.2696412632599878,True,False,185.75
slow_delayed_observer,1.625,5.5,45.0,10.0,160.0,-0.2543578718770884,True,False,185.8
slow_delayed_observer,1.625,5.818181818181818,45.0,10.0,160.0,-0.23949557974311808,True,False,185.85000000000002
slow_delayed_observer,1.625,6.136363636363637,45.0,10.0,160.0,-0.2250293771469688,True,False,185.9
slow_delayed_observer,1.625,6.454545454545454,45.0,10.0,160.0,-0.21094391397871082,True,False,185.95000000000002
slow_delayed_observer,1.625,6.7727272727272725,45.0,10.0,160.0,-0.19721594629634043,True,False,186.0
slow_delayed_observer,1.625,7.090909090909091,45.0,10.0,160.0,-0.18383042659285437,True,False,186.05
slow_delayed_observer,1.625,7.409090909090909,45.0,10.0,160.0,-0.17077212834415026,True,False,186.10000000000002
slow_delayed_observer,1.625,7.7272727272727275,45.0,10.0,160.0,-0.15802606626905835,True,False,186.15
slow_delayed_observer,1.625,8.045454545454545,45.0,10.0,160.0,-0.14557775512028542,True,False,186.20000000000002
slow_delayed_observer,1.625,8.363636363636363,45.0,10.0,160.0,-0.13341551486810266,True,False,186.25
slow_delayed_observer,1.625,8.681818181818182,45.0,10.0,160.0,-0.12152795567806841,True,False,186.3
slow_delayed_observer,1.625,9.0,45.0,10.0,160.0,-0.1099040420124359,True,False,186.35000000000002
slow_delayed_observer,1.625,9.318181818181818,45.0,10.0,160.0,-0.0985327092324817,True,False,186.45000000000002
slow_delayed_observer,1.625,9.636363636363637,45.0,10.0,160.0,-0.08740502711027932,True,False,186.5
slow_delayed_observer,1.625,9.954545454545453,45.0,10.0,160.0,-0.07651217874289382,True,False,186.55
slow_delayed_observer,1.625,10.272727272727273,45.0,10.0,160.0,-0.06584555262490469,True,False,186.65
slow_delayed_observer,1.625,10.59090909090909,45.0,10.0,160.0,-0.05539680393193181,True,False,186.70000000000002
slow_delayed_observer,1.625,10.909090909090908,45.0,10.0,160.0,-0.04515789311770699,True,False,186.8
slow_delayed_observer,1.625,11.227272727272727,45.0,10.0,160.0,-0.035123547901469515,True,False,186.85000000000002
slow_delayed_observer,1.625,11.545454545454545,45.0,10.0,160.0,-0.02528479238447185,True,False,186.95000000000002
slow_delayed_observer,1.625,11.863636363636363,45.0,10.0,160.0,-0.015636936692376553,True,False,187.05
slow_delayed_observer,1.625,12.181818181818182,45.0,10.0,160.0,-0.006172255163942633,True,False,187.10000000000002
slow_delayed_observer,1.625,12.5,45.0,10.0,160.0,0.0031140676249026794,True,False,187.20000000000002
slow_delayed_observer,1.625,12.818181818181818,45.0,10.0,160.0,0.012227362309403824,True,False,187.3
slow_delayed_observer,1.625,13.136363636363637,45.0,10.0,160.0,0.021173607658264162,True,False,187.4
slow_delayed_observer,1.625,13.454545454545455,45.0,10.0,160.0,0.029957776006247258,True,False,187.5
slow_delayed_observer,1.625,13.772727272727273,45.0,10.0,160.0,0.038584732397280594,True,False,187.60000000000002
slow_delayed_observer,1.625,14.09090909090909,45.0,10.0,160.0,0.04705922448809147,True,False,187.70000000000002
slow_delayed_observer,1.625,14.409090909090908,45.0,10.0,160.0,0.05538517217891861,True,False,187.8
slow_delayed_observer,1.625,14.727272727272727,45.0,10.0,160.0,0.0635672510620062,True,False,187.9
slow_delayed_observer,1.625,15.045454545454545,45.0,10.0,160.0,0.0716101719066365,True,False,188.0
slow_delayed_observer,1.625,15.363636363636363,45.0,10.0,160.0,0.07951729237143096,True,False,188.10000000000002
slow_delayed_observer,1.625,15.681818181818182,45.0,10.0,160.0,0.08729273583380466,True,False,188.20000000000002
slow_delayed_observer,1.625,16.0,45.0,10.0,160.0,0.09494036752986251,True,False,188.3
slow_delayed_observer,1.75,2.0,45.0,10.0,160.0,-0.5648182834151962,True,False,188.85000000000002
slow_delayed_observer,1.75,2.3181818181818183,45.0,10.0,160.0,-0.5415765140266445,True,False,188.85000000000002
slow_delayed_observer,1.75,2.6363636363636362,45.0,10.0,160.0,-0.519300143225457,True,False,188.9
slow_delayed_observer,1.75,2.9545454545454546,45.0,10.0,160.0,-0.49790913782111473,True,False,188.9
slow_delayed_observer,1.75,3.2727272727272725,45.0,10.0,160.0,-0.47732014646513243,True,False,188.9
slow_delayed_observer,1.75,3.590909090909091,45.0,10.0,160.0,-0.45744946227662886,True,False,188.95000000000002
slow_delayed_observer,1.75,3.909090909090909,45.0,10.0,160.0,-0.4382554820196284,True,False,188.95000000000002
slow_delayed_observer,1.75,4.227272727272727,45.0,10.0,160.0,-0.41968597247041856,True,False,189.0
slow_delayed_observer,1.75,4.545454545454545,45.0,10.0,160.0,-0.4016960107717661,True,False,189.05
slow_delayed_observer,1.75,4.863636363636363,45.0,10.0,160.0,-0.3842464138489175,True,False,189.05
slow_delayed_observer,1.75,5.181818181818182,45.0,10.0,160.0,-0.3673059758184487,True,False,189.10000000000002
slow_delayed_observer,1.75,5.5,45.0,10.0,160.0,-0.35084693894455604,True,False,189.15
slow_delayed_observer,1.75,5.818181818181818,45.0,10.0,160.0,-0.33484139356951076,True,False,189.20000000000002
slow_delayed_observer,1.75,6.136363636363637,45.0,10.0,160.0,-0.3192624061582745,True,False,189.20000000000002
slow_delayed_observer,1.75,6.454545454545454,45.0,10.0,160.0,-0.3040934458232272,True,False,189.25
slow_delayed_observer,1.75,6.7727272727272725,45.0,10.0,160.0,-0.28930948062682804,True,False,189.3
slow_delayed_observer,1.75,7.090909090909091,45.0,10.0,160.0,-0.27489430556153643,True,False,189.35000000000002
slow_delayed_observer,1.75,7.409090909090909,45.0,10.0,160.0,-0.2608315228321611,True,False,189.4
slow_delayed_observer,1.75,7.7272727272727275,45.0,10.0,160.0,-0.24710499444360032,True,False,189.45000000000002
slow_delayed_observer,1.75,8.045454545454545,45.0,10.0,160.0,-0.23369912089876818,True,False,189.5
slow_delayed_observer,1.75,8.363636363636363,45.0,10.0,160.0,-0.22060132370411065,True,False,189.60000000000002
slow_delayed_observer,1.75,8.681818181818182,45.0,10.0,160.0,-0.20779933688407348,True,False,189.65
slow_delayed_observer,1.75,9.0,45.0,10.0,160.0,-0.19528127601339226,True,False,189.70000000000002
slow_delayed_observer,1.75,9.318181818181818,45.0,10.0,160.0,-0.18303522532728747,True,False,189.75
slow_delayed_observer,1.75,9.636363636363637,45.0,10.0,160.0,-0.1710515676572236,True,False,189.85000000000002
slow_delayed_observer,1.75,9.954545454545453,45.0,10.0,160.0,-0.15932080787696348,True,False,189.9
slow_delayed_observer,1.75,10.272727272727273,45.0,10.0,160.0,-0.14783367205759038,True,False,190.0
slow_delayed_observer,1.75,10.59090909090909,45.0,10.0,160.0,-0.1365811734651566,True,False,190.05
slow_delayed_observer,1.75,10.909090909090908,45.0,10.0,160.0,-0.12555465412676123,True,False,190.15
slow_delayed_observer,1.75,11.227272727272727,45.0,10.0,160.0,-0.1147484362015811,True,False,190.20000000000002
slow_delayed_observer,1.75,11.545454545454545,45.0,10.0,160.0,-0.10415285333712432,True,False,190.3
slow_delayed_observer,1.75,11.863636363636363,45.0,10.0,160.0,-0.09376285489948237,True,False,190.35000000000002
slow_delayed_observer,1.75,12.181818181818182,45.0,10.0,160.0,-0.08357012094578323,True,False,190.45000000000002
slow_delayed_observer,1.75,12.5,45.0,10.0,160.0,-0.07356946563471882,True,False,190.55
slow_delayed_observer,1.75,12.818181818181818,45.0,10.0,160.0,-0.06375514828218028,True,False,190.65
slow_delayed_observer,1.75,13.136363636363637,45.0,10.0,160.0,-0.054120730214177376,True,False,190.70000000000002
slow_delayed_observer,1.75,13.454545454545455,45.0,10.0,160.0,-0.04466085660865687,True,False,190.8
slow_delayed_observer,1.75,13.772727272727273,45.0,10.0,160.0,-0.03537028818754372,True,False,190.9
slow_delayed_observer,1.75,14.09090909090909,45.0,10.0,160.0,-0.026243912089747128,True,False,191.0
slow_delayed_observer,1.75,14.409090909090908,45.0,10.0,160.0,-0.0172775068842416,True,False,191.10000000000002
slow_delayed_observer,1.75,14.727272727272727,45.0,10.0,160.0,-0.008466037317839847,True,False,191.20000000000002
slow_delayed_observer,1.75,15.045454545454545,45.0,10.0,160.0,0.00019556974560875503,True,False,191.3
slow_delayed_observer,1.75,15.363636363636363,45.0,10.0,160.0,0.008710930246156911,True,False,191.45000000000002
slow_delayed_observer,1.75,15.681818181818182,45.0,10.0,160.0,0.017084484744096032,True,False,191.55
slow_delayed_observer,1.75,16.0,45.0,10.0,160.0,0.025320395801390012,True,False,191.65
slow_delayed_observer,1.875,2.0,45.0,10.0,160.0,-0.6765910179448531,True,False,191.95000000000002
slow_delayed_observer,1.875,2.3181818181818183,45.0,10.0,160.0,-0.6516891221714058,True,False,191.95000000000002
slow_delayed_observer,1.875,2.6363636363636362,45.0,10.0,160.0,-0.6278215820272741,True,False,192.0
slow_delayed_observer,1.875,2.9545454545454546,45.0,10.0,160.0,-0.6049026476654797,True,False,192.0
slow_delayed_observer,1.875,3.2727272727272725,45.0,10.0,160.0,-0.5828430140697848,True,False,192.0
slow_delayed_observer,1.875,3.590909090909091,45.0,10.0,160.0,-0.5615529952963875,True,False,192.05
slow_delayed_observer,1.875,3.909090909090909,45.0,10.0,160.0,-0.5409880164496024,True,False,192.10000000000002
slow_delayed_observer,1.875,4.227272727272727,45.0,10.0,160.0,-0.5210921133611643,True,False,192.10000000000002
slow_delayed_observer,1.875,4.545454545454545,45.0,10.0,160.0,-0.5018171543983221,True,False,192.15
slow_delayed_observer,1.875,4.863636363636363,45.0,10.0,160.0,-0.4831211576952689,True,False,192.15
slow_delayed_observer,1.875,5.181818181818182,45.0,10.0,160.0,-0.4649706883769091,True,False,192.20000000000002
slow_delayed_observer,1.875,5.5,45.0,10.0,160.0,-0.4473360060120246,True,False,192.25
slow_delayed_observer,1.875,5.818181818181818,45.0,10.0,160.0,-0.43018720739590477,True,False,192.3
slow_delayed_observer,1.875,6.136363636363637,45.0,10.0,160.0,-0.41349543516958,True,False,192.3
slow_delayed_observer,1.875,6.454545454545454,45.0,10.0,160.0,-0.3972429776677431,True,False,192.35000000000002
slow_delayed_observer,1.875,6.7727272727272725,45.0,10.0,160.0,-0.38140301495731577,True,False,192.4
slow_delayed_observer,1.875,7.090909090909091,45.0,10.0,160.0,-0.365958184530218,True,False,192.45000000000002
slow_delayed_observer,1.875,7.409090909090909,45.0,10.0,160.0,-0.3508909173201726,True,False,192.5
slow_delayed_observer,1.875,7.7272727272727275,45.0,10.0,160.0,-0.33618392261814234,True,False,192.55
slow_delayed_observer,1.875,8.045454545454545,45.0,10.0,160.0,-0.3218204866772525,True,False,192.65
slow_delayed_observer,1.875,8.363636363636363,45.0,10.0,160.0,-0.3077871325401187,True,False,192.70000000000002
slow_delayed_observer,1.875,8.681818181818182,45.0,10.0,160.0,-0.29407071809007795,True,False,192.75
slow_delayed_observer,1.875,9.0,45.0,10.0,160.0,-0.28065851001434877,True,False,192.8
slow_delayed_observer,1.875,9.318181818181818,45.0,10.0,160.0,-0.2675377414220932,True,False,192.85000000000002
slow_delayed_observer,1.875,9.636363636363637,45.0,10.0,160.0,-0.25469810820416855,True,False,192.95000000000002
slow_delayed_observer,1.875,9.954545454545453,45.0,10.0,160.0,-0.2421294370110328,True,False,193.0
slow_delayed_observer,1.875,10.272727272727273,45.0,10.0,160.0,-0.22982179149027437,True,False,193.10000000000002
slow_delayed_observer,1.875,10.59090909090909,45.0,10.0,160.0,-0.217765542998382,True,False,193.15
slow_delayed_observer,1.875,10.909090909090908,45.0,10.0,160.0,-0.2059514151358155,True,False,193.25
slow_delayed_observer,1.875,11.227272727272727,45.0,10.0,160.0,-0.19437332450169514,True,False,193.3
slow_delayed_observer,1.875,11.545454545454545,45.0,10.0,160.0,-0.18302091428977654,True,False,193.4
slow_delayed_observer,1.875,11.863636363636363,45.0,10.0,160.0,-0.17188877310658945,True,False,193.45000000000002
slow_delayed_observer,1.875,12.181818181818182,45.0,10.0,160.0,-0.16096798672762574,True,False,193.55
slow_delayed_observer,1.875,12.5,45.0,10.0,160.0,-0.15025299889434163,True,False,193.65
slow_delayed_observer,1.875,12.818181818181818,45.0,10.0,160.0,-0.1397376588737655,True,False,193.75
slow_delayed_observer,1.875,13.136363636363637,45.0,10.0,160.0,-0.1294150680866182,True,False,193.8
slow_delayed_observer,1.875,13.454545454545455,45.0,10.0,160.0,-0.11927948922356106,True,False,193.9
slow_delayed_observer,1.875,13.772727272727273,45.0,10.0,160.0,-0.10932530877236867,True,False,194.0
slow_delayed_observer,1.875,14.09090909090909,45.0,10.0,160.0,-0.09954704866758636,True,False,194.10000000000002
slow_delayed_observer,1.875,14.409090909090908,45.0,10.0,160.0,-0.08994018594740218,True,False,194.20000000000002
slow_delayed_observer,1.875,14.727272727272727,45.0,10.0,160.0,-0.08049932569768631,True,False,194.3
slow_delayed_observer,1.875,15.045454545454545,45.0,10.0,160.0,-0.071219032415419,True,False,194.4
slow_delayed_observer,1.875,15.363636363636363,45.0,10.0,160.0,-0.062095431879118104,True,False,194.55
slow_delayed_observer,1.875,15.681818181818182,45.0,10.0,160.0,-0.053123766345612014,True,False,194.65
slow_delayed_observer,1.875,16.0,45.0,10.0,160.0,-0.044299575927081634,True,False,194.75
slow_delayed_observer,2.0,2.0,45.0,10.0,160.0,-0.7883637524745105,True,False,194.85000000000002
slow_delayed_observer,2.0,2.3181818181818183,45.0,10.0,160.0,-0.7618017303161654,True,False,194.85000000000002
slow_delayed_observer,2.0,2.6363636363636362,45.0,10.0,160.0,-0.7363430208290928,True,False,194.9
slow_delayed_observer,2.0,2.9545454545454546,45.0,10.0,160.0,-0.7118961575098461,True,False,194.9
slow_delayed_observer,2.0,3.2727272727272725,45.0,10.0,160.0,-0.6883658816744376,True,False,194.95000000000002
slow_delayed_observer,2.0,3.590909090909091,45.0,10.0,160.0,-0.6656565283161471,True,False,194.95000000000002
slow_delayed_observer,2.0,3.909090909090909,45.0,10.0,160.0,-0.643720550879575,True,False,195.0
slow_delayed_observer,2.0,4.227272727272727,45.0,10.0,160.0,-0.6224982542519076,True,False,195.0
slow_delayed_observer,2.0,4.545454545454545,45.0,10.0,160.0,-0.601938298024876,True,False,195.05
slow_delayed_observer,2.0,4.863636363636363,45.0,10.0,160.0,-0.5819959015416197,True,False,195.05
slow_delayed_observer,2.0,5.181818181818182,45.0,10.0,160.0,-0.5626354009353702,True,False,195.10000000000002
slow_delayed_observer,2.0,5.5,45.0,10.0,160.0,-0.5438250730794936,True,False,195.15
slow_delayed_observer,2.0,5.818181818181818,45.0,10.0,160.0,-0.5255330212222984,True,False,195.20000000000002
slow_delayed_observer,2.0,6.136363636363637,45.0,10.0,160.0,-0.5077284641808842,True,False,195.25
slow_delayed_observer,2.0,6.454545454545454,45.0,10.0,160.0,-0.4903925095122594,True,False,195.25
slow_delayed_observer,2.0,6.7727272727272725,45.0,10.0,160.0,-0.4734965492878038,True,False,195.3
slow_delayed_observer,2.0,7.090909090909091,45.0,10.0,160.0,-0.45702206349889835,True,False,195.35000000000002
slow_delayed_observer,2.0,7.409090909090909,45.0,10.0,160.0,-0.4409503118081848,True,False,195.4
slow_delayed_observer,2.0,7.7272727272727275,45.0,10.0,160.0,-0.4252628507926859,True,False,195.45000000000002
slow_delayed_observer,2.0,8.045454545454545,45.0,10.0,160.0,-0.40994185245573594,True,False,195.55
slow_delayed_observer,2.0,8.363636363636363,45.0,10.0,160.0,-0.3949729413761255,True,False,195.60000000000002
slow_delayed_observer,2.0,8.681818181818182,45.0,10.0,160.0,-0.38034209929608265,True,False,195.65
slow_delayed_observer,2.0,9.0,45.0,10.0,160.0,-0.3660357440153063,True,False,195.70000000000002
slow_delayed_observer,2.0,9.318181818181818,45.0,10.0,160.0,-0.3520402575168986,True,False,195.75
slow_delayed_observer,2.0,9.636363636363637,45.0,10.0,160.0,-0.33834464875111325,True,False,195.85000000000002
slow_delayed_observer,2.0,9.954545454545453,45.0,10.0,160.0,-0.32493806614510173,True,False,195.9
slow_delayed_observer,2.0,10.272727272727273,45.0,10.0,160.0,-0.3118099109229598,True,False,196.0
slow_delayed_observer,2.0,10.59090909090909,45.0,10.0,160.0,-0.29894991253160896,True,False,196.05
slow_delayed_observer,2.0,10.909090909090908,45.0,10.0,160.0,-0.28634817614487135,True,False,196.15
slow_delayed_observer,2.0,11.227272727272727,45.0,10.0,160.0,-0.2739982128018083,True,False,196.20000000000002
slow_delayed_observer,2.0,11.545454545454545,45.0,10.0,160.0,-0.26188897524242644,True,False,196.3
slow_delayed_observer,2.0,11.863636363636363,45.0,10.0,160.0,-0.25001469131369414,True,False,196.35000000000002
slow_delayed_observer,2.0,12.181818181818182,45.0,10.0,160.0,-0.2383658525094664,True,False,196.45000000000002
slow_delayed_observer,2.0,12.5,45.0,10.0,160.0,-0.22693653215396442,True,False,196.55
slow_delayed_observer,2.0,12.818181818181818,45.0,10.0,160.0,-0.21572016946534894,True,False,196.65
slow_delayed_observer,2.0,13.136363636363637,45.0,10.0,160.0,-0.20470940595905932,True,False,196.75
slow_delayed_observer,2.0,13.454545454545455,45.0,10.0,160.0,-0.19389812183846455,True,False,196.8
slow_delayed_observer,2.0,13.772727272727273,45.0,10.0,160.0,-0.18328032935719268,True,False,196.9
slow_delayed_observer,2.0,14.09090909090909,45.0,10.0,160.0,-0.17285018524542514,True,False,197.0
slow_delayed_observer,2.0,14.409090909090908,45.0,10.0,160.0,-0.16260286501056193,True,False,197.10000000000002
slow_delayed_observer,2.0,14.727272727272727,45.0,10.0,160.0,-0.15253261407753202,True,False,197.20000000000002
slow_delayed_observer,2.0,15.045454545454545,45.0,10.0,160.0,-0.14263363457644726,True,False,197.3
slow_delayed_observer,2.0,15.363636363636363,45.0,10.0,160.0,-0.1329017940043931,True,False,197.45000000000002
slow_delayed_observer,2.0,15.681818181818182,45.0,10.0,160.0,-0.12333201743531791,True,False,197.55
slow_delayed_observer,2.0,16.0,45.0,10.0,160.0,-0.11391954765555369,True,False,197.65
slow_delayed_observer,2.125,2.0,45.0,10.0,160.0,-0.900136487004167,True,False,197.60000000000002
slow_delayed_observer,2.125,2.3181818181818183,45.0,10.0,160.0,-0.8719143384609249,True,False,197.60000000000002
slow_delayed_observer,2.125,2.6363636363636362,45.0,10.0,160.0,-0.8448644596309103,True,False,197.60000000000002
slow_delayed_observer,2.125,2.9545454545454546,45.0,10.0,160.0,-0.8188896673542103,True,False,197.65
slow_delayed_observer,2.125,3.2727272727272725,45.0,10.0,160.0,-0.7938887492790909,True,False,197.65
slow_delayed_observer,2.125,3.590909090909091,45.0,10.0,160.0,-0.7697600613359069,True,False,197.70000000000002
slow_delayed_observer,2.125,3.909090909090909,45.0,10.0,160.0,-0.7464530853095492,True,False,197.70000000000002
slow_delayed_observer,2.125,4.227272727272727,45.0,10.0,160.0,-0.7239043951426521,True,False,197.75
slow_delayed_observer,2.125,4.545454545454545,45.0,10.0,160.0,-0.7020594416514306,True,False,197.75
slow_delayed_observer,2.125,4.863636363636363,45.0,10.0,160.0,-0.6808706453879715,True,False,197.8
slow_delayed_observer,2.125,5.181818181818182,45.0,10.0,160.0,-0.660300113493832,True,False,197.85000000000002
slow_delayed_observer,2.125,5.5,45.0,10.0,160.0,-0.6403141401469613,True,False,197.85000000000002
slow_delayed_observer,2.125,5.818181818181818,45.0,10.0,160.0,-0.6208788350486926,True,False,197.9
slow_delayed_observer,2.125,6.136363636363637,45.0,10.0,160.0,-0.6019614931921896,True,False,197.95000000000002
slow_delayed_observer,2.125,6.454545454545454,45.0,10.0,160.0,-0.5835420413567758,True,False,198.0
slow_delayed_observer,2.125,6.7727272727272725,45.0,10.0,160.0,-0.5655900836182909,True,False,198.05
slow_delayed_observer,2.125,7.090909090909091,45.0,10.0,160.0,-0.5480859424675797,True,False,198.10000000000002
slow_delayed_observer,2.125,7.409090909090909,45.0,10.0,160.0,-0.5310097062961958,True,False,198.15
slow_delayed_observer,2.125,7.7272727272727275,45.0,10.0,160.0,-0.5143417789672284,True,False,198.20000000000002
slow_delayed_observer,2.125,8.045454545454545,45.0,10.0,160.0,-0.49806321823421906,True,False,198.25
slow_delayed_observer,2.125,8.363636363636363,45.0,10.0,160.0,-0.4821587502121343,True,False,198.3
slow_delayed_observer,2.125,8.681818181818182,45.0,10.0,160.0,-0.46661348050208856,True,False,198.35000000000002
slow_delayed_observer,2.125,9.0,45.0,10.0,160.0,-0.4514129780162622,True,False,198.45000000000002
slow_delayed_observer,2.125,9.318181818181818,45.0,10.0,160.0,-0.4365427736117056,True,False,198.5
slow_delayed_observer,2.125,9.636363636363637,45.0,10.0,160.0,-0.42199118929805807,True,False,198.55
slow_delayed_observer,2.125,9.954545454545453,45.0,10.0,160.0,-0.40774669527917057,True,False,198.65
slow_delayed_observer,2.125,10.272727272727273,45.0,10.0,160.0,-0.39379803035564453,True,False,198.70000000000002
slow_delayed_observer,2.125,10.59090909090909,45.0,10.0,160.0,-0.3801342820648333,True,False,198.8
slow_delayed_observer,2.125,10.909090909090908,45.0,10.0,160.0,-0.3667449371539248,True,False,198.85000000000002
slow_delayed_observer,2.125,11.227272727272727,45.0,10.0,160.0,-0.3536231011019205,True,False,198.95000000000002
slow_delayed_observer,2.125,11.545454545454545,45.0,10.0,160.0,-0.340757036195081,True,False,199.0
slow_delayed_observer,2.125,11.863636363636363,45.0,10.0,160.0,-0.32814060952079993,True,False,199.10000000000002
slow_delayed_observer,2.125,12.181818181818182,45.0,10.0,160.0,-0.3157637182913086,True,False,199.20000000000002
slow_delayed_observer,2.125,12.5,45.0,10.0,160.0,-0.30362006541358744,True,False,199.25
slow_delayed_observer,2.125,12.818181818181818,45.0,10.0,160.0,-0.291702680056934,True,False,199.35000000000002
slow_delayed_observer,2.125,13.136363636363637,45.0,10.0,160.0,-0.28000374383150034,True,False,199.45000000000002
slow_delayed_observer,2.125,13.454545454545455,45.0,10.0,160.0,-0.2685167544533687,True,False,199.55
slow_delayed_observer,2.125,13.772727272727273,45.0,10.0,160.0,-0.25723534994201686,True,False,199.65
slow_delayed_observer,2.125,14.09090909090909,45.0,10.0,160.0,-0.246153321823264,True,False,199.75
slow_delayed_observer,2.125,14.409090909090908,45.0,10.0,160.0,-0.23526554407372344,True,False,199.85000000000002
slow_delayed_observer,2.125,14.727272727272727,45.0,10.0,160.0,-0.22456590245737748,True,False,199.95000000000002
slow_delayed_observer,2.125,15.045454545454545,45.0,10.0,160.0,-0.21404823673747467,True,False,200.05
slow_delayed_observer,2.125,15.363636363636363,45.0,10.0,160.0,-0.203708156129667,True,False,200.15
slow_delayed_observer,2.125,15.681818181818182,45.0,10.0,160.0,-0.19354026852502632,True,False,200.25
slow_delayed_observer,2.125,16.0,45.0,10.0,160.0,-0.18353951938402643,True,False,200.4
slow_delayed_observer,2.25,2.0,45.0,10.0,160.0,-1.011909221533823,True,False,200.15
slow_delayed_observer,2.25,2.3181818181818183,45.0,10.0,160.0,-0.982026946605686,True,False,200.15
slow_delayed_observer,2.25,2.6363636363636362,45.0,10.0,160.0,-0.9533858984327297,True,False,200.20000000000002
slow_delayed_observer,2.25,2.9545454545454546,45.0,10.0,160.0,-0.9258831771985745,True,False,200.20000000000002
slow_delayed_observer,2.25,3.2727272727272725,45.0,10.0,160.0,-0.8994116168837428,True,False,200.20000000000002
slow_delayed_observer,2.25,3.590909090909091,45.0,10.0,160.0,-0.8738635943556659,True,False,200.25
slow_delayed_observer,2.25,3.909090909090909,45.0,10.0,160.0,-0.8491856197395209,True,False,200.3
slow_delayed_observer,2.25,4.227272727272727,45.0,10.0,160.0,-0.825310536033396,True,False,200.3
slow_delayed_observer,2.25,4.545454545454545,45.0,10.0,160.0,-0.8021805852779862,True,False,200.35000000000002
slow_delayed_observer,2.25,4.863636363636363,45.0,10.0,160.0,-0.7797453892343216,True,False,200.35000000000002
slow_delayed_observer,2.25,5.181818181818182,45.0,10.0,160.0,-0.7579648260522914,True,False,200.4
slow_delayed_observer,2.25,5.5,45.0,10.0,160.0,-0.7368032072144295,True,False,200.45000000000002
slow_delayed_observer,2.25,5.818181818181818,45.0,10.0,160.0,-0.7162246488750855,True,False,200.5
slow_delayed_observer,2.25,6.136363636363637,45.0,10.0,160.0,-0.696194522203495,True,False,200.5
slow_delayed_observer,2.25,6.454545454545454,45.0,10.0,160.0,-0.6766915732012924,True,False,200.55
slow_delayed_observer,2.25,6.7727272727272725,45.0,10.0,160.0,-0.6576836179487797,True,False,200.60000000000002
slow_delayed_observer,2.25,7.090909090909091,45.0,10.0,160.0,-0.6391498214362613,True,False,200.65
slow_delayed_observer,2.25,7.409090909090909,45.0,10.0,160.0,-0.6210691007842066,True,False,200.70000000000002
slow_delayed_observer,2.25,7.7272727272727275,45.0,10.0,160.0,-0.6034207071417707,True,False,200.75
slow_delayed_observer,2.25,8.045454545454545,45.0,10.0,160.0,-0.5861845840127026,True,False,200.8
slow_delayed_observer,2.25,8.363636363636363,45.0,10.0,160.0,-0.5693445590481425,True,False,200.9
slow_delayed_observer,2.25,8.681818181818182,45.0,10.0,160.0,-0.5528848617080941,True,False,200.95000000000002
slow_delayed_observer,2.25,9.0,45.0,10.0,160.0,-0.5367902120172192,True,False,201.0
slow_delayed_observer,2.25,9.318181818181818,45.0,10.0,160.0,-0.5210452897065124,True,False,201.05
slow_delayed_observer,2.25,9.636363636363637,45.0,10.0,160.0,-0.5056377298450021,True,False,201.15
slow_delayed_observer,2.25,9.954545454545453,45.0,10.0,160.0,-0.49055532441323935,True,False,201.20000000000002
slow_delayed_observer,2.25,10.272727272727273,45.0,10.0,160.0,-0.4757861497883293,True,False,201.3
slow_delayed_observer,2.25,10.59090909090909,45.0,10.0,160.0,-0.46131865159805907,True,False,201.35000000000002
slow_delayed_observer,2.25,10.909090909090908,45.0,10.0,160.0,-0.4471416981629792,True,False,201.45000000000002
slow_delayed_observer,2.25,11.227272727272727,45.0,10.0,160.0,-0.4332479894020336,True,False,201.5
slow_delayed_observer,2.25,11.545454545454545,45.0,10.0,160.0,-0.41962509714773116,True,False,201.60000000000002
slow_delayed_observer,2.25,11.863636363636363,45.0,10.0,160.0,-0.40626652772790633,True,False,201.65
slow_delayed_observer,2.25,12.181818181818182,45.0,10.0,160.0,-0.39316158407314994,True,False,201.75
slow_delayed_observer,2.25,12.5,45.0,10.0,160.0,-0.38030359867321045,True,False,201.85000000000002
slow_delayed_observer,2.25,12.818181818181818,45.0,10.0,160.0,-0.36768519064851873,True,False,201.95000000000002
slow_delayed_observer,2.25,13.136363636363637,45.0,10.0,160.0,-0.3552980817039428,True,False,202.0
slow_delayed_observer,2.25,13.454545454545455,45.0,10.0,160.0,-0.34313538706827185,True,False,202.10000000000002
slow_delayed_observer,2.25,13.772727272727273,45.0,10.0,160.0,-0.33119037052684147,True,False,202.20000000000002
slow_delayed_observer,2.25,14.09090909090909,45.0,10.0,160.0,-0.31945645840110326,True,False,202.3
slow_delayed_observer,2.25,14.409090909090908,45.0,10.0,160.0,-0.30792822313688206,True,False,202.4
slow_delayed_observer,2.25,14.727272727272727,45.0,10.0,160.0,-0.29659919083722264,True,False,202.5
slow_delayed_observer,2.25,15.045454545454545,45.0,10.0,160.0,-0.28546283889850277,True,False,202.60000000000002
slow_delayed_observer,2.25,15.363636363636363,45.0,10.0,160.0,-0.274514518254942,True,False,202.75
slow_delayed_observer,2.25,15.681818181818182,45.0,10.0,160.0,-0.2637485196147339,True,False,202.85000000000002
slow_delayed_observer,2.25,16.0,45.0,10.0,160.0,-0.25315949111249775,True,False,202.95000000000002
slow_delayed_observer,2.375,2.0,45.0,10.0,160.0,-1.1236819560634816,True,False,202.60000000000002
slow_delayed_observer,2.375,2.3181818181818183,45.0,10.0,160.0,-1.092139554750447,True,False,202.60000000000002
slow_delayed_observer,2.375,2.6363636363636362,45.0,10.0,160.0,-1.0619073372345469,True,False,202.60000000000002
slow_delayed_observer,2.375,2.9545454545454546,45.0,10.0,160.0,-1.0328766870429418,True,False,202.65
slow_delayed_observer,2.375,3.2727272727272725,45.0,10.0,160.0,-1.0049344844883947,True,False,202.65
slow_delayed_observer,2.375,3.590909090909091,45.0,10.0,160.0,-0.9779671273754245,True,False,202.70000000000002
slow_delayed_observer,2.375,3.909090909090909,45.0,10.0,160.0,-0.9519181541694953,True,False,202.70000000000002
slow_delayed_observer,2.375,4.227272727272727,45.0,10.0,160.0,-0.9267166769241396,True,False,202.75
slow_delayed_observer,2.375,4.545454545454545,45.0,10.0,160.0,-0.9023017289045404,True,False,202.75
slow_delayed_observer,2.375,4.863636363636363,45.0,10.0,160.0,-0.8786201330806731,True,False,202.8
slow_delayed_observer,2.375,5.181818181818182,45.0,10.0,160.0,-0.8556295386107525,True,False,202.85000000000002
slow_delayed_observer,2.375,5.5,45.0,10.0,160.0,-0.8332922742818982,True,False,202.85000000000002
slow_delayed_observer,2.375,5.818181818181818,45.0,10.0,160.0,-0.811570462701479,True,False,202.9
slow_delayed_observer,2.375,6.136363636363637,45.0,10.0,160.0,-0.7904275512148017,True,False,202.95000000000002
slow_delayed_observer,2.375,6.454545454545454,45.0,10.0,160.0,-0.7698411050458078,True,False,203.0
slow_delayed_observer,2.375,6.7727272727272725,45.0,10.0,160.0,-0.7497771522792682,True,False,203.05
slow_delayed_observer,2.375,7.090909090909091,45.0,10.0,160.0,-0.7302137004049413,True,False,203.10000000000002
slow_delayed_observer,2.375,7.409090909090909,45.0,10.0,160.0,-0.7111284952722192,True,False,203.15
slow_delayed_observer,2.375,7.7272727272727275,45.0,10.0,160.0,-0.6924996353163151,True,False,203.20000000000002
slow_delayed_observer,2.375,8.045454545454545,45.0,10.0,160.0,-0.6743059497911864,True,False,203.25
slow_delayed_observer,2.375,8.363636363636363,45.0,10.0,160.0,-0.6565303678841508,True,False,203.3
slow_delayed_observer,2.375,8.681818181818182,45.0,10.0,160.0,-0.6391562429140984,True,False,203.35000000000002
slow_delayed_observer,2.375,9.0,45.0,10.0,160.0,-0.622167446018175,True,False,203.45000000000002
slow_delayed_observer,2.375,9.318181818181818,45.0,10.0,160.0,-0.6055478058013185,True,False,203.5
slow_delayed_observer,2.375,9.636363636363637,45.0,10.0,160.0,-0.5892842703919472,True,False,203.55
slow_delayed_observer,2.375,9.954545454545453,45.0,10.0,160.0,-0.5733639535473083,True,False,203.65
slow_delayed_observer,2.375,10.272727272727273,45.0,10.0,160.0,-0.5577742692210139,True,False,203.70000000000002
slow_delayed_observer,2.375,10.59090909090909,45.0,10.0,160.0,-0.5425030211312846,True,False,203.8
slow_delayed_observer,2.375,10.909090909090908,45.0,10.0,160.0,-0.5275384591720347,True,False,203.85000000000002
slow_delayed_observer,2.375,11.227272727272727,45.0,10.0,160.0,-0.5128728777021465,True,False,203.95000000000002
slow_delayed_observer,2.375,11.545454545454545,45.0,10.0,160.0,-0.49849315810038275,True,False,204.0
slow_delayed_observer,2.375,11.863636363636363,45.0,10.0,160.0,-0.4843924459350121,True,False,204.10000000000002
slow_delayed_observer,2.375,12.181818181818182,45.0,10.0,160.0,-0.4705594498549924,True,False,204.20000000000002
slow_delayed_observer,2.375,12.5,45.0,10.0,160.0,-0.4569871319328333,True,False,204.25
slow_delayed_observer,2.375,12.818181818181818,45.0,10.0,160.0,-0.4436677012401028,True,False,204.35000000000002
slow_delayed_observer,2.375,13.136363636363637,45.0,10.0,160.0,-0.43059241957638356,True,False,204.45000000000002
slow_delayed_observer,2.375,13.454545454545455,45.0,10.0,160.0,-0.41775401968317705,True,False,204.55
slow_delayed_observer,2.375,13.772727272727273,45.0,10.0,160.0,-0.40514539111166586,True,False,204.65
slow_delayed_observer,2.375,14.09090909090909,45.0,10.0,160.0,-0.39275959497894275,True,False,204.75
slow_delayed_observer,2.375,14.409090909090908,45.0,10.0,160.0,-0.3805909022000426,True,False,204.85000000000002
slow_delayed_observer,2.375,14.727272727272727,45.0,10.0,160.0,-0.36863247921706827,True,False,204.95000000000002
slow_delayed_observer,2.375,15.045454545454545,45.0,10.0,160.0,-0.3568774410595306,True,False,205.05
slow_delayed_observer,2.375,15.363636363636363,45.0,10.0,160.0,-0.345320880380216,True,False,205.15
slow_delayed_observer,2.375,15.681818181818182,45.0,10.0,160.0,-0.33395677070444124,True,False,205.25
slow_delayed_observer,2.375,16.0,45.0,10.0,160.0,-0.32277946284096953,True,False,205.4
slow_delayed_observer,2.5,2.0,45.0,10.0,160.0,-1.235454690593139,True,False,204.9
slow_delayed_observer,2.5,2.3181818181818183,45.0,10.0,160.0,-1.2022521628952063,True,False,204.9
slow_delayed_observer,2.5,2.6363636363636362,45.0,10.0,160.0,-1.1704287760363659,True,False,204.9
slow_delayed_observer,2.5,2.9545454545454546,45.0,10.0,160.0,-1.1398701968873068,True,False,204.95000000000002
slow_delayed_observer,2.5,3.2727272727272725,45.0,10.0,160.0,-1.110457352093047,True,False,204.95000000000002
slow_delayed_observer,2.5,3.590909090909091,45.0,10.0,160.0,-1.0820706603951842,True,False,205.0
slow_delayed_observer,2.5,3.909090909090909,45.0,10.0,160.0,-1.054650688599468,True,False,205.0
slow_delayed_observer,2.5,4.227272727272727,45.0,10.0,160.0,-1.0281228178148845,True,False,205.05
slow_delayed_observer,2.5,4.545454545454545,45.0,10.0,160.0,-1.0024228725310966,True,False,205.05
slow_delayed_observer,2.5,4.863636363636363,45.0,10.0,160.0,-0.977494876927025,True,False,205.10000000000002
slow_delayed_observer,2.5,5.181818181818182,45.0,10.0,160.0,-0.9532942511692138,True,False,205.15
slow_delayed_observer,2.5,5.5,45.0,10.0,160.0,-0.9297813413493646,True,False,205.20000000000002
slow_delayed_observer,2.5,5.818181818181818,45.0,10.0,160.0,-0.9069162765278727,True,False,205.20000000000002
slow_delayed_observer,2.5,6.136363636363637,45.0,10.0,160.0,-0.884660580226107,True,False,205.25
slow_delayed_observer,2.5,6.454545454545454,45.0,10.0,160.0,-0.8629906368903245,True,False,205.3
slow_delayed_observer,2.5,6.7727272727272725,45.0,10.0,160.0,-0.8418706866097553,True,False,205.35000000000002
slow_delayed_observer,2.5,7.090909090909091,45.0,10.0,160.0,-0.8212775793736233,True,False,205.4
slow_delayed_observer,2.5,7.409090909090909,45.0,10.0,160.0,-0.8011878897602311,True,False,205.45000000000002
slow_delayed_observer,2.5,7.7272727272727275,45.0,10.0,160.0,-0.7815785634908573,True,False,205.5
slow_delayed_observer,2.5,8.045454545454545,45.0,10.0,160.0,-0.7624273155696695,True,False,205.55
slow_delayed_observer,2.5,8.363636363636363,45.0,10.0,160.0,-0.7437161767201583,True,False,205.60000000000002
slow_delayed_observer,2.5,8.681818181818182,45.0,10.0,160.0,-0.7254276241201041,True,False,205.70000000000002
slow_delayed_observer,2.5,9.0,45.0,10.0,160.0,-0.7075446800191326,True,False,205.75
slow_delayed_observer,2.5,9.318181818181818,45.0,10.0,160.0,-0.6900503218961245,True,False,205.8
slow_delayed_observer,2.5,9.636363636363637,45.0,10.0,160.0,-0.6729308109388917,True,False,205.9
slow_delayed_observer,2.5,9.954545454545453,45.0,10.0,160.0,-0.6561725826813777,True,False,205.95000000000002
slow_delayed_observer,2.5,10.272727272727273,45.0,10.0,160.0,-0.6397623886537005,True,False,206.0
slow_delayed_observer,2.5,10.59090909090909,45.0,10.0,160.0,-0.6236873906645094,True,False,206.10000000000002
slow_delayed_observer,2.5,10.909090909090908,45.0,10.0,160.0,-0.6079352201810878,True,False,206.15
slow_delayed_observer,2.5,11.227272727272727,45.0,10.0,160.0,-0.5924977660022595,True,False,206.25
slow_delayed_observer,2.5,11.545454545454545,45.0,10.0,160.0,-0.5773612190530355,True,False,206.35000000000002
slow_delayed_observer,2.5,11.863636363636363,45.0,10.0,160.0,-0.5625183641421175,True,False,206.4
slow_delayed_observer,2.5,12.181818181818182,45.0,10.0,160.0,-0.5479573156368337,True,False,206.5
slow_delayed_observer,2.5,12.5,45.0,10.0,160.0,-0.5336706651924552,True,False,206.60000000000002
slow_delayed_observer,2.5,12.818181818181818,45.0,10.0,160.0,-0.5196502118316881,True,False,206.65
slow_delayed_observer,2.5,13.136363636363637,45.0,10.0,160.0,-0.5058867574488245,True,False,206.75
slow_delayed_observer,2.5,13.454545454545455,45.0,10.0,160.0,-0.4923726522980809,True,False,206.85000000000002
slow_delayed_observer,2.5,13.772727272727273,45.0,10.0,160.0,-0.47910041169649065,True,False,206.95000000000002
slow_delayed_observer,2.5,14.09090909090909,45.0,10.0,160.0,-0.46606273155678135,True,False,207.05
slow_delayed_observer,2.5,14.409090909090908,45.0,10.0,160.0,-0.4532535812632025,True,False,207.15
slow_delayed_observer,2.5,14.727272727272727,45.0,10.0,160.0,-0.44066576759691417,True,False,207.25
slow_delayed_observer,2.5,15.045454545454545,45.0,10.0,160.0,-0.4282920432205586,True,False,207.35000000000002
slow_delayed_observer,2.5,15.363636363636363,45.0,10.0,160.0,-0.4161272425054912,True,False,207.45000000000002
slow_delayed_observer,2.5,15.681818181818182,45.0,10.0,160.0,-0.40416502179414826,True,False,207.60000000000002
slow_delayed_observer,2.5,16.0,45.0,10.0,160.0,-0.3923994345694422,True,False,207.70000000000002
slow_delayed_observer,2.625,2.0,45.0,10.0,160.0,-1.3472274251227943,True,False,207.10000000000002
slow_delayed_observer,2.625,2.3181818181818183,45.0,10.0,160.0,-1.3123647710399664,True,False,207.10000000000002
slow_delayed_observer,2.625,2.6363636363636362,45.0,10.0,160.0,-1.2789502148381848,True,False,207.10000000000002
slow_delayed_observer,2.625,2.9545454545454546,45.0,10.0,160.0,-1.2468637067316723,True,False,207.15
slow_delayed_observer,2.625,3.2727272727272725,45.0,10.0,160.0,-1.2159802196977003,True,False,207.15
slow_delayed_observer,2.625,3.590909090909091,45.0,10.0,160.0,-1.1861741934149435,True,False,207.20000000000002
slow_delayed_observer,2.625,3.909090909090909,45.0,10.0,160.0,-1.1573832230294425,True,False,207.20000000000002
slow_delayed_observer,2.625,4.227272727272727,45.0,10.0,160.0,-1.129528958705629,True,False,207.25
slow_delayed_observer,2.625,4.545454545454545,45.0,10.0,160.0,-1.102544016157651,True,False,207.25
slow_delayed_observer,2.625,4.863636363636363,45.0,10.0,160.0,-1.0763696207733753,True,False,207.3
slow_delayed_observer,2.625,5.181818181818182,45.0,10.0,160.0,-1.0509589637276746,True,False,207.35000000000002
slow_delayed_observer,2.625,5.5,45.0,10.0,160.0,-1.0262704084168337,True,False,207.35000000000002
slow_delayed_observer,2.625,5.818181818181818,45.0,10.0,160.0,-1.0022620903542674,True,False,207.4
slow_delayed_observer,2.625,6.136363636363637,45.0,10.0,160.0,-0.978893609237411,True,False,207.45000000000002
slow_delayed_observer,2.625,6.454545454545454,45.0,10.0,160.0,-0.9561401687348396,True,False,207.5
slow_delayed_observer,2.625,6.7727272727272725,45.0,10.0,160.0,-0.9339642209402432,True,False,207.55
slow_delayed_observer,2.625,7.090909090909091,45.0,10.0,160.0,-0.9123414583423044,True,False,207.60000000000002
slow_delayed_observer,2.625,7.409090909090909,45.0,10.0,160.0,-0.8912472842482426,True,False,207.65
slow_delayed_observer,2.625,7.7272727272727275,45.0,10.0,160.0,-0.8706574916654004,True,False,207.70000000000002
slow_delayed_observer,2.625,8.045454545454545,45.0,10.0,160.0,-0.8505486813481542,True,False,207.75
slow_delayed_observer,2.625,8.363636363636363,45.0,10.0,160.0,-0.8309019855561656,True,False,207.8
slow_delayed_observer,2.625,8.681818181818182,45.0,10.0,160.0,-0.8116990053261083,True,False,207.9
slow_delayed_observer,2.625,9.0,45.0,10.0,160.0,-0.792921914020089,True,False,207.95000000000002
slow_delayed_observer,2.625,9.318181818181818,45.0,10.0,160.0,-0.7745528379909312,True,False,208.0
slow_delayed_observer,2.625,9.636363636363637,45.0,10.0,160.0,-0.7565773514858366,True,False,208.05
slow_delayed_observer,2.625,9.954545454545453,45.0,10.0,160.0,-0.7389812118154462,True,False,208.15
slow_delayed_observer,2.625,10.272727272727273,45.0,10.0,160.0,-0.7217505080863853,True,False,208.20000000000002
slow_delayed_observer,2.625,10.59090909090909,45.0,10.0,160.0,-0.7048717601977366,True,False,208.3
slow_delayed_observer,2.625,10.909090909090908,45.0,10.0,160.0,-0.6883319811901419,True,False,208.35000000000002
slow_delayed_observer,2.625,11.227272727272727,45.0,10.0,160.0,-0.6721226543023716,True,False,208.45000000000002
slow_delayed_observer,2.625,11.545454545454545,45.0,10.0,160.0,-0.6562292800056865,True,False,208.5
slow_delayed_observer,2.625,11.863636363636363,45.0,10.0,160.0,-0.6406442823492238,True,False,208.60000000000002
slow_delayed_observer,2.625,12.181818181818182,45.0,10.0,160.0,-0.6253551814186754,True,False,208.70000000000002
slow_delayed_observer,2.625,12.5,45.0,10.0,160.0,-0.6103541984520786,True,False,208.8
slow_delayed_observer,2.625,12.818181818181818,45.0,10.0,160.0,-0.5956327224232714,True,False,208.85000000000002
slow_delayed_observer,2.625,13.136363636363637,45.0,10.0,160.0,-0.5811810953212654,True,False,208.95000000000002
slow_delayed_observer,2.625,13.454545454545455,45.0,10.0,160.0,-0.5669912849129859,True,False,209.05
slow_delayed_observer,2.625,13.772727272727273,45.0,10.0,160.0,-0.5530554322813155,True,False,209.15
slow_delayed_observer,2.625,14.09090909090909,45.0,10.0,160.0,-0.5393658681346206,True,False,209.25
slow_delayed_observer,2.625,14.409090909090908,45.0,10.0,160.0,-0.5259162603263625,True,False,209.35000000000002
slow_delayed_observer,2.625,14.727272727272727,45.0,10.0,160.0,-0.5126990559767602,True,False,209.45000000000002
slow_delayed_observer,2.625,15.045454545454545,45.0,10.0,160.0,-0.49970664538158666,True,False,209.55
slow_delayed_observer,2.625,15.363636363636363,45.0,10.0,160.0,-0.48693360463076535,True,False,209.65
slow_delayed_observer,2.625,15.681818181818182,45.0,10.0,160.0,-0.4743732728838558,True,False,209.75
slow_delayed_observer,2.625,16.0,45.0,10.0,160.0,-0.462019406297914,True,False,209.9
slow_delayed_observer,2.75,2.0,45.0,10.0,160.0,-1.4590001596524522,True,False,209.15
slow_delayed_observer,2.75,2.3181818181818183,45.0,10.0,160.0,-1.4224773791847276,True,False,209.20000000000002
slow_delayed_observer,2.75,2.6363636363636362,45.0,10.0,160.0,-1.3874716536400027,True,False,209.20000000000002
slow_delayed_observer,2.75,2.9545454545454546,45.0,10.0,160.0,-1.353857216576037,True,False,209.25
slow_delayed_observer,2.75,3.2727272727272725,45.0,10.0,160.0,-1.3215030873023523,True,False,209.25
slow_delayed_observer,2.75,3.590909090909091,45.0,10.0,160.0,-1.2902777264347025,True,False,209.25
slow_delayed_observer,2.75,3.909090909090909,45.0,10.0,160.0,-1.2601157574594162,True,False,209.3
slow_delayed_observer,2.75,4.227272727272727,45.0,10.0,160.0,-1.2309350995963733,True,False,209.35000000000002
slow_delayed_observer,2.75,4.545454545454545,45.0,10.0,160.0,-1.202665159784204,True,False,209.35000000000002
slow_delayed_observer,2.75,4.863636363636363,45.0,10.0,160.0,-1.175244364619727,True,False,209.4
slow_delayed_observer,2.75,5.181818181818182,45.0,10.0,160.0,-1.1486236762861346,True,False,209.45000000000002
slow_delayed_observer,2.75,5.5,45.0,10.0,160.0,-1.122759475484303,True,False,209.45000000000002
slow_delayed_observer,2.75,5.818181818181818,45.0,10.0,160.0,-1.09760790418066,True,False,209.5
slow_delayed_observer,2.75,6.136363636363637,45.0,10.0,160.0,-1.0731266382487166,True,False,209.55
slow_delayed_observer,2.75,6.454545454545454,45.0,10.0,160.0,-1.0492897005793576,True,False,209.60000000000002
slow_delayed_observer,2.75,6.7727272727272725,45.0,10.0,160.0,-1.0260577552707302,True,False,209.65
slow_delayed_observer,2.75,7.090909090909091,45.0,10.0,160.0,-1.0034053373109861,True,False,209.70000000000002
slow_delayed_observer,2.75,7.409090909090909,45.0,10.0,160.0,-0.9813066787362537,True,False,209.75
slow_delayed_observer,2.75,7.7272727272727275,45.0,10.0,160.0,-0.9597364198399441,True,False,209.8
slow_delayed_observer,2.75,8.045454545454545,45.0,10.0,160.0,-0.9386700471266367,True,False,209.85000000000002
slow_delayed_observer,2.75,8.363636363636363,45.0,10.0,160.0,-0.9180877943921735,True,False,209.9
slow_delayed_observer,2.75,8.681818181818182,45.0,10.0,160.0,-0.8979703865321145,True,False,209.95000000000002
slow_delayed_observer,2.75,9.0,45.0,10.0,160.0,-0.8782991480210454,True,False,210.05
slow_delayed_observer,2.75,9.318181818181818,45.0,10.0,160.0,-0.8590553540857366,True,False,210.10000000000002
slow_delayed_observer,2.75,9.636363636363637,45.0,10.0,160.0,-0.8402238920327806,True,False,210.15
slow_delayed_observer,2.75,9.954545454545453,45.0,10.0,160.0,-0.8217898409495152,True,False,210.25
slow_delayed_observer,2.75,10.272727272727273,45.0,10.0,160.0,-0.8037386275190699,True,False,210.3
slow_delayed_observer,2.75,10.59090909090909,45.0,10.0,160.0,-0.7860561297309617,True,False,210.4
slow_delayed_observer,2.75,10.909090909090908,45.0,10.0,160.0,-0.7687287421991976,True,False,210.45000000000002
slow_delayed_observer,2.75,11.227272727272727,45.0,10.0,160.0,-0.7517475426024856,True,False,210.55
slow_delayed_observer,2.75,11.545454545454545,45.0,10.0,160.0,-0.7350973409583391,True,False,210.60000000000002
slow_delayed_observer,2.75,11.863636363636363,45.0,10.0,160.0,-0.7187702005563306,True,False,210.70000000000002
slow_delayed_observer,2.75,12.181818181818182,45.0,10.0,160.0,-0.7027530472005167,True,False,210.8
slow_delayed_observer,2.75,12.5,45.0,10.0,160.0,-0.6870377317117012,True,False,210.85000000000002
slow_delayed_observer,2.75,12.818181818181818,45.0,10.0,160.0,-0.6716152330148556,True,False,210.95000000000002
slow_delayed_observer,2.75,13.136363636363637,45.0,10.0,160.0,-0.6564754331937075,True,False,211.05
slow_delayed_observer,2.75,13.454545454545455,45.0,10.0,160.0,-0.6416099175278894,True,False,211.15
slow_delayed_observer,2.75,13.772727272727273,45.0,10.0,160.0,-0.6270104528661402,True,False,211.25
slow_delayed_observer,2.75,14.09090909090909,45.0,10.0,160.0,-0.6126690047124594,True,False,211.35000000000002
slow_delayed_observer,2.75,14.409090909090908,45.0,10.0,160.0,-0.5985789393895233,True,False,211.45000000000002
slow_delayed_observer,2.75,14.727272727272727,45.0,10.0,160.0,-0.5847323443566057,True,False,211.55
slow_delayed_observer,2.75,15.045454545454545,45.0,10.0,160.0,-0.5711212475426147,True,False,211.65
slow_delayed_observer,2.75,15.363636363636363,45.0,10.0,160.0,-0.5577399667560385,True,False,211.75
slow_delayed_observer,2.75,15.681818181818182,45.0,10.0,160.0,-0.5445815239735635,True,False,211.85000000000002
slow_delayed_observer,2.75,16.0,45.0,10.0,160.0,-0.5316393780263861,True,False,212.0
slow_delayed_observer,2.875,2.0,45.0,10.0,160.0,-1.5707728941821095,True,False,211.15
slow_delayed_observer,2.875,2.3181818181818183,45.0,10.0,160.0,-1.5325899873294886,True,False,211.20000000000002
slow_delayed_observer,2.875,2.6363636363636362,45.0,10.0,160.0,-1.49599309244182,True,False,211.20000000000002
slow_delayed_observer,2.875,2.9545454545454546,45.0,10.0,160.0,-1.460850726420402,True,False,211.25
slow_delayed_observer,2.875,3.2727272727272725,45.0,10.0,160.0,-1.4270259549070028,True,False,211.25
slow_delayed_observer,2.875,3.590909090909091,45.0,10.0,160.0,-1.3943812594544616,True,False,211.25
slow_delayed_observer,2.875,3.909090909090909,45.0,10.0,160.0,-1.3628482918893894,True,False,211.3
slow_delayed_observer,2.875,4.227272727272727,45.0,10.0,160.0,-1.3323412404871173,True,False,211.35000000000002
slow_delayed_observer,2.875,4.545454545454545,45.0,10.0,160.0,-1.3027863034107583,True,False,211.35000000000002
slow_delayed_observer,2.875,4.863636363636363,45.0,10.0,160.0,-1.2741191084660781,True,False,211.4
slow_delayed_observer,2.875,5.181818181818182,45.0,10.0,160.0,-1.2462883888445966,True,False,211.45000000000002
slow_delayed_observer,2.875,5.5,45.0,10.0,160.0,-1.2192485425517703,True,False,211.45000000000002
slow_delayed_observer,2.875,5.818181818181818,45.0,10.0,160.0,-1.1929537180070544,True,False,211.5
slow_delayed_observer,2.875,6.136363636363637,45.0,10.0,160.0,-1.167359667260023,True,False,211.55
slow_delayed_observer,2.875,6.454545454545454,45.0,10.0,160.0,-1.1424392324238741,True,False,211.60000000000002
slow_delayed_observer,2.875,6.7727272727272725,45.0,10.0,160.0,-1.1181512896012167,True,False,211.65
slow_delayed_observer,2.875,7.090909090909091,45.0,10.0,160.0,-1.0944692162796672,True,False,211.70000000000002
slow_delayed_observer,2.875,7.409090909090909,45.0,10.0,160.0,-1.071366073224266,True,False,211.75
slow_delayed_observer,2.875,7.7272727272727275,45.0,10.0,160.0,-1.0488153480144866,True,False,211.8
slow_delayed_observer,2.875,8.045454545454545,45.0,10.0,160.0,-1.0267914129051199,True,False,211.85000000000002
slow_delayed_observer,2.875,8.363636363636363,45.0,10.0,160.0,-1.0052736032281808,True,False,211.9
slow_delayed_observer,2.875,8.681818181818182,45.0,10.0,160.0,-0.9842417677381196,True,False,211.95000000000002
slow_delayed_observer,2.875,9.0,45.0,10.0,160.0,-0.9636763820220013,True,False,212.05
slow_delayed_observer,2.875,9.318181818181818,45.0,10.0,160.0,-0.9435578701805434,True,False,212.10000000000002
slow_delayed_observer,2.875,9.636363636363637,45.0,10.0,160.0,-0.9238704325797238,True,False,212.15
slow_delayed_observer,2.875,9.954545454545453,45.0,10.0,160.0,-0.9045984700835843,True,False,212.25
slow_delayed_observer,2.875,10.272727272727273,45.0,10.0,160.0,-0.8857267469517544,True,False,212.3
slow_delayed_observer,2.875,10.59090909090909,45.0,10.0,160.0,-0.867240499264186,True,False,212.4
slow_delayed_observer,2.875,10.909090909090908,45.0,10.0,160.0,-0.8491255032082528,True,False,212.45000000000002
slow_delayed_observer,2.875,11.227272727272727,45.0,10.0,160.0,-0.8313724309025982,True,False,212.55
slow_delayed_observer,2.875,11.545454545454545,45.0,10.0,160.0,-0.8139654019109906,True,False,212.60000000000002
slow_delayed_observer,2.875,11.863636363636363,45.0,10.0,160.0,-0.7968961187634359,True,False,212.70000000000002
slow_delayed_observer,2.875,12.181818181818182,45.0,10.0,160.0,-0.7801509129823593,True,False,212.8
slow_delayed_observer,2.875,12.5,45.0,10.0,160.0,-0.7637212649713248,True,False,212.85000000000002
slow_delayed_observer,2.875,12.818181818181818,45.0,10.0,160.0,-0.7475977436064397,True,False,212.95000000000002
slow_delayed_observer,2.875,13.136363636363637,45.0,10.0,160.0,-0.7317697710661487,True,False,213.05
slow_delayed_observer,2.875,13.454545454545455,45.0,10.0,160.0,-0.7162285501427937,True,False,213.15
slow_delayed_observer,2.875,13.772727272727273,45.0,10.0,160.0,-0.7009654734509653,True,False,213.25
slow_delayed_observer,2.875,14.09090909090909,45.0,10.0,160.0,-0.6859721412902995,True,False,213.35000000000002
slow_delayed_observer,2.875,14.409090909090908,45.0,10.0,160.0,-0.6712416184526826,True,False,213.45000000000002
slow_delayed_observer,2.875,14.727272727272727,45.0,10.0,160.0,-0.656765632736452,True,False,213.55
slow_delayed_observer,2.875,15.045454545454545,45.0,10.0,160.0,-0.642535849703643,True,False,213.65
slow_delayed_observer,2.875,15.363636363636363,45.0,10.0,160.0,-0.6285463288813141,True,False,213.75
slow_delayed_observer,2.875,15.681818181818182,45.0,10.0,160.0,-0.6147897750632715,True,False,213.85000000000002
slow_delayed_observer,2.875,16.0,45.0,10.0,160.0,-0.6012593497548568,True,False,213.95000000000002
slow_delayed_observer,3.0,2.0,45.0,10.0,160.0,-1.682545628711767,True,False,213.10000000000002
slow_delayed_observer,3.0,2.3181818181818183,45.0,10.0,160.0,-1.6427025954742474,True,False,213.10000000000002
slow_delayed_observer,3.0,2.6363636363636362,45.0,10.0,160.0,-1.6045145312436382,True,False,213.10000000000002
slow_delayed_observer,3.0,2.9545454545454546,45.0,10.0,160.0,-1.567844236264768,True,False,213.15
slow_delayed_observer,3.0,3.2727272727272725,45.0,10.0,160.0,-1.5325488225116575,True,False,213.15
slow_delayed_observer,3.0,3.590909090909091,45.0,10.0,160.0,-1.498484792474222,True,False,213.20000000000002
slow_delayed_observer,3.0,3.909090909090909,45.0,10.0,160.0,-1.4655808263193628,True,False,213.20000000000002
slow_delayed_observer,3.0,4.227272727272727,45.0,10.0,160.0,-1.433747381377862,True,False,213.25
slow_delayed_observer,3.0,4.545454545454545,45.0,10.0,160.0,-1.4029074470373128,True,False,213.25
slow_delayed_observer,3.0,4.863636363636363,45.0,10.0,160.0,-1.37299385231243,True,False,213.3
slow_delayed_observer,3.0,5.181818181818182,45.0,10.0,160.0,-1.3439531014030561,True,False,213.35000000000002
slow_delayed_observer,3.0,5.5,45.0,10.0,160.0,-1.3157376096192395,True,False,213.4
slow_delayed_observer,3.0,5.818181818181818,45.0,10.0,160.0,-1.2882995318334478,True,False,213.4
slow_delayed_observer,3.0,6.136363636363637,45.0,10.0,160.0,-1.2615926962713275,True,False,213.45000000000002
slow_delayed_observer,3.0,6.454545454545454,45.0,10.0,160.0,-1.2355887642683905,True,False,213.5
slow_delayed_observer,3.0,6.7727272727272725,45.0,10.0,160.0,-1.2102448239317054,True,False,213.55
slow_delayed_observer,3.0,7.090909090909091,45.0,10.0,160.0,-1.1855330952483476,True,False,213.60000000000002
slow_delayed_observer,3.0,7.409090909090909,45.0,10.0,160.0,-1.1614254677122775,True,False,213.65
slow_delayed_observer,3.0,7.7272727272727275,45.0,10.0,160.0,-1.1378942761890296,True,False,213.70000000000002
slow_delayed_observer,3.0,8.045454545454545,45.0,10.0,160.0,-1.114912778683603,True,False,213.75
slow_delayed_observer,3.0,8.363636363636363,45.0,10.0,160.0,-1.0924594120641904,True,False,213.8
slow_delayed_observer,3.0,8.681818181818182,45.0,10.0,160.0,-1.0705131489441257,True,False,213.9
slow_delayed_observer,3.0,9.0,45.0,10.0,160.0,-1.0490536160229587,True,False,213.95000000000002
slow_delayed_observer,3.0,9.318181818181818,45.0,10.0,160.0,-1.02806038627535,True,False,214.0
slow_delayed_observer,3.0,9.636363636363637,45.0,10.0,160.0,-1.007516973126671,True,False,214.10000000000002
slow_delayed_observer,3.0,9.954545454545453,45.0,10.0,160.0,-0.9874070992176514,True,False,214.15
slow_delayed_observer,3.0,10.272727272727273,45.0,10.0,160.0,-0.9677148663844403,True,False,214.20000000000002
slow_delayed_observer,3.0,10.59090909090909,45.0,10.0,160.0,-0.9484248687974123,True,False,214.3
slow_delayed_observer,3.0,10.909090909090908,45.0,10.0,160.0,-0.9295222642173049,True,False,214.35000000000002
slow_delayed_observer,3.0,11.227272727272727,45.0,10.0,160.0,-0.910997319202711,True,False,214.45000000000002
slow_delayed_observer,3.0,11.545454545454545,45.0,10.0,160.0,-0.8928334628636417,True,False,214.55
slow_delayed_observer,3.0,11.863636363636363,45.0,10.0,160.0,-0.8750220369705415,True,False,214.60000000000002
slow_delayed_observer,3.0,12.181818181818182,45.0,10.0,160.0,-0.8575487787642007,True,False,214.70000000000002
slow_delayed_observer,3.0,12.5,45.0,10.0,160.0,-0.840404798230947,True,False,214.8
slow_delayed_observer,3.0,12.818181818181818,45.0,10.0,160.0,-0.8235802541980233,True,False,214.85000000000002
slow_delayed_observer,3.0,13.136363636363637,45.0,10.0,160.0,-0.8070641089385896,True,False,214.95000000000002
slow_delayed_observer,3.0,13.454545454545455,45.0,10.0,160.0,-0.7908471827576978,True,False,215.05
slow_delayed_observer,3.0,13.772727272727273,45.0,10.0,160.0,-0.7749204940357887,True,False,215.15
slow_delayed_observer,3.0,14.09090909090909,45.0,10.0,160.0,-0.7592752778681378,True,False,215.25
slow_delayed_observer,3.0,14.409090909090908,45.0,10.0,160.0,-0.7439042975158427,True,False,215.35000000000002
slow_delayed_observer,3.0,14.727272727272727,45.0,10.0,160.0,-0.7287989211162973,True,False,215.45000000000002
slow_delayed_observer,3.0,15.045454545454545,45.0,10.0,160.0,-0.7139504518646704,True,False,215.55
slow_delayed_observer,3.0,15.363636363636363,45.0,10.0,160.0,-0.6993526910065887,True,False,215.65
slow_delayed_observer,3.0,15.681818181818182,45.0,10.0,160.0,-0.6849980261529787,True,False,215.8
slow_delayed_observer,3.0,16.0,45.0,10.0,160.0,-0.6708793214833301,True,False,215.9
slow_delayed_observer,3.125,2.0,45.0,10.0,160.0,-1.7943183632414221,True,False,214.9
slow_delayed_observer,3.125,2.3181818181818183,45.0,10.0,160.0,-1.7528152036190068,True,False,214.95000000000002
slow_delayed_observer,3.125,2.6363636363636362,45.0,10.0,160.0,-1.7130359700454565,True,False,214.95000000000002
slow_delayed_observer,3.125,2.9545454545454546,45.0,10.0,160.0,-1.6748377461091324,True,False,215.0
slow_delayed_observer,3.125,3.2727272727272725,45.0,10.0,160.0,-1.6380716901163088,True,False,215.0
slow_delayed_observer,3.125,3.590909090909091,45.0,10.0,160.0,-1.6025883254939803,True,False,215.0
slow_delayed_observer,3.125,3.909090909090909,45.0,10.0,160.0,-1.5683133607493367,True,False,215.05
slow_delayed_observer,3.125,4.227272727272727,45.0,10.0,160.0,-1.5351535222686072,True,False,215.10000000000002
slow_delayed_observer,3.125,4.545454545454545,45.0,10.0,160.0,-1.5030285906638692,True,False,215.10000000000002
slow_delayed_observer,3.125,4.863636363636363,45.0,10.0,160.0,-1.4718685961587794,True,False,215.15
slow_delayed_observer,3.125,5.181818181818182,45.0,10.0,160.0,-1.4416178139615161,True,False,215.20000000000002
slow_delayed_observer,3.125,5.5,45.0,10.0,160.0,-1.412226676686706,True,False,215.20000000000002
slow_delayed_observer,3.125,5.818181818181818,45.0,10.0,160.0,-1.383645345659843,True,False,215.25
slow_delayed_observer,3.125,6.136363636363637,45.0,10.0,160.0,-1.3558257252826318,True,False,215.3
slow_delayed_observer,3.125,6.454545454545454,45.0,10.0,160.0,-1.3287382961129053,True,False,215.35000000000002
slow_delayed_observer,3.125,6.7727272727272725,45.0,10.0,160.0,-1.3023383582621948,True,False,215.4
slow_delayed_observer,3.125,7.090909090909091,45.0,10.0,160.0,-1.2765969742170296,True,False,215.45000000000002
slow_delayed_observer,3.125,7.409090909090909,45.0,10.0,160.0,-1.2514848622002885,True,False,215.5
slow_delayed_observer,3.125,7.7272727272727275,45.0,10.0,160.0,-1.2269732043635728,True,False,215.55
slow_delayed_observer,3.125,8.045454545454545,45.0,10.0,160.0,-1.203034144462088,True,False,215.60000000000002
slow_delayed_observer,3.125,8.363636363636363,45.0,10.0,160.0,-1.179645220900199,True,False,215.65
slow_delayed_observer,3.125,8.681818181818182,45.0,10.0,160.0,-1.1567845301501298,True,False,215.70000000000002
slow_delayed_observer,3.125,9.0,45.0,10.0,160.0,-1.134430850023916,True,False,215.8
slow_delayed_observer,3.125,9.318181818181818,45.0,10.0,160.0,-1.1125629023701555,True,False,215.85000000000002
slow_delayed_observer,3.125,9.636363636363637,45.0,10.0,160.0,-1.0911635136736155,True,False,215.9
slow_delayed_observer,3.125,9.954545454545453,45.0,10.0,160.0,-1.0702157283517224,True,False,216.0
slow_delayed_observer,3.125,10.272727272727273,45.0,10.0,160.0,-1.0497029858171227,True,False,216.05
slow_delayed_observer,3.125,10.59090909090909,45.0,10.0,160.0,-1.0296092383306366,True,False,216.15
slow_delayed_observer,3.125,10.909090909090908,45.0,10.0,160.0,-1.009919025226361,True,False,216.20000000000002
slow_delayed_observer,3.125,11.227272727272727,45.0,10.0,160.0,-0.9906222075028245,True,False,216.3
slow_delayed_observer,3.125,11.545454545454545,45.0,10.0,160.0,-0.9717015238162936,True,False,216.35000000000002
slow_delayed_observer,3.125,11.863636363636363,45.0,10.0,160.0,-0.9531479551776483,True,False,216.45000000000002
slow_delayed_observer,3.125,12.181818181818182,45.0,10.0,160.0,-0.9349466445460426,True,False,216.55
slow_delayed_observer,3.125,12.5,45.0,10.0,160.0,-0.9170883314905712,True,False,216.60000000000002
slow_delayed_observer,3.125,12.818181818181818,45.0,10.0,160.0,-0.8995627647896087,True,False,216.70000000000002
slow_delayed_observer,3.125,13.136363636363637,45.0,10.0,160.0,-0.8823584468110305,True,False,216.8
slow_delayed_observer,3.125,13.454545454545455,45.0,10.0,160.0,-0.865465815372601,True,False,216.9
slow_delayed_observer,3.125,13.772727272727273,45.0,10.0,160.0,-0.8488755146206137,True,False,217.0
slow_delayed_observer,3.125,14.09090909090909,45.0,10.0,160.0,-0.8325784144459786,True,False,217.10000000000002
slow_delayed_observer,3.125,14.409090909090908,45.0,10.0,160.0,-0.8165669765790027,True,False,217.20000000000002
slow_delayed_observer,3.125,14.727272727272727,45.0,10.0,160.0,-0.8008322094961436,True,False,217.3
slow_delayed_observer,3.125,15.045454545454545,45.0,10.0,160.0,-0.785365054025699,True,False,217.4
slow_delayed_observer,3.125,15.363636363636363,45.0,10.0,160.0,-0.770159053131864,True,False,217.5
slow_delayed_observer,3.125,15.681818181818182,45.0,10.0,160.0,-0.7552062772426847,True,False,217.60000000000002
slow_delayed_observer,3.125,16.0,45.0,10.0,160.0,-0.7404992932118029,True,False,217.70000000000002
slow_delayed_observer,3.25,2.0,45.0,10.0,160.0,-1.906091097771081,True,False,216.70000000000002
slow_delayed_observer,3.25,2.3181818181818183,45.0,10.0,160.0,-1.8629278117637682,True,False,216.70000000000002
slow_delayed_observer,3.25,2.6363636363636362,45.0,10.0,160.0,-1.8215574088472763,True,False,216.70000000000002
slow_delayed_observer,3.25,2.9545454545454546,45.0,10.0,160.0,-1.7818312559534992,True,False,216.75
slow_delayed_observer,3.25,3.2727272727272725,45.0,10.0,160.0,-1.743594557720961,True,False,216.75
slow_delayed_observer,3.25,3.590909090909091,45.0,10.0,160.0,-1.706691858513739,True,False,216.8
slow_delayed_observer,3.25,3.909090909090909,45.0,10.0,160.0,-1.6710458951793092,True,False,216.8
slow_delayed_observer,3.25,4.227272727272727,45.0,10.0,160.0,-1.6365596631593504,True,False,216.85000000000002
slow_delayed_observer,3.25,4.545454545454545,45.0,10.0,160.0,-1.603149734290424,True,False,216.85000000000002
slow_delayed_observer,3.25,4.863636363636363,45.0,10.0,160.0,-1.570743340005131,True,False,216.9
slow_delayed_observer,3.25,5.181818181818182,45.0,10.0,160.0,-1.5392825265199785,True,False,216.95000000000002
slow_delayed_observer,3.25,5.5,45.0,10.0,160.0,-1.508715743754177,True,False,217.0
slow_delayed_observer,3.25,5.818181818181818,45.0,10.0,160.0,-1.478991159486234,True,False,217.0
slow_delayed_observer,3.25,6.136363636363637,45.0,10.0,160.0,-1.4500587542939376,True,False,217.05
slow_delayed_observer,3.25,6.454545454545454,45.0,10.0,160.0,-1.4218878279574223,True,False,217.10000000000002
slow_delayed_observer,3.25,6.7727272727272725,45.0,10.0,160.0,-1.394431892592681,True,False,217.15
slow_delayed_observer,3.25,7.090909090909091,45.0,10.0,160.0,-1.3676608531857115,True,False,217.20000000000002
slow_delayed_observer,3.25,7.409090909090909,45.0,10.0,160.0,-1.3415442566883007,True,False,217.25
slow_delayed_observer,3.25,7.7272727272727275,45.0,10.0,160.0,-1.316052132538116,True,False,217.3
slow_delayed_observer,3.25,8.045454545454545,45.0,10.0,160.0,-1.2911555102405703,True,False,217.35000000000002
slow_delayed_observer,3.25,8.363636363636363,45.0,10.0,160.0,-1.2668310297362069,True,False,217.4
slow_delayed_observer,3.25,8.681818181818182,45.0,10.0,160.0,-1.243055911356134,True,False,217.5
slow_delayed_observer,3.25,9.0,45.0,10.0,160.0,-1.219808084024871,True,False,217.55
slow_delayed_observer,3.25,9.318181818181818,45.0,10.0,160.0,-1.1970654184649632,True,False,217.60000000000002
slow_delayed_observer,3.25,9.636363636363637,45.0,10.0,160.0,-1.1748100542205577,True,False,217.70000000000002
slow_delayed_observer,3.25,9.954545454545453,45.0,10.0,160.0,-1.1530243574857881,True,False,217.75
slow_delayed_observer,3.25,10.272727272727273,45.0,10.0,160.0,-1.1316911052498095,True,False,217.8
slow_delayed_observer,3.25,10.59090909090909,45.0,10.0,160.0,-1.1107936078638623,True,False,217.9
slow_delayed_observer,3.25,10.909090909090908,45.0,10.0,160.0,-1.0903157862354143,True,False,217.95000000000002
slow_delayed_observer,3.25,11.227272727272727,45.0,10.0,160.0,-1.0702470958029378,True,False,218.05
slow_delayed_observer,3.25,11.545454545454545,45.0,10.0,160.0,-1.0505695847689454,True,False,218.15
slow_delayed_observer,3.25,11.863636363636363,45.0,10.0,160.0,-1.031273873384753,True,False,218.20000000000002
slow_delayed_observer,3.25,12.181818181818182,45.0,10.0,160.0,-1.0123445103278825,True,False,218.3
slow_delayed_observer,3.25,12.5,45.0,10.0,160.0,-0.9937718647501917,True,False,218.4
slow_delayed_observer,3.25,12.818181818181818,45.0,10.0,160.0,-0.9755452753811931,True,False,218.45000000000002
slow_delayed_observer,3.25,13.136363636363637,45.0,10.0,160.0,-0.9576527846834716,True,False,218.55
slow_delayed_observer,3.25,13.454545454545455,45.0,10.0,160.0,-0.940084447987505,True,False,218.65
slow_delayed_observer,3.25,13.772727272727273,45.0,10.0,160.0,-0.9228305352054381,True,False,218.75
slow_delayed_observer,3.25,14.09090909090909,45.0,10.0,160.0,-0.905881551023817,True,False,218.85000000000002
slow_delayed_observer,3.25,14.409090909090908,45.0,10.0,160.0,-0.8892296556421648,True,False,218.95000000000002
slow_delayed_observer,3.25,14.727272727272727,45.0,10.0,160.0,-0.8728654978759892,True,False,219.05
slow_delayed_observer,3.25,15.045454545454545,45.0,10.0,160.0,-0.8567796561867258,True,False,219.15
slow_delayed_observer,3.25,15.363636363636363,45.0,10.0,160.0,-0.8409654152571384,True,False,219.25
slow_delayed_observer,3.25,15.681818181818182,45.0,10.0,160.0,-0.8254145283323929,True,False,219.4
slow_delayed_observer,3.25,16.0,45.0,10.0,160.0,-0.8101192649402745,True,False,219.5
slow_delayed_observer,3.375,2.0,45.0,10.0,160.0,-2.0178638323007365,True,False,218.4
slow_delayed_observer,3.375,2.3181818181818183,45.0,10.0,160.0,-1.9730404199085287,True,False,218.4
slow_delayed_observer,3.375,2.6363636363636362,45.0,10.0,160.0,-1.9300788476490938,True,False,218.4
slow_delayed_observer,3.375,2.9545454545454546,45.0,10.0,160.0,-1.8888247657978643,True,False,218.45000000000002
slow_delayed_observer,3.375,3.2727272727272725,45.0,10.0,160.0,-1.8491174253256137,True,False,218.45000000000002
slow_delayed_observer,3.375,3.590909090909091,45.0,10.0,160.0,-1.810795391533498,True,False,218.5
slow_delayed_observer,3.375,3.909090909090909,45.0,10.0,160.0,-1.7737784296092831,True,False,218.5
slow_delayed_observer,3.375,4.227272727272727,45.0,10.0,160.0,-1.7379658040500952,True,False,218.55
slow_delayed_observer,3.375,4.545454545454545,45.0,10.0,160.0,-1.703270877916979,True,False,218.55
slow_delayed_observer,3.375,4.863636363636363,45.0,10.0,160.0,-1.6696180838514825,True,False,218.60000000000002
slow_delayed_observer,3.375,5.181818181818182,45.0,10.0,160.0,-1.636947239078438,True,False,218.65
slow_delayed_observer,3.375,5.5,45.0,10.0,160.0,-1.6052048108216446,True,False,218.70000000000002
slow_delayed_observer,3.375,5.818181818181818,45.0,10.0,160.0,-1.5743369733126282,True,False,218.70000000000002
slow_delayed_observer,3.375,6.136363636363637,45.0,10.0,160.0,-1.544291783305242,True,False,218.75
slow_delayed_observer,3.375,6.454545454545454,45.0,10.0,160.0,-1.5150373598019398,True,False,218.8
slow_delayed_observer,3.375,6.7727272727272725,45.0,10.0,160.0,-1.4865254269231707,True,False,218.85000000000002
slow_delayed_observer,3.375,7.090909090909091,45.0,10.0,160.0,-1.458724732154391,True,False,218.9
slow_delayed_observer,3.375,7.409090909090909,45.0,10.0,160.0,-1.4316036511763115,True,False,218.95000000000002
slow_delayed_observer,3.375,7.7272727272727275,45.0,10.0,160.0,-1.4051310607126584,True,False,219.0
slow_delayed_observer,3.375,8.045454545454545,45.0,10.0,160.0,-1.3792768760190546,True,False,219.05
slow_delayed_observer,3.375,8.363636363636363,45.0,10.0,160.0,-1.3540168385722129,True,False,219.10000000000002
slow_delayed_observer,3.375,8.681818181818182,45.0,10.0,160.0,-1.3293272925621418,True,False,219.20000000000002
slow_delayed_observer,3.375,9.0,45.0,10.0,160.0,-1.305185318025829,True,False,219.25
slow_delayed_observer,3.375,9.318181818181818,45.0,10.0,160.0,-1.2815679345597675,True,False,219.3
slow_delayed_observer,3.375,9.636363636363637,45.0,10.0,160.0,-1.2584565947675037,True,False,219.35000000000002
slow_delayed_observer,3.375,9.954545454545453,45.0,10.0,160.0,-1.2358329866198592,True,False,219.45000000000002
slow_delayed_observer,3.375,10.272727272727273,45.0,10.0,160.0,-1.2136792246824952,True,False,219.5
slow_delayed_observer,3.375,10.59090909090909,45.0,10.0,160.0,-1.1919779773970876,True,False,219.60000000000002
slow_delayed_observer,3.375,10.909090909090908,45.0,10.0,160.0,-1.170712547244468,True,False,219.65
slow_delayed_observer,3.375,11.227272727272727,45.0,10.0,160.0,-1.1498719841030478,True,False,219.75
slow_delayed_observer,3.375,11.545454545454545,45.0,10.0,160.0,-1.1294376457215987,True,False,219.8
slow_delayed_observer,3.375,11.863636363636363,45.0,10.0,160.0,-1.1093997915918576,True,False,219.9
slow_delayed_observer,3.375,12.181818181818182,45.0,10.0,160.0,-1.0897423761097258,True,False,220.0
slow_delayed_observer,3.375,12.5,45.0,10.0,160.0,-1.0704553980098166,True,False,
slow_delayed_observer,3.375,12.818181818181818,45.0,10.0,160.0,-1.051527785972776,True,False,
slow_delayed_observer,3.375,13.136363636363637,45.0,10.0,160.0,-1.0329471225559117,True,False,
slow_delayed_observer,3.375,13.454545454545455,45.0,10.0,160.0,-1.0147030806024089,True,False,
slow_delayed_observer,3.375,13.772727272727273,45.0,10.0,160.0,-0.9967855557902628,True,False,
slow_delayed_observer,3.375,14.09090909090909,45.0,10.0,160.0,-0.9791846876016551,True,False,
slow_delayed_observer,3.375,14.409090909090908,45.0,10.0,160.0,-0.9618923347053246,True,False,
slow_delayed_observer,3.375,14.727272727272727,45.0,10.0,160.0,-0.944898786255834,True,False,
slow_delayed_observer,3.375,15.045454545454545,45.0,10.0,160.0,-0.9281942583477545,True,False,
slow_delayed_observer,3.375,15.363636363636363,45.0,10.0,160.0,-0.9117717773824131,True,False,
slow_delayed_observer,3.375,15.681818181818182,45.0,10.0,160.0,-0.8956227794221003,True,False,
slow_delayed_observer,3.375,16.0,45.0,10.0,160.0,-0.8797392366687476,True,False,
slow_delayed_observer,3.5,2.0,45.0,10.0,160.0,-2.1296365668303943,True,False,220.0
slow_delayed_observer,3.5,2.3181818181818183,45.0,10.0,160.0,-2.083153028053289,True,False,
slow_delayed_observer,3.5,2.6363636363636362,45.0,10.0,160.0,-2.0386002864509116,True,False,
slow_delayed_observer,3.5,2.9545454545454546,45.0,10.0,160.0,-1.9958182756422291,True,False,
slow_delayed_observer,3.5,3.2727272727272725,45.0,10.0,160.0,-1.9546402929302669,True,False,
slow_delayed_observer,3.5,3.590909090909091,45.0,10.0,160.0,-1.914898924553256,True,False,
slow_delayed_observer,3.5,3.909090909090909,45.0,10.0,160.0,-1.8765109640392552,True,False,
slow_delayed_observer,3.5,4.227272727272727,45.0,10.0,160.0,-1.8393719449408397,True,False,
slow_delayed_observer,3.5,4.545454545454545,45.0,10.0,160.0,-1.8033920215435344,True,False,
slow_delayed_observer,3.5,4.863636363636363,45.0,10.0,160.0,-1.768492827697835,True,False,
slow_delayed_observer,3.5,5.181818181818182,45.0,10.0,160.0,-1.7346119516368987,True,False,
slow_delayed_observer,3.5,5.5,45.0,10.0,160.0,-1.7016938778891126,True,False,
slow_delayed_observer,3.5,5.818181818181818,45.0,10.0,160.0,-1.6696827871390219,True,False,
slow_delayed_observer,3.5,6.136363636363637,45.0,10.0,160.0,-1.6385248123165475,True,False,
slow_delayed_observer,3.5,6.454545454545454,45.0,10.0,160.0,-1.6081868916464537,True,False,
slow_delayed_observer,3.5,6.7727272727272725,45.0,10.0,160.0,-1.5786189612536559,True,False,
slow_delayed_observer,3.5,7.090909090909091,45.0,10.0,160.0,-1.5497886111230725,True,False,
slow_delayed_observer,3.5,7.409090909090909,45.0,10.0,160.0,-1.5216630456643239,True,False,
slow_delayed_observer,3.5,7.7272727272727275,45.0,10.0,160.0,-1.4942099888872002,True,False,
slow_delayed_observer,3.5,8.045454545454545,45.0,10.0,160.0,-1.4673982417975366,True,False,
slow_delayed_observer,3.5,8.363636363636363,45.0,10.0,160.0,-1.4412026474082213,True,False,
slow_delayed_observer,3.5,8.681818181818182,45.0,10.0,160.0,-1.4155986737681456,True,False,
slow_delayed_observer,3.5,9.0,45.0,10.0,160.0,-1.3905625520267857,True,False,
slow_delayed_observer,3.5,9.318181818181818,45.0,10.0,160.0,-1.3660704506545742,True,False,
slow_delayed_observer,3.5,9.636363636363637,45.0,10.0,160.0,-1.3421031353144492,True,False,
slow_delayed_observer,3.5,9.954545454545453,45.0,10.0,160.0,-1.3186416157539285,True,False,
slow_delayed_observer,3.5,10.272727272727273,45.0,10.0,160.0,-1.2956673441151798,True,False,
slow_delayed_observer,3.5,10.59090909090909,45.0,10.0,160.0,-1.2731623469303133,True,False,
slow_delayed_observer,3.5,10.909090909090908,45.0,10.0,160.0,-1.251109308253522,True,False,
slow_delayed_observer,3.5,11.227272727272727,45.0,10.0,160.0,-1.229496872403163,True,False,
slow_delayed_observer,3.5,11.545454545454545,45.0,10.0,160.0,-1.20830570667425,True,False,
slow_delayed_observer,3.5,11.863636363636363,45.0,10.0,160.0,-1.1875257097989642,True,False,
slow_delayed_observer,3.5,12.181818181818182,45.0,10.0,160.0,-1.1671402418915675,True,False,
slow_delayed_observer,3.5,12.5,45.0,10.0,160.0,-1.1471389312694389,True,False,
slow_delayed_observer,3.5,12.818181818181818,45.0,10.0,160.0,-1.1275102965643622,True,False,
slow_delayed_observer,3.5,13.136363636363637,45.0,10.0,160.0,-1.1082414604283568,True,False,
slow_delayed_observer,3.5,13.454545454545455,45.0,10.0,160.0,-1.0893217132173136,True,False,
slow_delayed_observer,3.5,13.772727272727273,45.0,10.0,160.0,-1.070740576375088,True,False,
slow_delayed_observer,3.5,14.09090909090909,45.0,10.0,160.0,-1.052487824179494,True,False,
slow_delayed_observer,3.5,14.409090909090908,45.0,10.0,160.0,-1.0345550137684825,True,False,
slow_delayed_observer,3.5,14.727272727272727,45.0,10.0,160.0,-1.01693207463568,True,False,
slow_delayed_observer,3.5,15.045454545454545,45.0,10.0,160.0,-0.9996088605087825,True,False,
slow_delayed_observer,3.5,15.363636363636363,45.0,10.0,160.0,-0.9825781395076876,True,False,
slow_delayed_observer,3.5,15.681818181818182,45.0,10.0,160.0,-0.9658310305118066,True,False,
slow_delayed_observer,3.5,16.0,45.0,10.0,160.0,-0.949359208397219,True,False,
slow_delayed_observer,3.625,2.0,45.0,10.0,160.0,-2.241409301360048,True,False,
slow_delayed_observer,3.625,2.3181818181818183,45.0,10.0,160.0,-2.19326563619805,True,False,
slow_delayed_observer,3.625,2.6363636363636362,45.0,10.0,160.0,-2.1471217252527275,True,False,
slow_delayed_observer,3.625,2.9545454545454546,45.0,10.0,160.0,-2.102811785486596,True,False,
slow_delayed_observer,3.625,3.2727272727272725,45.0,10.0,160.0,-2.0601631605349175,True,False,
slow_delayed_observer,3.625,3.590909090909091,45.0,10.0,160.0,-2.0190024575730177,True,False,
slow_delayed_observer,3.625,3.909090909090909,45.0,10.0,160.0,-1.97924349846923,True,False,
slow_delayed_observer,3.625,4.227272727272727,45.0,10.0,160.0,-1.940778085831582,True,False,
slow_delayed_observer,3.625,4.545454545454545,45.0,10.0,160.0,-1.9035131651700872,True,False,
slow_delayed_observer,3.625,4.863636363636363,45.0,10.0,160.0,-1.8673675715441846,True,False,
slow_delayed_observer,3.625,5.181818181818182,45.0,10.0,160.0,-1.8322766641953605,True,False,
slow_delayed_observer,3.625,5.5,45.0,10.0,160.0,-1.798182944956584,True,False,
slow_delayed_observer,3.625,5.818181818181818,45.0,10.0,160.0,-1.7650286009654146,True,False,
slow_delayed_observer,3.625,6.136363636363637,45.0,10.0,160.0,-1.7327578413278535,True,False,
slow_delayed_observer,3.625,6.454545454545454,45.0,10.0,160.0,-1.7013364234909691,True,False,
slow_delayed_observer,3.625,6.7727272727272725,45.0,10.0,160.0,-1.6707124955841428,True,False,
slow_delayed_observer,3.625,7.090909090909091,45.0,10.0,160.0,-1.6408524900917536,True,False,
slow_delayed_observer,3.625,7.409090909090909,45.0,10.0,160.0,-1.6117224401523345,True,False,
slow_delayed_observer,3.625,7.7272727272727275,45.0,10.0,160.0,-1.5832889170617426,True,False,
slow_delayed_observer,3.625,8.045454545454545,45.0,10.0,160.0,-1.5555196075760207,True,False,
slow_delayed_observer,3.625,8.363636363636363,45.0,10.0,160.0,-1.5283884562442291,True,False,
slow_delayed_observer,3.625,8.681818181818182,45.0,10.0,160.0,-1.5018700549741517,True,False,
slow_delayed_observer,3.625,9.0,45.0,10.0,160.0,-1.475939786027742,True,False,
slow_delayed_observer,3.625,9.318181818181818,45.0,10.0,160.0,-1.4505729667493807,True,False,
slow_delayed_observer,3.625,9.636363636363637,45.0,10.0,160.0,-1.425749675861391,True,False,
slow_delayed_observer,3.625,9.954545454545453,45.0,10.0,160.0,-1.4014502448879977,True,False,
slow_delayed_observer,3.625,10.272727272727273,45.0,10.0,160.0,-1.377655463547866,True,False,
slow_delayed_observer,3.625,10.59090909090909,45.0,10.0,160.0,-1.35434671646354,True,False,
slow_delayed_observer,3.625,10.909090909090908,45.0,10.0,160.0,-1.331506069262578,True,False,
slow_delayed_observer,3.625,11.227272727272727,45.0,10.0,160.0,-1.3091217607032761,True,False,
slow_delayed_observer,3.625,11.545454545454545,45.0,10.0,160.0,-1.2871737676269008,True,False,
slow_delayed_observer,3.625,11.863636363636363,45.0,10.0,160.0,-1.2656516280060714,True,False,
slow_delayed_observer,3.625,12.181818181818182,45.0,10.0,160.0,-1.244538107673409,True,False,
slow_delayed_observer,3.625,12.5,45.0,10.0,160.0,-1.2238224645290623,True,False,
slow_delayed_observer,3.625,12.818181818181818,45.0,10.0,160.0,-1.2034928071559468,True,False,
slow_delayed_observer,3.625,13.136363636363637,45.0,10.0,160.0,-1.1835357983007966,True,False,
slow_delayed_observer,3.625,13.454545454545455,45.0,10.0,160.0,-1.1639403458322175,True,False,
slow_delayed_observer,3.625,13.772727272727273,45.0,10.0,160.0,-1.144695596959911,True,False,
slow_delayed_observer,3.625,14.09090909090909,45.0,10.0,160.0,-1.1257909607573324,True,False,
slow_delayed_observer,3.625,14.409090909090908,45.0,10.0,160.0,-1.1072176928316433,True,False,
slow_delayed_observer,3.625,14.727272727272727,45.0,10.0,160.0,-1.0889653630155256,True,False,
slow_delayed_observer,3.625,15.045454545454545,45.0,10.0,160.0,-1.0710234626698114,True,False,
slow_delayed_observer,3.625,15.363636363636363,45.0,10.0,160.0,-1.053384501632962,True,False,
slow_delayed_observer,3.625,15.681818181818182,45.0,10.0,160.0,-1.0360392816015158,True,False,
slow_delayed_observer,3.625,16.0,45.0,10.0,160.0,-1.0189791801256918,True,False,
slow_delayed_observer,3.75,2.0,45.0,10.0,160.0,-2.3531820358897066,True,False,
slow_delayed_observer,3.75,2.3181818181818183,45.0,10.0,160.0,-2.303378244342808,True,False,
slow_delayed_observer,3.75,2.6363636363636362,45.0,10.0,160.0,-2.25564316405455,True,False,
slow_delayed_observer,3.75,2.9545454545454546,45.0,10.0,160.0,-2.209805295330961,True,False,
slow_delayed_observer,3.75,3.2727272727272725,45.0,10.0,160.0,-2.165686028139571,True,False,
slow_delayed_observer,3.75,3.590909090909091,45.0,10.0,160.0,-2.1231059905927756,True,False,
slow_delayed_observer,3.75,3.909090909090909,45.0,10.0,160.0,-2.0819760328992025,True,False,
slow_delayed_observer,3.75,4.227272727272727,45.0,10.0,160.0,-2.042184226722325,True,False,
slow_delayed_observer,3.75,4.545454545454545,45.0,10.0,160.0,-2.003634308796643,True,False,
slow_delayed_observer,3.75,4.863636363636363,45.0,10.0,160.0,-1.9662423153905373,True,False,
slow_delayed_observer,3.75,5.181818181818182,45.0,10.0,160.0,-1.929941376753822,True,False,
slow_delayed_observer,3.75,5.5,45.0,10.0,160.0,-1.894672012024049,True,False,
slow_delayed_observer,3.75,5.818181818181818,45.0,10.0,160.0,-1.8603744147918093,True,False,
slow_delayed_observer,3.75,6.136363636363637,45.0,10.0,160.0,-1.8269908703391584,True,False,
slow_delayed_observer,3.75,6.454545454545454,45.0,10.0,160.0,-1.7944859553354866,True,False,
slow_delayed_observer,3.75,6.7727272727272725,45.0,10.0,160.0,-1.7628060299146342,True,False,
slow_delayed_observer,3.75,7.090909090909091,45.0,10.0,160.0,-1.7319163690604353,True,False,
slow_delayed_observer,3.75,7.409090909090909,45.0,10.0,160.0,-1.7017818346403473,True,False,
slow_delayed_observer,3.75,7.7272727272727275,45.0,10.0,160.0,-1.6723678452362858,True,False,
slow_delayed_observer,3.75,8.045454545454545,45.0,10.0,160.0,-1.6436409733545054,True,False,
slow_delayed_observer,3.75,8.363636363636363,45.0,10.0,160.0,-1.6155742650802385,True,False,
slow_delayed_observer,3.75,8.681818181818182,45.0,10.0,160.0,-1.5881414361801556,True,False,
slow_delayed_observer,3.75,9.0,45.0,10.0,160.0,-1.5613170200286992,True,False,
slow_delayed_observer,3.75,9.318181818181818,45.0,10.0,160.0,-1.5350754828441877,True,False,
slow_delayed_observer,3.75,9.636363636363637,45.0,10.0,160.0,-1.5093962164083372,True,False,
slow_delayed_observer,3.75,9.954545454545453,45.0,10.0,160.0,-1.4842588740220644,True,False,
slow_delayed_observer,3.75,10.272727272727273,45.0,10.0,160.0,-1.45964358298055,True,False,
slow_delayed_observer,3.75,10.59090909090909,45.0,10.0,160.0,-1.4355310859967658,True,False,
slow_delayed_observer,3.75,10.909090909090908,45.0,10.0,160.0,-1.411902830271632,True,False,
slow_delayed_observer,3.75,11.227272727272727,45.0,10.0,160.0,-1.388746649003389,True,False,
slow_delayed_observer,3.75,11.545454545454545,45.0,10.0,160.0,-1.366041828579551,True,False,
slow_delayed_observer,3.75,11.863636363636363,45.0,10.0,160.0,-1.3437775462131774,True,False,
slow_delayed_observer,3.75,12.181818181818182,45.0,10.0,160.0,-1.321935973455252,True,False,
slow_delayed_observer,3.75,12.5,45.0,10.0,160.0,-1.3005059977886828,True,False,
slow_delayed_observer,3.75,12.818181818181818,45.0,10.0,160.0,-1.2794753177475287,True,False,
slow_delayed_observer,3.75,13.136363636363637,45.0,10.0,160.0,-1.258830136173236,True,False,
slow_delayed_observer,3.75,13.454545454545455,45.0,10.0,160.0,-1.2385589784471214,True,False,
slow_delayed_observer,3.75,13.772727272727273,45.0,10.0,160.0,-1.218650617544736,True,False,
slow_delayed_observer,3.75,14.09090909090909,45.0,10.0,160.0,-1.1990940973351716,True,False,
slow_delayed_observer,3.75,14.409090909090908,45.0,10.0,160.0,-1.1798803718948043,True,False,
slow_delayed_observer,3.75,14.727272727272727,45.0,10.0,160.0,-1.1609986513953716,True,False,
slow_delayed_observer,3.75,15.045454545454545,45.0,10.0,160.0,-1.1424380648308385,True,False,
slow_delayed_observer,3.75,15.363636363636363,45.0,10.0,160.0,-1.1241908637582365,True,False,
slow_delayed_observer,3.75,15.681818181818182,45.0,10.0,160.0,-1.1062475326912216,True,False,
slow_delayed_observer,3.75,16.0,45.0,10.0,160.0,-1.0885991518541642,True,False,
slow_delayed_observer,3.875,2.0,45.0,10.0,160.0,-2.464954770419363,True,False,
slow_delayed_observer,3.875,2.3181818181818183,45.0,10.0,160.0,-2.41349085248757,True,False,
slow_delayed_observer,3.875,2.6363636363636362,45.0,10.0,160.0,-2.364164602856366,True,False,
slow_delayed_observer,3.875,2.9545454545454546,45.0,10.0,160.0,-2.3167988051753263,True,False,
slow_delayed_observer,3.875,3.2727272727272725,45.0,10.0,160.0,-2.2712088957442242,True,False,
slow_delayed_observer,3.875,3.590909090909091,45.0,10.0,160.0,-2.2272095236125367,True,False,
slow_delayed_observer,3.875,3.909090909090909,45.0,10.0,160.0,-2.184708567329177,True,False,
slow_delayed_observer,3.875,4.227272727272727,45.0,10.0,160.0,-2.143590367613073,True,False,
slow_delayed_observer,3.875,4.545454545454545,45.0,10.0,160.0,-2.1037554524231967,True,False,
slow_delayed_observer,3.875,4.863636363636363,45.0,10.0,160.0,-2.065117059236887,True,False,
slow_delayed_observer,3.875,5.181818181818182,45.0,10.0,160.0,-2.0276060893122807,True,False,
slow_delayed_observer,3.875,5.5,45.0,10.0,160.0,-1.9911610790915166,True,False,
slow_delayed_observer,3.875,5.818181818181818,45.0,10.0,160.0,-1.9557202286182038,True,False,
slow_delayed_observer,3.875,6.136363636363637,45.0,10.0,160.0,-1.9212238993504636,True,False,
slow_delayed_observer,3.875,6.454545454545454,45.0,10.0,160.0,-1.8876354871800025,True,False,
slow_delayed_observer,3.875,6.7727272727272725,45.0,10.0,160.0,-1.8548995642451211,True,False,
slow_delayed_observer,3.875,7.090909090909091,45.0,10.0,160.0,-1.822980248029116,True,False,
slow_delayed_observer,3.875,7.409090909090909,45.0,10.0,160.0,-1.791841229128358,True,False,
slow_delayed_observer,3.875,7.7272727272727275,45.0,10.0,160.0,-1.7614467734108306,True,False,
slow_delayed_observer,3.875,8.045454545454545,45.0,10.0,160.0,-1.7317623391329868,True,False,
slow_delayed_observer,3.875,8.363636363636363,45.0,10.0,160.0,-1.7027600739162443,True,False,
slow_delayed_observer,3.875,8.681818181818182,45.0,10.0,160.0,-1.6744128173861612,True,False,
slow_delayed_observer,3.875,9.0,45.0,10.0,160.0,-1.6466942540296556,True,False,
slow_delayed_observer,3.875,9.318181818181818,45.0,10.0,160.0,-1.6195779989389933,True,False,
slow_delayed_observer,3.875,9.636363636363637,45.0,10.0,160.0,-1.5930427569552803,True,False,
slow_delayed_observer,3.875,9.954545454545453,45.0,10.0,160.0,-1.5670675031561336,True,False,
slow_delayed_observer,3.875,10.272727272727273,45.0,10.0,160.0,-1.5416317024132338,True,False,
slow_delayed_observer,3.875,10.59090909090909,45.0,10.0,160.0,-1.5167154555299889,True,False,
slow_delayed_observer,3.875,10.909090909090908,45.0,10.0,160.0,-1.492299591280685,True,False,
slow_delayed_observer,3.875,11.227272727272727,45.0,10.0,160.0,-1.468371537303502,True,False,
slow_delayed_observer,3.875,11.545454545454545,45.0,10.0,160.0,-1.4449098895322043,True,False,
slow_delayed_observer,3.875,11.863636363636363,45.0,10.0,160.0,-1.4219034644202833,True,False,
slow_delayed_observer,3.875,12.181818181818182,45.0,10.0,160.0,-1.3993338392370938,True,False,
slow_delayed_observer,3.875,12.5,45.0,10.0,160.0,-1.3771895310483075,True,False,
slow_delayed_observer,3.875,12.818181818181818,45.0,10.0,160.0,-1.3554578283391145,True,False,
slow_delayed_observer,3.875,13.136363636363637,45.0,10.0,160.0,-1.33412447404568,True,False,
slow_delayed_observer,3.875,13.454545454545455,45.0,10.0,160.0,-1.313177611062027,True,False,
slow_delayed_observer,3.875,13.772727272727273,45.0,10.0,160.0,-1.2926056381295608,True,False,
slow_delayed_observer,3.875,14.09090909090909,45.0,10.0,160.0,-1.272397233913011,True,False,
slow_delayed_observer,3.875,14.409090909090908,45.0,10.0,160.0,-1.2525430509579651,True,False,
slow_delayed_observer,3.875,14.727272727272727,45.0,10.0,160.0,-1.2330319397752174,True,False,
slow_delayed_observer,3.875,15.045454545454545,45.0,10.0,160.0,-1.213852666991865,True,False,
slow_delayed_observer,3.875,15.363636363636363,45.0,10.0,160.0,-1.1949972258835102,True,False,
slow_delayed_observer,3.875,15.681818181818182,45.0,10.0,160.0,-1.1764557837809304,True,False,
slow_delayed_observer,3.875,16.0,45.0,10.0,160.0,-1.1582191235826373,True,False,
slow_delayed_observer,4.0,2.0,45.0,10.0,160.0,-2.5767275049490217,True,False,
slow_delayed_observer,4.0,2.3181818181818183,45.0,10.0,160.0,-2.5236034606323305,True,False,
slow_delayed_observer,4.0,2.6363636363636362,45.0,10.0,160.0,-2.472686041658187,True,False,
slow_delayed_observer,4.0,2.9545454545454546,45.0,10.0,160.0,-2.4237923150196905,True,False,
slow_delayed_observer,4.0,3.2727272727272725,45.0,10.0,160.0,-2.376731763348875,True,False,
slow_delayed_observer,4.0,3.590909090909091,45.0,10.0,160.0,-2.3313130566322937,True,False,
slow_delayed_observer,4.0,3.909090909090909,45.0,10.0,160.0,-2.2874411017591503,True,False,
slow_delayed_observer,4.0,4.227272727272727,45.0,10.0,160.0,-2.2449965085038146,True,False,
slow_delayed_observer,4.0,4.545454545454545,45.0,10.0,160.0,-2.203876596049751,True,False,
slow_delayed_observer,4.0,4.863636363636363,45.0,10.0,160.0,-2.163991803083238,True,False,
slow_delayed_observer,4.0,5.181818181818182,45.0,10.0,160.0,-2.1252708018707427,True,False,
slow_delayed_observer,4.0,5.5,45.0,10.0,160.0,-2.0876501461589823,True,False,
slow_delayed_observer,4.0,5.818181818181818,45.0,10.0,160.0,-2.051066042444597,True,False,
slow_delayed_observer,4.0,6.136363636363637,45.0,10.0,160.0,-2.0154569283617705,True,False,
slow_delayed_observer,4.0,6.454545454545454,45.0,10.0,160.0,-1.9807850190245204,True,False,
slow_delayed_observer,4.0,6.7727272727272725,45.0,10.0,160.0,-1.9469930985756074,True,False,
slow_delayed_observer,4.0,7.090909090909091,45.0,10.0,160.0,-1.9140441269977968,True,False,
slow_delayed_observer,4.0,7.409090909090909,45.0,10.0,160.0,-1.8819006236163707,True,False,
slow_delayed_observer,4.0,7.7272727272727275,45.0,10.0,160.0,-1.8505257015853722,True,False,
slow_delayed_observer,4.0,8.045454545454545,45.0,10.0,160.0,-1.8198837049114713,True,False,
slow_delayed_observer,4.0,8.363636363636363,45.0,10.0,160.0,-1.789945882752253,True,False,
slow_delayed_observer,4.0,8.681818181818182,45.0,10.0,160.0,-1.760684198592167,True,False,
slow_delayed_observer,4.0,9.0,45.0,10.0,160.0,-1.7320714880306114,True,False,
slow_delayed_observer,4.0,9.318181818181818,45.0,10.0,160.0,-1.7040805150337985,True,False,
slow_delayed_observer,4.0,9.636363636363637,45.0,10.0,160.0,-1.6766892975022254,True,False,
slow_delayed_observer,4.0,9.954545454545453,45.0,10.0,160.0,-1.6498761322902045,True,False,
slow_delayed_observer,4.0,10.272727272727273,45.0,10.0,160.0,-1.6236198218459208,True,False,
slow_delayed_observer,4.0,10.59090909090909,45.0,10.0,160.0,-1.5978998250632146,True,False,
slow_delayed_observer,4.0,10.909090909090908,45.0,10.0,160.0,-1.5726963522897413,True,False,
slow_delayed_observer,4.0,11.227272727272727,45.0,10.0,160.0,-1.5479964256036127,True,False,
slow_delayed_observer,4.0,11.545454545454545,45.0,10.0,160.0,-1.5237779504848572,True,False,
slow_delayed_observer,4.0,11.863636363636363,45.0,10.0,160.0,-1.5000293826273894,True,False,
slow_delayed_observer,4.0,12.181818181818182,45.0,10.0,160.0,-1.4767317050189348,True,False,
slow_delayed_observer,4.0,12.5,45.0,10.0,160.0,-1.4538730643079285,True,False,
slow_delayed_observer,4.0,12.818181818181818,45.0,10.0,160.0,-1.431440338930701,True,False,
slow_delayed_observer,4.0,13.136363636363637,45.0,10.0,160.0,-1.4094188119181212,True,False,
slow_delayed_observer,4.0,13.454545454545455,45.0,10.0,160.0,-1.3877962436769298,True,False,
slow_delayed_observer,4.0,13.772727272727273,45.0,10.0,160.0,-1.3665606587143873,True,False,
slow_delayed_observer,4.0,14.09090909090909,45.0,10.0,160.0,-1.345700370490849,True,False,
slow_delayed_observer,4.0,14.409090909090908,45.0,10.0,160.0,-1.3252057300211244,True,False,
slow_delayed_observer,4.0,14.727272727272727,45.0,10.0,160.0,-1.305065228155064,True,False,
slow_delayed_observer,4.0,15.045454545454545,45.0,10.0,160.0,-1.2852672691528928,True,False,
slow_delayed_observer,4.0,15.363636363636363,45.0,10.0,160.0,-1.2658035880087857,True,False,
slow_delayed_observer,4.0,15.681818181818182,45.0,10.0,160.0,-1.246664034870636,True,False,
slow_delayed_observer,4.0,16.0,45.0,10.0,160.0,-1.2278390953111082,True,False,
slow_delayed_observer,4.125,2.0,45.0,10.0,160.0,-2.6885002394786772,True,False,
slow_delayed_observer,4.125,2.3181818181818183,45.0,10.0,160.0,-2.6337160687770913,True,False,
slow_delayed_observer,4.125,2.6363636363636362,45.0,10.0,160.0,-2.581207480460005,True,False,
slow_delayed_observer,4.125,2.9545454545454546,45.0,10.0,160.0,-2.5307858248640556,True,False,
slow_delayed_observer,4.125,3.2727272727272725,45.0,10.0,160.0,-2.4822546309535283,True,False,
slow_delayed_observer,4.125,3.590909090909091,45.0,10.0,160.0,-2.4354165896520534,True,False,
slow_delayed_observer,4.125,3.909090909090909,45.0,10.0,160.0,-2.390173636189126,True,False,
slow_delayed_observer,4.125,4.227272727272727,45.0,10.0,160.0,-2.3464026493945602,True,False,
slow_delayed_observer,4.125,4.545454545454545,45.0,10.0,160.0,-2.3039977396763067,True,False,
slow_delayed_observer,4.125,4.863636363636363,45.0,10.0,160.0,-2.262866546929591,True,False,
slow_delayed_observer,4.125,5.181818181818182,45.0,10.0,160.0,-2.222935514429202,True,False,
slow_delayed_observer,4.125,5.5,45.0,10.0,160.0,-2.1841392132264557,True,False,
slow_delayed_observer,4.125,5.818181818181818,45.0,10.0,160.0,-2.1464118562709884,True,False,
slow_delayed_observer,4.125,6.136363636363637,45.0,10.0,160.0,-2.109689957373076,True,False,
slow_delayed_observer,4.125,6.454545454545454,45.0,10.0,160.0,-2.0739345508690343,True,False,
slow_delayed_observer,4.125,6.7727272727272725,45.0,10.0,160.0,-2.039086632906097,True,False,
slow_delayed_observer,4.125,7.090909090909091,45.0,10.0,160.0,-2.0051080059664765,True,False,
slow_delayed_observer,4.125,7.409090909090909,45.0,10.0,160.0,-1.971960018104382,True,False,
slow_delayed_observer,4.125,7.7272727272727275,45.0,10.0,160.0,-1.9396046297599152,True,False,
slow_delayed_observer,4.125,8.045454545454545,45.0,10.0,160.0,-1.9080050706899545,True,False,
slow_delayed_observer,4.125,8.363636363636363,45.0,10.0,160.0,-1.8771316915882614,True,False,
slow_delayed_observer,4.125,8.681818181818182,45.0,10.0,160.0,-1.8469555797981723,True,False,
slow_delayed_observer,4.125,9.0,45.0,10.0,160.0,-1.817448722031569,True,False,
slow_delayed_observer,4.125,9.318181818181818,45.0,10.0,160.0,-1.7885830311286053,True,False,
slow_delayed_observer,4.125,9.636363636363637,45.0,10.0,160.0,-1.76033583804917,True,False,
slow_delayed_observer,4.125,9.954545454545453,45.0,10.0,160.0,-1.7326847614242729,True,False,
slow_delayed_observer,4.125,10.272727272727273,45.0,10.0,160.0,-1.705607941278605,True,False,
slow_delayed_observer,4.125,10.59090909090909,45.0,10.0,160.0,-1.6790841945964425,True,False,
slow_delayed_observer,4.125,10.909090909090908,45.0,10.0,160.0,-1.6530931132987954,True,False,
slow_delayed_observer,4.125,11.227272727272727,45.0,10.0,160.0,-1.627621313903728,True,False,
slow_delayed_observer,4.125,11.545454545454545,45.0,10.0,160.0,-1.6026460114375065,True,False,
slow_delayed_observer,4.125,11.863636363636363,45.0,10.0,160.0,-1.5781553008344962,True,False,
slow_delayed_observer,4.125,12.181818181818182,45.0,10.0,160.0,-1.554129570800776,True,False,
slow_delayed_observer,4.125,12.5,45.0,10.0,160.0,-1.530556597567554,True,False,
slow_delayed_observer,4.125,12.818181818181818,45.0,10.0,160.0,-1.5074228495222826,True,False,
slow_delayed_observer,4.125,13.136363636363637,45.0,10.0,160.0,-1.4847131497905608,True,False,
slow_delayed_observer,4.125,13.454545454545455,45.0,10.0,160.0,-1.462414876291833,True,False,
slow_delayed_observer,4.125,13.772727272727273,45.0,10.0,160.0,-1.4405156792992115,True,False,
slow_delayed_observer,4.125,14.09090909090909,45.0,10.0,160.0,-1.4190035070686913,True,False,
slow_delayed_observer,4.125,14.409090909090908,45.0,10.0,160.0,-1.3978684090842854,True,False,
slow_delayed_observer,4.125,14.727272727272727,45.0,10.0,160.0,-1.3770985165349086,True,False,
slow_delayed_observer,4.125,15.045454545454545,45.0,10.0,160.0,-1.3566818713139228,True,False,
slow_delayed_observer,4.125,15.363636363636363,45.0,10.0,160.0,-1.3366099501340611,True,False,
slow_delayed_observer,4.125,15.681818181818182,45.0,10.0,160.0,-1.3168722859603443,True,False,
slow_delayed_observer,4.125,16.0,45.0,10.0,160.0,-1.2974590670395778,True,False,
slow_delayed_observer,4.25,2.0,45.0,10.0,160.0,-2.800272974008334,True,False,
slow_delayed_observer,4.25,2.3181818181818183,45.0,10.0,160.0,-2.743828676921851,True,False,
slow_delayed_observer,4.25,2.6363636363636362,45.0,10.0,160.0,-2.6897289192618206,True,False,
slow_delayed_observer,4.25,2.9545454545454546,45.0,10.0,160.0,-2.6377793347084215,True,False,
slow_delayed_observer,4.25,3.2727272727272725,45.0,10.0,160.0,-2.5877774985581787,True,False,
slow_delayed_observer,4.25,3.590909090909091,45.0,10.0,160.0,-2.539520122671812,True,False,
slow_delayed_observer,4.25,3.909090909090909,45.0,10.0,160.0,-2.492906170619097,True,False,
slow_delayed_observer,4.25,4.227272727272727,45.0,10.0,160.0,-2.447808790285304,True,False,
slow_delayed_observer,4.25,4.545454545454545,45.0,10.0,160.0,-2.404118883302861,True,False,
slow_delayed_observer,4.25,4.863636363636363,45.0,10.0,160.0,-2.3617412907759414,True,False,
slow_delayed_observer,4.25,5.181818181818182,45.0,10.0,160.0,-2.3206002269876644,True,False,
slow_delayed_observer,4.25,5.5,45.0,10.0,160.0,-2.2806282802939255,True,False,
slow_delayed_observer,4.25,5.818181818181818,45.0,10.0,160.0,-2.241757670097383,True,False,
slow_delayed_observer,4.25,6.136363636363637,45.0,10.0,160.0,-2.20392298638438,True,False,
slow_delayed_observer,4.25,6.454545454545454,45.0,10.0,160.0,-2.167084082713552,True,False,
slow_delayed_observer,4.25,6.7727272727272725,45.0,10.0,160.0,-2.131180167236584,True,False,
slow_delayed_observer,4.25,7.090909090909091,45.0,10.0,160.0,-2.096171884935158,True,False,
slow_delayed_observer,4.25,7.409090909090909,45.0,10.0,160.0,-2.062019412592392,True,False,
slow_delayed_observer,4.25,7.7272727272727275,45.0,10.0,160.0,-2.028683557934458,True,False,
slow_delayed_observer,4.25,8.045454545454545,45.0,10.0,160.0,-1.996126436468437,True,False,
slow_delayed_observer,4.25,8.363636363636363,45.0,10.0,160.0,-1.9643175004242708,True,False,
slow_delayed_observer,4.25,8.681818181818182,45.0,10.0,160.0,-1.9332269610041748,True,False,
slow_delayed_observer,4.25,9.0,45.0,10.0,160.0,-1.9028259560325227,True,False,
slow_delayed_observer,4.25,9.318181818181818,45.0,10.0,160.0,-1.8730855472234131,True,False,
slow_delayed_observer,4.25,9.636363636363637,45.0,10.0,160.0,-1.843982378596116,True,False,
slow_delayed_observer,4.25,9.954545454545453,45.0,10.0,160.0,-1.8154933905583415,True,False,
slow_delayed_observer,4.25,10.272727272727273,45.0,10.0,160.0,-1.7875960607112897,True,False,
slow_delayed_observer,4.25,10.59090909090909,45.0,10.0,160.0,-1.760268564129667,True,False,
slow_delayed_observer,4.25,10.909090909090908,45.0,10.0,160.0,-1.7334898743078508,True,False,
slow_delayed_observer,4.25,11.227272727272727,45.0,10.0,160.0,-1.7072462022038413,True,False,
slow_delayed_observer,4.25,11.545454545454545,45.0,10.0,160.0,-1.6815140723901574,True,False,
slow_delayed_observer,4.25,11.863636363636363,45.0,10.0,160.0,-1.6562812190416014,True,False,
slow_delayed_observer,4.25,12.181818181818182,45.0,10.0,160.0,-1.6315274365826165,True,False,
slow_delayed_observer,4.25,12.5,45.0,10.0,160.0,-1.6072401308271747,True,False,
slow_delayed_observer,4.25,12.818181818181818,45.0,10.0,160.0,-1.5834053601138662,True,False,
slow_delayed_observer,4.25,13.136363636363637,45.0,10.0,160.0,-1.5600074876630003,True,False,
slow_delayed_observer,4.25,13.454545454545455,45.0,10.0,160.0,-1.5370335089067375,True,False,
slow_delayed_observer,4.25,13.772727272727273,45.0,10.0,160.0,-1.5144706998840343,True,False,
slow_delayed_observer,4.25,14.09090909090909,45.0,10.0,160.0,-1.49230664364653,True,False,
slow_delayed_observer,4.25,14.409090909090908,45.0,10.0,160.0,-1.4705310881474443,True,False,
slow_delayed_observer,4.25,14.727272727272727,45.0,10.0,160.0,-1.449131804914755,True,False,
slow_delayed_observer,4.25,15.045454545454545,45.0,10.0,160.0,-1.4280964734749484,True,False,
slow_delayed_observer,4.25,15.363636363636363,45.0,10.0,160.0,-1.4074163122593346,True,False,
slow_delayed_observer,4.25,15.681818181818182,45.0,10.0,160.0,-1.3870805370500514,True,False,
slow_delayed_observer,4.25,16.0,45.0,10.0,160.0,-1.3670790387680514,True,False,
slow_delayed_observer,4.375,2.0,45.0,10.0,160.0,-2.9120457085379914,True,False,
slow_delayed_observer,4.375,2.3181818181818183,45.0,10.0,160.0,-2.8539412850666115,True,False,
slow_delayed_observer,4.375,2.6363636363636362,45.0,10.0,160.0,-2.7982503580636404,True,False,
slow_delayed_observer,4.375,2.9545454545454546,45.0,10.0,160.0,-2.7447728445527853,True,False,
slow_delayed_observer,4.375,3.2727272727272725,45.0,10.0,160.0,-2.693300366162834,True,False,
slow_delayed_observer,4.375,3.590909090909091,45.0,10.0,160.0,-2.643623655691572,True,False,
slow_delayed_observer,4.375,3.909090909090909,45.0,10.0,160.0,-2.5956387050490703,True,False,
slow_delayed_observer,4.375,4.227272727272727,45.0,10.0,160.0,-2.549214931176049,True,False,
slow_delayed_observer,4.375,4.545454545454545,45.0,10.0,160.0,-2.504240026929416,True,False,
slow_delayed_observer,4.375,4.863636363636363,45.0,10.0,160.0,-2.460616034622293,True,False,
slow_delayed_observer,4.375,5.181818181818182,45.0,10.0,160.0,-2.4182649395461238,True,False,
slow_delayed_observer,4.375,5.5,45.0,10.0,160.0,-2.3771173473613896,True,False,
slow_delayed_observer,4.375,5.818181818181818,45.0,10.0,160.0,-2.3371034839237774,True,False,
slow_delayed_observer,4.375,6.136363636363637,45.0,10.0,160.0,-2.298156015395686,True,False,
slow_delayed_observer,4.375,6.454545454545454,45.0,10.0,160.0,-2.26023361455807,True,False,
slow_delayed_observer,4.375,6.7727272727272725,45.0,10.0,160.0,-2.223273701567072,True,False,
slow_delayed_observer,4.375,7.090909090909091,45.0,10.0,160.0,-2.187235763903841,True,False,
slow_delayed_observer,4.375,7.409090909090909,45.0,10.0,160.0,-2.152078807080404,True,False,
slow_delayed_observer,4.375,7.7272727272727275,45.0,10.0,160.0,-2.117762486109002,True,False,
slow_delayed_observer,4.375,8.045454545454545,45.0,10.0,160.0,-2.084247802246923,True,False,
slow_delayed_observer,4.375,8.363636363636363,45.0,10.0,160.0,-2.0515033092602772,True,False,
slow_delayed_observer,4.375,8.681818181818182,45.0,10.0,160.0,-2.0194983422101824,True,False,
slow_delayed_observer,4.375,9.0,45.0,10.0,160.0,-1.9882031900334818,True,False,
slow_delayed_observer,4.375,9.318181818181818,45.0,10.0,160.0,-1.9575880633182172,True,False,
slow_delayed_observer,4.375,9.636363636363637,45.0,10.0,160.0,-1.9276289191430607,True,False,
slow_delayed_observer,4.375,9.954545454545453,45.0,10.0,160.0,-1.8983020196924076,True,False,
slow_delayed_observer,4.375,10.272727272727273,45.0,10.0,160.0,-1.8695841801439748,True,False,
slow_delayed_observer,4.375,10.59090909090909,45.0,10.0,160.0,-1.8414529336628918,True,False,
slow_delayed_observer,4.375,10.909090909090908,45.0,10.0,160.0,-1.813886635316903,True,False,
slow_delayed_observer,4.375,11.227272727272727,45.0,10.0,160.0,-1.7868710905039529,True,False,
slow_delayed_observer,4.375,11.545454545454545,45.0,10.0,160.0,-1.7603821333428105,True,False,
slow_delayed_observer,4.375,11.863636363636363,45.0,10.0,160.0,-1.7344071372487055,True,False,
slow_delayed_observer,4.375,12.181818181818182,45.0,10.0,160.0,-1.708925302364459,True,False,
slow_delayed_observer,4.375,12.5,45.0,10.0,160.0,-1.6839236640867994,True,False,
slow_delayed_observer,4.375,12.818181818181818,45.0,10.0,160.0,-1.6593878707054521,True,False,
slow_delayed_observer,4.375,13.136363636363637,45.0,10.0,160.0,-1.6353018255354417,True,False,
slow_delayed_observer,4.375,13.454545454545455,45.0,10.0,160.0,-1.611652141521644,True,False,
slow_delayed_observer,4.375,13.772727272727273,45.0,10.0,160.0,-1.5884257204688577,True,False,
slow_delayed_observer,4.375,14.09090909090909,45.0,10.0,160.0,-1.5656097802243674,True,False,
slow_delayed_observer,4.375,14.409090909090908,45.0,10.0,160.0,-1.543193767210604,True,False,
slow_delayed_observer,4.375,14.727272727272727,45.0,10.0,160.0,-1.5211650932946026,True,False,
slow_delayed_observer,4.375,15.045454545454545,45.0,10.0,160.0,-1.499511075635978,True,False,
slow_delayed_observer,4.375,15.363636363636363,45.0,10.0,160.0,-1.478222674384608,True,False,
slow_delayed_observer,4.375,15.681818181818182,45.0,10.0,160.0,-1.4572887881397603,True,False,
slow_delayed_observer,4.375,16.0,45.0,10.0,160.0,-1.4366990104965234,True,False,
slow_delayed_observer,4.5,2.0,45.0,10.0,160.0,-3.023818443067647,True,False,
slow_delayed_observer,4.5,2.3181818181818183,45.0,10.0,160.0,-2.964053893211372,True,False,
slow_delayed_observer,4.5,2.6363636363636362,45.0,10.0,160.0,-2.906771796865458,True,False,
slow_delayed_observer,4.5,2.9545454545454546,45.0,10.0,160.0,-2.8517663543971525,True,False,
slow_delayed_observer,4.5,3.2727272727272725,45.0,10.0,160.0,-2.798823233767485,True,False,
slow_delayed_observer,4.5,3.590909090909091,45.0,10.0,160.0,-2.747727188711331,True,False,
slow_delayed_observer,4.5,3.909090909090909,45.0,10.0,160.0,-2.6983712394790453,True,False,
slow_delayed_observer,4.5,4.227272727272727,45.0,10.0,160.0,-2.650621072066792,True,False,
slow_delayed_observer,4.5,4.545454545454545,45.0,10.0,160.0,-2.6043611705559724,True,False,
slow_delayed_observer,4.5,4.863636363636363,45.0,10.0,160.0,-2.5594907784686445,True,False,
slow_delayed_observer,4.5,5.181818181818182,45.0,10.0,160.0,-2.515929652104586,True,False,
slow_delayed_observer,4.5,5.5,45.0,10.0,160.0,-2.4736064144288585,True,False,
slow_delayed_observer,4.5,5.818181818181818,45.0,10.0,160.0,-2.4324492977501717,True,False,
slow_delayed_observer,4.5,6.136363636363637,45.0,10.0,160.0,-2.3923890444069897,True,False,
slow_delayed_observer,4.5,6.454545454545454,45.0,10.0,160.0,-2.3533831464025834,True,False,
slow_delayed_observer,4.5,6.7727272727272725,45.0,10.0,160.0,-2.3153672358975586,True,False,
slow_delayed_observer,4.5,7.090909090909091,45.0,10.0,160.0,-2.2782996428725206,True,False,
slow_delayed_observer,4.5,7.409090909090909,45.0,10.0,160.0,-2.242138201568416,True,False,
slow_delayed_observer,4.5,7.7272727272727275,45.0,10.0,160.0,-2.206841414283546,True,False,
slow_delayed_observer,4.5,8.045454545454545,45.0,10.0,160.0,-2.1723691680254085,True,False,
slow_delayed_observer,4.5,8.363636363636363,45.0,10.0,160.0,-2.138689118096285,True,False,
slow_delayed_observer,4.5,8.681818181818182,45.0,10.0,160.0,-2.105769723416188,True,False,
slow_delayed_observer,4.5,9.0,45.0,10.0,160.0,-2.0735804240344367,True,False,
slow_delayed_observer,4.5,9.318181818181818,45.0,10.0,160.0,-2.0420905794130264,True,False,
slow_delayed_observer,4.5,9.636363636363637,45.0,10.0,160.0,-2.011275459690006,True,False,
slow_delayed_observer,4.5,9.954545454545453,45.0,10.0,160.0,-1.9811106488264796,True,False,
slow_delayed_observer,4.5,10.272727272727273,45.0,10.0,160.0,-1.9515722995766587,True,False,
slow_delayed_observer,4.5,10.59090909090909,45.0,10.0,160.0,-1.9226373031961168,True,False,
slow_delayed_observer,4.5,10.909090909090908,45.0,10.0,160.0,-1.8942833963259587,True,False,
slow_delayed_observer,4.5,11.227272727272727,45.0,10.0,160.0,-1.8664959788040667,True,False,
slow_delayed_observer,4.5,11.545454545454545,45.0,10.0,160.0,-1.8392501942954629,True,False,
slow_delayed_observer,4.5,11.863636363636363,45.0,10.0,160.0,-1.8125330554558134,True,False,
slow_delayed_observer,4.5,12.181818181818182,45.0,10.0,160.0,-1.7863231681463025,True,False,
slow_delayed_observer,4.5,12.5,45.0,10.0,160.0,-1.76060719734642,True,False,
slow_delayed_observer,4.5,12.818181818181818,45.0,10.0,160.0,-1.735370381297038,True,False,
slow_delayed_observer,4.5,13.136363636363637,45.0,10.0,160.0,-1.7105961634078848,True,False,
slow_delayed_observer,4.5,13.454545454545455,45.0,10.0,160.0,-1.6862707741365475,True,False,
slow_delayed_observer,4.5,13.772727272727273,45.0,10.0,160.0,-1.6623807410536844,True,False,
slow_delayed_observer,4.5,14.09090909090909,45.0,10.0,160.0,-1.6389129168022074,True,False,
slow_delayed_observer,4.5,14.409090909090908,45.0,10.0,160.0,-1.6158564462737643,True,False,
slow_delayed_observer,4.5,14.727272727272727,45.0,10.0,160.0,-1.5931983816744468,True,False,
slow_delayed_observer,4.5,15.045454545454545,45.0,10.0,160.0,-1.5709256777970062,True,False,
slow_delayed_observer,4.5,15.363636363636363,45.0,10.0,160.0,-1.5490290365098829,True,False,
slow_delayed_observer,4.5,15.681818181818182,45.0,10.0,160.0,-1.5274970392294662,True,False,
slow_delayed_observer,4.5,16.0,45.0,10.0,160.0,-1.5063189822249958,True,False,
slow_delayed_observer,4.625,2.0,45.0,10.0,160.0,-3.1355911775973078,True,False,
slow_delayed_observer,4.625,2.3181818181818183,45.0,10.0,160.0,-3.074166501356131,True,False,
slow_delayed_observer,4.625,2.6363636363636362,45.0,10.0,160.0,-3.0152932356672744,True,False,
slow_delayed_observer,4.625,2.9545454545454546,45.0,10.0,160.0,-2.958759864241514,True,False,
slow_delayed_observer,4.625,3.2727272727272725,45.0,10.0,160.0,-2.9043461013721386,True,False,
slow_delayed_observer,4.625,3.590909090909091,45.0,10.0,160.0,-2.85183072173109,True,False,
slow_delayed_observer,4.625,3.909090909090909,45.0,10.0,160.0,-2.8011037739090185,True,False,
slow_delayed_observer,4.625,4.227272727272727,45.0,10.0,160.0,-2.7520272129575365,True,False,
slow_delayed_observer,4.625,4.545454545454545,45.0,10.0,160.0,-2.704482314182525,True,False,
slow_delayed_observer,4.625,4.863636363636363,45.0,10.0,160.0,-2.6583655223149947,True,False,
slow_delayed_observer,4.625,5.181818181818182,45.0,10.0,160.0,-2.613594364663042,True,False,
slow_delayed_observer,4.625,5.5,45.0,10.0,160.0,-2.5700954814963253,True,False,
slow_delayed_observer,4.625,5.818181818181818,45.0,10.0,160.0,-2.5277951115765633,True,False,
slow_delayed_observer,4.625,6.136363636363637,45.0,10.0,160.0,-2.4866220734182947,True,False,
slow_delayed_observer,4.625,6.454545454545454,45.0,10.0,160.0,-2.446532678247101,True,False,
slow_delayed_observer,4.625,6.7727272727272725,45.0,10.0,160.0,-2.4074607702280493,True,False,
slow_delayed_observer,4.625,7.090909090909091,45.0,10.0,160.0,-2.3693635218412017,True,False,
slow_delayed_observer,4.625,7.409090909090909,45.0,10.0,160.0,-2.3321975960564263,True,False,
slow_delayed_observer,4.625,7.7272727272727275,45.0,10.0,160.0,-2.2959203424580874,True,False,
slow_delayed_observer,4.625,8.045454545454545,45.0,10.0,160.0,-2.260490533803889,True,False,
slow_delayed_observer,4.625,8.363636363636363,45.0,10.0,160.0,-2.225874926932292,True,False,
slow_delayed_observer,4.625,8.681818181818182,45.0,10.0,160.0,-2.1920411046221915,True,False,
slow_delayed_observer,4.625,9.0,45.0,10.0,160.0,-2.158957658035397,True,False,
slow_delayed_observer,4.625,9.318181818181818,45.0,10.0,160.0,-2.126593095507833,True,False,
slow_delayed_observer,4.625,9.636363636363637,45.0,10.0,160.0,-2.094922000236948,True,False,
slow_delayed_observer,4.625,9.954545454545453,45.0,10.0,160.0,-2.0639192779605473,True,False,
slow_delayed_observer,4.625,10.272727272727273,45.0,10.0,160.0,-2.0335604190093464,True,False,
slow_delayed_observer,4.625,10.59090909090909,45.0,10.0,160.0,-2.003821672729346,True,False,
slow_delayed_observer,4.625,10.909090909090908,45.0,10.0,160.0,-1.9746801573350137,True,False,
slow_delayed_observer,4.625,11.227272727272727,45.0,10.0,160.0,-1.9461208671041796,True,False,
slow_delayed_observer,4.625,11.545454545454545,45.0,10.0,160.0,-1.918118255248114,True,False,
slow_delayed_observer,4.625,11.863636363636363,45.0,10.0,160.0,-1.8906589736629176,True,False,
slow_delayed_observer,4.625,12.181818181818182,45.0,10.0,160.0,-1.8637210339281425,True,False,
slow_delayed_observer,4.625,12.5,45.0,10.0,160.0,-1.8372907306060433,True,False,
slow_delayed_observer,4.625,12.818181818181818,45.0,10.0,160.0,-1.8113528918886201,True,False,
slow_delayed_observer,4.625,13.136363636363637,45.0,10.0,160.0,-1.7858905012803254,True,False,
slow_delayed_observer,4.625,13.454545454545455,45.0,10.0,160.0,-1.7608894067514484,True,False,
slow_delayed_observer,4.625,13.772727272727273,45.0,10.0,160.0,-1.73633576163851,True,False,
slow_delayed_observer,4.625,14.09090909090909,45.0,10.0,160.0,-1.712216053380046,True,False,
slow_delayed_observer,4.625,14.409090909090908,45.0,10.0,160.0,-1.688519125336925,True,False,
slow_delayed_observer,4.625,14.727272727272727,45.0,10.0,160.0,-1.6652316700542915,True,False,
slow_delayed_observer,4.625,15.045454545454545,45.0,10.0,160.0,-1.6423402799580331,True,False,
slow_delayed_observer,4.625,15.363636363636363,45.0,10.0,160.0,-1.6198353986351575,True,False,
slow_delayed_observer,4.625,15.681818181818182,45.0,10.0,160.0,-1.5977052903191733,True,False,
slow_delayed_observer,4.625,16.0,45.0,10.0,160.0,-1.5759389539534692,True,False,
slow_delayed_observer,4.75,2.0,45.0,10.0,160.0,-3.2473639121269615,True,False,
slow_delayed_observer,4.75,2.3181818181818183,45.0,10.0,160.0,-3.1842791095008933,True,False,
slow_delayed_observer,4.75,2.6363636363636362,45.0,10.0,160.0,-3.1238146744690938,True,False,
slow_delayed_observer,4.75,2.9545454545454546,45.0,10.0,160.0,-3.065753374085885,True,False,
slow_delayed_observer,4.75,3.2727272727272725,45.0,10.0,160.0,-3.0098689689767877,True,False,
slow_delayed_observer,4.75,3.590909090909091,45.0,10.0,160.0,-2.9559342547508507,True,False,
slow_delayed_observer,4.75,3.909090909090909,45.0,10.0,160.0,-2.903836308338992,True,False,
slow_delayed_observer,4.75,4.227272727272727,45.0,10.0,160.0,-2.8534333538482786,True,False,
slow_delayed_observer,4.75,4.545454545454545,45.0,10.0,160.0,-2.8046034578090793,True,False,
slow_delayed_observer,4.75,4.863636363636363,45.0,10.0,160.0,-2.7572402661613458,True,False,
slow_delayed_observer,4.75,5.181818181818182,45.0,10.0,160.0,-2.7112590772215053,True,False,
slow_delayed_observer,4.75,5.5,45.0,10.0,160.0,-2.6665845485637973,True,False,
slow_delayed_observer,4.75,5.818181818181818,45.0,10.0,160.0,-2.6231409254029594,True,False,
slow_delayed_observer,4.75,6.136363636363637,45.0,10.0,160.0,-2.5808551024296054,True,False,
slow_delayed_observer,4.75,6.454545454545454,45.0,10.0,160.0,-2.5396822100916148,True,False,
slow_delayed_observer,4.75,6.7727272727272725,45.0,10.0,160.0,-2.499554304558535,True,False,
slow_delayed_observer,4.75,7.090909090909091,45.0,10.0,160.0,-2.4604274008098845,True,False,
slow_delayed_observer,4.75,7.409090909090909,45.0,10.0,160.0,-2.422256990544442,True,False,
slow_delayed_observer,4.75,7.7272727272727275,45.0,10.0,160.0,-2.384999270632631,True,False,
slow_delayed_observer,4.75,8.045454545454545,45.0,10.0,160.0,-2.3486118995823695,True,False,
slow_delayed_observer,4.75,8.363636363636363,45.0,10.0,160.0,-2.313060735768302,True,False,
slow_delayed_observer,4.75,8.681818181818182,45.0,10.0,160.0,-2.278312485828197,True,False,
slow_delayed_observer,4.75,9.0,45.0,10.0,160.0,-2.2443348920363513,True,False,
slow_delayed_observer,4.75,9.318181818181818,45.0,10.0,160.0,-2.211095611602636,True,False,
slow_delayed_observer,4.75,9.636363636363637,45.0,10.0,160.0,-2.178568540783895,True,False,
slow_delayed_observer,4.75,9.954545454545453,45.0,10.0,160.0,-2.1467279070946144,True,False,
slow_delayed_observer,4.75,10.272727272727273,45.0,10.0,160.0,-2.11554853844203,True,False,
slow_delayed_observer,4.75,10.59090909090909,45.0,10.0,160.0,-2.0850060422625676,True,False,
slow_delayed_observer,4.75,10.909090909090908,45.0,10.0,160.0,-2.0550769183440707,True,False,
slow_delayed_observer,4.75,11.227272727272727,45.0,10.0,160.0,-2.0257457554042904,True,False,
slow_delayed_observer,4.75,11.545454545454545,45.0,10.0,160.0,-1.9969863162007655,True,False,
slow_delayed_observer,4.75,11.863636363636363,45.0,10.0,160.0,-1.9687848918700257,True,False,
slow_delayed_observer,4.75,12.181818181818182,45.0,10.0,160.0,-1.9411188997099815,True,False,
slow_delayed_observer,4.75,12.5,45.0,10.0,160.0,-1.913974263865668,True,False,
slow_delayed_observer,4.75,12.818181818181818,45.0,10.0,160.0,-1.8873354024802045,True,False,
slow_delayed_observer,4.75,13.136363636363637,45.0,10.0,160.0,-1.8611848391527681,True,False,
slow_delayed_observer,4.75,13.454545454545455,45.0,10.0,160.0,-1.8355080393663559,True,False,
slow_delayed_observer,4.75,13.772727272727273,45.0,10.0,160.0,-1.8102907822233318,True,False,
slow_delayed_observer,4.75,14.09090909090909,45.0,10.0,160.0,-1.7855191899578857,True,False,
slow_delayed_observer,4.75,14.409090909090908,45.0,10.0,160.0,-1.7611818044000844,True,False,
slow_delayed_observer,4.75,14.727272727272727,45.0,10.0,160.0,-1.737264958434138,True,False,
slow_delayed_observer,4.75,15.045454545454545,45.0,10.0,160.0,-1.7137548821190631,True,False,
slow_delayed_observer,4.75,15.363636363636363,45.0,10.0,160.0,-1.6906417607604325,True,False,
slow_delayed_observer,4.75,15.681818181818182,45.0,10.0,160.0,-1.6679135414088808,True,False,
slow_delayed_observer,4.75,16.0,45.0,10.0,160.0,-1.6455589256819414,True,False,
slow_delayed_observer,4.875,2.0,45.0,10.0,160.0,-3.359136646656621,True,False,
slow_delayed_observer,4.875,2.3181818181818183,45.0,10.0,160.0,-3.2943917176456554,True,False,
slow_delayed_observer,4.875,2.6363636363636362,45.0,10.0,160.0,-3.232336113270913,True,False,
slow_delayed_observer,4.875,2.9545454545454546,45.0,10.0,160.0,-3.1727468839302464,True,False,
slow_delayed_observer,4.875,3.2727272727272725,45.0,10.0,160.0,-3.1153918365814413,True,False,
slow_delayed_observer,4.875,3.590909090909091,45.0,10.0,160.0,-3.0600377877706095,True,False,
slow_delayed_observer,4.875,3.909090909090909,45.0,10.0,160.0,-3.006568842768963,True,False,
slow_delayed_observer,4.875,4.227272727272727,45.0,10.0,160.0,-2.9548394947390233,True,False,
slow_delayed_observer,4.875,4.545454545454545,45.0,10.0,160.0,-2.904724601435635,True,False,
slow_delayed_observer,4.875,4.863636363636363,45.0,10.0,160.0,-2.8561150100076977,True,False,
slow_delayed_observer,4.875,5.181818181818182,45.0,10.0,160.0,-2.8089237897799655,True,False,
slow_delayed_observer,4.875,5.5,45.0,10.0,160.0,-2.7630736156312667,True,False,
slow_delayed_observer,4.875,5.818181818181818,45.0,10.0,160.0,-2.718486739229352,True,False,
slow_delayed_observer,4.875,6.136363636363637,45.0,10.0,160.0,-2.6750881314409085,True,False,
slow_delayed_observer,4.875,6.454545454545454,45.0,10.0,160.0,-2.6328317419361316,True,False,
slow_delayed_observer,4.875,6.7727272727272725,45.0,10.0,160.0,-2.5916478388890227,True,False,
slow_delayed_observer,4.875,7.090909090909091,45.0,10.0,160.0,-2.5514912797785634,True,False,
slow_delayed_observer,4.875,7.409090909090909,45.0,10.0,160.0,-2.512316385032451,True,False,
slow_delayed_observer,4.875,7.7272727272727275,45.0,10.0,160.0,-2.4740781988071707,True,False,
slow_delayed_observer,4.875,8.045454545454545,45.0,10.0,160.0,-2.4367332653608553,True,False,
slow_delayed_observer,4.875,8.363636363636363,45.0,10.0,160.0,-2.4002465446043115,True,False,
slow_delayed_observer,4.875,8.681818181818182,45.0,10.0,160.0,-2.364583867034207,True,False,
slow_delayed_observer,4.875,9.0,45.0,10.0,160.0,-2.3297121260373053,True,False,
slow_delayed_observer,4.875,9.318181818181818,45.0,10.0,160.0,-2.2955981276974446,True,False,
slow_delayed_observer,4.875,9.636363636363637,45.0,10.0,160.0,-2.2622150813308384,True,False,
slow_delayed_observer,4.875,9.954545454545453,45.0,10.0,160.0,-2.2295365362286854,True,False,
slow_delayed_observer,4.875,10.272727272727273,45.0,10.0,160.0,-2.197536657874714,True,False,
slow_delayed_observer,4.875,10.59090909090909,45.0,10.0,160.0,-2.166190411795794,True,False,
slow_delayed_observer,4.875,10.909090909090908,45.0,10.0,160.0,-2.1354736793531233,True,False,
slow_delayed_observer,4.875,11.227272727272727,45.0,10.0,160.0,-2.1053706437044077,True,False,
slow_delayed_observer,4.875,11.545454545454545,45.0,10.0,160.0,-2.075854377153416,True,False,
slow_delayed_observer,4.875,11.863636363636363,45.0,10.0,160.0,-2.0469108100771325,True,False,
slow_delayed_observer,4.875,12.181818181818182,45.0,10.0,160.0,-2.0185167654918246,True,False,
slow_delayed_observer,4.875,12.5,45.0,10.0,160.0,-1.990657797125289,True,False,
slow_delayed_observer,4.875,12.818181818181818,45.0,10.0,160.0,-1.9633179130717897,True,False,
slow_delayed_observer,4.875,13.136363636363637,45.0,10.0,160.0,-1.936479177025207,True,False,
slow_delayed_observer,4.875,13.454545454545455,45.0,10.0,160.0,-1.9101266719812582,True,False,
slow_delayed_observer,4.875,13.772727272727273,45.0,10.0,160.0,-1.884245802808157,True,False,
slow_delayed_observer,4.875,14.09090909090909,45.0,10.0,160.0,-1.858822326535724,True,False,
slow_delayed_observer,4.875,14.409090909090908,45.0,10.0,160.0,-1.833844483463247,True,False,
slow_delayed_observer,4.875,14.727272727272727,45.0,10.0,160.0,-1.8092982468139827,True,False,
slow_delayed_observer,4.875,15.045454545454545,45.0,10.0,160.0,-1.7851694842800896,True,False,
slow_delayed_observer,4.875,15.363636363636363,45.0,10.0,160.0,-1.7614481228857064,True,False,
slow_delayed_observer,4.875,15.681818181818182,45.0,10.0,160.0,-1.7381217924985868,True,False,
slow_delayed_observer,4.875,16.0,45.0,10.0,160.0,-1.7151788974104145,True,False,
slow_delayed_observer,5.0,2.0,45.0,10.0,160.0,-3.470909381186278,True,False,
slow_delayed_observer,5.0,2.3181818181818183,45.0,10.0,160.0,-3.4045043257904117,True,False,
slow_delayed_observer,5.0,2.6363636363636362,45.0,10.0,160.0,-3.34085755207273,True,False,
slow_delayed_observer,5.0,2.9545454545454546,45.0,10.0,160.0,-3.279740393774615,True,False,
slow_delayed_observer,5.0,3.2727272727272725,45.0,10.0,160.0,-3.220914704186093,True,False,
slow_delayed_observer,5.0,3.590909090909091,45.0,10.0,160.0,-3.1641413207903684,True,False,
slow_delayed_observer,5.0,3.909090909090909,45.0,10.0,160.0,-3.109301377198938,True,False,
slow_delayed_observer,5.0,4.227272727272727,45.0,10.0,160.0,-3.0562456356297707,True,False,
slow_delayed_observer,5.0,4.545454545454545,45.0,10.0,160.0,-3.0048457450621897,True,False,
slow_delayed_observer,5.0,4.863636363636363,45.0,10.0,160.0,-2.9549897538540493,True,False,
slow_delayed_observer,5.0,5.181818181818182,45.0,10.0,160.0,-2.9065885023384266,True,False,
slow_delayed_observer,5.0,5.5,45.0,10.0,160.0,-2.8595626826987335,True,False,
slow_delayed_observer,5.0,5.818181818181818,45.0,10.0,160.0,-2.813832553055746,True,False,
slow_delayed_observer,5.0,6.136363636363637,45.0,10.0,160.0,-2.7693211604522134,True,False,
slow_delayed_observer,5.0,6.454545454545454,45.0,10.0,160.0,-2.7259812737806524,True,False,
slow_delayed_observer,5.0,6.7727272727272725,45.0,10.0,160.0,-2.6837413732195103,True,False,
slow_delayed_observer,5.0,7.090909090909091,45.0,10.0,160.0,-2.6425551587472444,True,False,
slow_delayed_observer,5.0,7.409090909090909,45.0,10.0,160.0,-2.6023757795204627,True,False,
slow_delayed_observer,5.0,7.7272727272727275,45.0,10.0,160.0,-2.5631571269817166,True,False,
slow_delayed_observer,5.0,8.045454545454545,45.0,10.0,160.0,-2.5248546311393385,True,False,
slow_delayed_observer,5.0,8.363636363636363,45.0,10.0,160.0,-2.4874323534403167,True,False,
slow_delayed_observer,5.0,8.681818181818182,45.0,10.0,160.0,-2.4508552482402117,True,False,
slow_delayed_observer,5.0,9.0,45.0,10.0,160.0,-2.4150893600382664,True,False,
slow_delayed_observer,5.0,9.318181818181818,45.0,10.0,160.0,-2.380100643792248,True,False,
slow_delayed_observer,5.0,9.636363636363637,45.0,10.0,160.0,-2.345861621877781,True,False,
slow_delayed_observer,5.0,9.954545454545453,45.0,10.0,160.0,-2.312345165362755,True,False,
slow_delayed_observer,5.0,10.272727272727273,45.0,10.0,160.0,-2.2795247773074006,True,False,
slow_delayed_observer,5.0,10.59090909090909,45.0,10.0,160.0,-2.24737478132902,True,False,
slow_delayed_observer,5.0,10.909090909090908,45.0,10.0,160.0,-2.215870440362178,True,False,
slow_delayed_observer,5.0,11.227272727272727,45.0,10.0,160.0,-2.184995532004517,True,False,
slow_delayed_observer,5.0,11.545454545454545,45.0,10.0,160.0,-2.1547224381060683,True,False,
slow_delayed_observer,5.0,11.863636363636363,45.0,10.0,160.0,-2.1250367282842366,True,False,
slow_delayed_observer,5.0,12.181818181818182,45.0,10.0,160.0,-2.095914631273666,True,False,
slow_delayed_observer,5.0,12.5,45.0,10.0,160.0,-2.0673413303849104,True,False,
slow_delayed_observer,5.0,12.818181818181818,45.0,10.0,160.0,-2.0393004236633745,True,False,
slow_delayed_observer,5.0,13.136363636363637,45.0,10.0,160.0,-2.01177351489765,True,False,
slow_delayed_observer,5.0,13.454545454545455,45.0,10.0,160.0,-1.9847453045961616,True,False,
slow_delayed_observer,5.0,13.772727272727273,45.0,10.0,160.0,-1.958200823392982,True,False,
slow_delayed_observer,5.0,14.09090909090909,45.0,10.0,160.0,-1.932125463113564,True,False,
slow_delayed_observer,5.0,14.409090909090908,45.0,10.0,160.0,-1.9065071625264058,True,False,
slow_delayed_observer,5.0,14.727272727272727,45.0,10.0,160.0,-1.8813315351938271,True,False,
slow_delayed_observer,5.0,15.045454545454545,45.0,10.0,160.0,-1.8565840864411158,True,False,
slow_delayed_observer,5.0,15.363636363636363,45.0,10.0,160.0,-1.8322544850109819,True,False,
slow_delayed_observer,5.0,15.681818181818182,45.0,10.0,160.0,-1.808330043588296,True,False,
slow_delayed_observer,5.0,16.0,45.0,10.0,160.0,-1.7847988691388852,True,False,
slow_delayed_observer,5.125,2.0,45.0,10.0,160.0,-3.5826821157159343,True,False,
slow_delayed_observer,5.125,2.3181818181818183,45.0,10.0,160.0,-3.5146169339351725,True,False,
slow_delayed_observer,5.125,2.6363636363636362,45.0,10.0,160.0,-3.4493789908745502,True,False,
slow_delayed_observer,5.125,2.9545454545454546,45.0,10.0,160.0,-3.386733903618979,True,False,
slow_delayed_observer,5.125,3.2727272727272725,45.0,10.0,160.0,-3.3264375717907457,True,False,
slow_delayed_observer,5.125,3.590909090909091,45.0,10.0,160.0,-3.2682448538101263,True,False,
slow_delayed_observer,5.125,3.909090909090909,45.0,10.0,160.0,-3.2120339116289105,True,False,
slow_delayed_observer,5.125,4.227272727272727,45.0,10.0,160.0,-3.1576517765205145,True,False,
slow_delayed_observer,5.125,4.545454545454545,45.0,10.0,160.0,-3.104966888688745,True,False,
slow_delayed_observer,5.125,4.863636363636363,45.0,10.0,160.0,-3.0538644977004012,True,False,
slow_delayed_observer,5.125,5.181818181818182,45.0,10.0,160.0,-3.004253214896889,True,False,
slow_delayed_observer,5.125,5.5,45.0,10.0,160.0,-2.9560517497661998,True,False,
slow_delayed_observer,5.125,5.818181818181818,45.0,10.0,160.0,-2.9091783668821365,True,False,
slow_delayed_observer,5.125,6.136363636363637,45.0,10.0,160.0,-2.863554189463518,True,False,
slow_delayed_observer,5.125,6.454545454545454,45.0,10.0,160.0,-2.8191308056251656,True,False,
slow_delayed_observer,5.125,6.7727272727272725,45.0,10.0,160.0,-2.775834907549997,True,False,
slow_delayed_observer,5.125,7.090909090909091,45.0,10.0,160.0,-2.733619037715927,True,False,
slow_delayed_observer,5.125,7.409090909090909,45.0,10.0,160.0,-2.6924351740084744,True,False,
slow_delayed_observer,5.125,7.7272727272727275,45.0,10.0,160.0,-2.652236055156257,True,False,
slow_delayed_observer,5.125,8.045454545454545,45.0,10.0,160.0,-2.6129759969178217,True,False,
slow_delayed_observer,5.125,8.363636363636363,45.0,10.0,160.0,-2.574618162276324,True,False,
slow_delayed_observer,5.125,8.681818181818182,45.0,10.0,160.0,-2.53712662944621,True,False,
slow_delayed_observer,5.125,9.0,45.0,10.0,160.0,-2.5004665940392217,True,False,
slow_delayed_observer,5.125,9.318181818181818,45.0,10.0,160.0,-2.4646031598870537,True,False,
slow_delayed_observer,5.125,9.636363636363637,45.0,10.0,160.0,-2.4295081624247286,True,False,
slow_delayed_observer,5.125,9.954545454545453,45.0,10.0,160.0,-2.3951537944968235,True,False,
slow_delayed_observer,5.125,10.272727272727273,45.0,10.0,160.0,-2.3615128967400834,True,False,
slow_delayed_observer,5.125,10.59090909090909,45.0,10.0,160.0,-2.3285591508622474,True,False,
slow_delayed_observer,5.125,10.909090909090908,45.0,10.0,160.0,-2.296267201371229,True,False,
slow_delayed_observer,5.125,11.227272727272727,45.0,10.0,160.0,-2.2646204203046327,True,False,
slow_delayed_observer,5.125,11.545454545454545,45.0,10.0,160.0,-2.23359049905872,True,False,
slow_delayed_observer,5.125,11.863636363636363,45.0,10.0,160.0,-2.2031626464913407,True,False,
slow_delayed_observer,5.125,12.181818181818182,45.0,10.0,160.0,-2.1733124970555098,True,False,
slow_delayed_observer,5.125,12.5,45.0,10.0,160.0,-2.144024863644534,True,False,
slow_delayed_observer,5.125,12.818181818181818,45.0,10.0,160.0,-2.115282934254955,True,False,
slow_delayed_observer,5.125,13.136363636363637,45.0,10.0,160.0,-2.0870678527700908,True,False,
slow_delayed_observer,5.125,13.454545454545455,45.0,10.0,160.0,-2.059363937211066,True,False,
slow_delayed_observer,5.125,13.772727272727273,45.0,10.0,160.0,-2.032155843977806,True,False,
slow_delayed_observer,5.125,14.09090909090909,45.0,10.0,160.0,-2.0054285996914016,True,False,
slow_delayed_observer,5.125,14.409090909090908,45.0,10.0,160.0,-1.979169841589566,True,False,
slow_delayed_observer,5.125,14.727272727272727,45.0,10.0,160.0,-1.9533648235736756,True,False,
slow_delayed_observer,5.125,15.045454545454545,45.0,10.0,160.0,-1.9279986886021445,True,False,
slow_delayed_observer,5.125,15.363636363636363,45.0,10.0,160.0,-1.9030608471362578,True,False,
slow_delayed_observer,5.125,15.681818181818182,45.0,10.0,160.0,-1.8785382946780027,True,False,
slow_delayed_observer,5.125,16.0,45.0,10.0,160.0,-1.854418840867356,True,False,
slow_delayed_observer,5.25,2.0,45.0,10.0,160.0,-3.6944548502455894,True,False,
slow_delayed_observer,5.25,2.3181818181818183,45.0,10.0,160.0,-3.624729542079933,True,False,
slow_delayed_observer,5.25,2.6363636363636362,45.0,10.0,160.0,-3.5579004296763697,True,False,
slow_delayed_observer,5.25,2.9545454545454546,45.0,10.0,160.0,-3.493727413463346,True,False,
slow_delayed_observer,5.25,3.2727272727272725,45.0,10.0,160.0,-3.4319604393953993,True,False,
slow_delayed_observer,5.25,3.590909090909091,45.0,10.0,160.0,-3.372348386829889,True,False,
slow_delayed_observer,5.25,3.909090909090909,45.0,10.0,160.0,-3.314766446058884,True,False,
slow_delayed_observer,5.25,4.227272727272727,45.0,10.0,160.0,-3.259057917411257,True,False,
slow_delayed_observer,5.25,4.545454545454545,45.0,10.0,160.0,-3.2050880323152984,True,False,
slow_delayed_observer,5.25,4.863636363636363,45.0,10.0,160.0,-3.152739241546751,True,False,
slow_delayed_observer,5.25,5.181818181818182,45.0,10.0,160.0,-3.1019179274553483,True,False,
slow_delayed_observer,5.25,5.5,45.0,10.0,160.0,-3.052540816833672,True,False,
slow_delayed_observer,5.25,5.818181818181818,45.0,10.0,160.0,-3.004524180708534,True,False,
slow_delayed_observer,5.25,6.136363636363637,45.0,10.0,160.0,-2.9577872184748197,True,False,
slow_delayed_observer,5.25,6.454545454545454,45.0,10.0,160.0,-2.912280337469679,True,False,
slow_delayed_observer,5.25,6.7727272727272725,45.0,10.0,160.0,-2.867928441880483,True,False,
slow_delayed_observer,5.25,7.090909090909091,45.0,10.0,160.0,-2.82468291668461,True,False,
slow_delayed_observer,5.25,7.409090909090909,45.0,10.0,160.0,-2.782494568496486,True,False,
slow_delayed_observer,5.25,7.7272727272727275,45.0,10.0,160.0,-2.7413149833308013,True,False,
slow_delayed_observer,5.25,8.045454545454545,45.0,10.0,160.0,-2.7010973626963075,True,False,
slow_delayed_observer,5.25,8.363636363636363,45.0,10.0,160.0,-2.6618039711123314,True,False,
slow_delayed_observer,5.25,8.681818181818182,45.0,10.0,160.0,-2.6233980106522203,True,False,
slow_delayed_observer,5.25,9.0,45.0,10.0,160.0,-2.5858438280401748,True,False,
slow_delayed_observer,5.25,9.318181818181818,45.0,10.0,160.0,-2.5491056759818624,True,False,
slow_delayed_observer,5.25,9.636363636363637,45.0,10.0,160.0,-2.5131547029716708,True,False,
slow_delayed_observer,5.25,9.954545454545453,45.0,10.0,160.0,-2.477962423630891,True,False,
slow_delayed_observer,5.25,10.272727272727273,45.0,10.0,160.0,-2.4435010161727657,True,False,
slow_delayed_observer,5.25,10.59090909090909,45.0,10.0,160.0,-2.4097435203954722,True,False,
slow_delayed_observer,5.25,10.909090909090908,45.0,10.0,160.0,-2.376663962380283,True,False,
slow_delayed_observer,5.25,11.227272727272727,45.0,10.0,160.0,-2.344245308604747,True,False,
slow_delayed_observer,5.25,11.545454545454545,45.0,10.0,160.0,-2.3124585600113727,True,False,
slow_delayed_observer,5.25,11.863636363636363,45.0,10.0,160.0,-2.281288564698448,True,False,
slow_delayed_observer,5.25,12.181818181818182,45.0,10.0,160.0,-2.2507103628373515,True,False,
slow_delayed_observer,5.25,12.5,45.0,10.0,160.0,-2.2207083969041563,True,False,
slow_delayed_observer,5.25,12.818181818181818,45.0,10.0,160.0,-2.191265444846542,True,False,
slow_delayed_observer,5.25,13.136363636363637,45.0,10.0,160.0,-2.162362190642531,True,False,
slow_delayed_observer,5.25,13.454545454545455,45.0,10.0,160.0,-2.133982569825969,True,False,
slow_delayed_observer,5.25,13.772727272727273,45.0,10.0,160.0,-2.1061108645626265,True,False,
slow_delayed_observer,5.25,14.09090909090909,45.0,10.0,160.0,-2.078731736269243,True,False,
slow_delayed_observer,5.25,14.409090909090908,45.0,10.0,160.0,-2.051832520652725,True,False,
slow_delayed_observer,5.25,14.727272727272727,45.0,10.0,160.0,-2.0253981119535225,True,False,
slow_delayed_observer,5.25,15.045454545454545,45.0,10.0,160.0,-1.9994132907631732,True,False,
slow_delayed_observer,5.25,15.363636363636363,45.0,10.0,160.0,-1.9738672092615295,True,False,
slow_delayed_observer,5.25,15.681818181818182,45.0,10.0,160.0,-1.9487465457677113,True,False,
slow_delayed_observer,5.25,16.0,45.0,10.0,160.0,-1.9240388125958294,True,False,
slow_delayed_observer,5.375,2.0,45.0,10.0,160.0,-3.806227584775246,True,False,
slow_delayed_observer,5.375,2.3181818181818183,45.0,10.0,160.0,-3.734842150224695,True,False,
slow_delayed_observer,5.375,2.6363636363636362,45.0,10.0,160.0,-3.666421868478187,True,False,
slow_delayed_observer,5.375,2.9545454545454546,45.0,10.0,160.0,-3.600720923307706,True,False,
slow_delayed_observer,5.375,3.2727272727272725,45.0,10.0,160.0,-3.5374833070000515,True,False,
slow_delayed_observer,5.375,3.590909090909091,45.0,10.0,160.0,-3.4764519198496435,True,False,
slow_delayed_observer,5.375,3.909090909090909,45.0,10.0,160.0,-3.41749898048886,True,False,
slow_delayed_observer,5.375,4.227272727272727,45.0,10.0,160.0,-3.3604640583020027,True,False,
slow_delayed_observer,5.375,4.545454545454545,45.0,10.0,160.0,-3.3052091759418545,True,False,
slow_delayed_observer,5.375,4.863636363636363,45.0,10.0,160.0,-3.2516139853931025,True,False,
slow_delayed_observer,5.375,5.181818181818182,45.0,10.0,160.0,-3.199582640013806,True,False,
slow_delayed_observer,5.375,5.5,45.0,10.0,160.0,-3.149029883901137,True,False,
slow_delayed_observer,5.375,5.818181818181818,45.0,10.0,160.0,-3.0998699945349277,True,False,
slow_delayed_observer,5.375,6.136363636363637,45.0,10.0,160.0,-3.05202024748613,True,False,
slow_delayed_observer,5.375,6.454545454545454,45.0,10.0,160.0,-3.0054298693141965,True,False,
slow_delayed_observer,5.375,6.7727272727272725,45.0,10.0,160.0,-2.9600219762109714,True,False,
slow_delayed_observer,5.375,7.090909090909091,45.0,10.0,160.0,-2.915746795653293,True,False,
slow_delayed_observer,5.375,7.409090909090909,45.0,10.0,160.0,-2.8725539629844956,True,False,
slow_delayed_observer,5.375,7.7272727272727275,45.0,10.0,160.0,-2.8303939115053445,True,False,
slow_delayed_observer,5.375,8.045454545454545,45.0,10.0,160.0,-2.789218728474786,True,False,
slow_delayed_observer,5.375,8.363636363636363,45.0,10.0,160.0,-2.7489897799483383,True,False,
slow_delayed_observer,5.375,8.681818181818182,45.0,10.0,160.0,-2.709669391858225,True,False,
slow_delayed_observer,5.375,9.0,45.0,10.0,160.0,-2.671221062041133,True,False,
slow_delayed_observer,5.375,9.318181818181818,45.0,10.0,160.0,-2.6336081920766685,True,False,
slow_delayed_observer,5.375,9.636363636363637,45.0,10.0,160.0,-2.596801243518618,True,False,
slow_delayed_observer,5.375,9.954545454545453,45.0,10.0,160.0,-2.5607710527649594,True,False,
slow_delayed_observer,5.375,10.272727272727273,45.0,10.0,160.0,-2.525489135605453,True,False,
slow_delayed_observer,5.375,10.59090909090909,45.0,10.0,160.0,-2.4909278899286975,True,False,
slow_delayed_observer,5.375,10.909090909090908,45.0,10.0,160.0,-2.45706072338934,True,False,
slow_delayed_observer,5.375,11.227272727272727,45.0,10.0,160.0,-2.423870196904859,True,False,
slow_delayed_observer,5.375,11.545454545454545,45.0,10.0,160.0,-2.3913266209640236,True,False,
slow_delayed_observer,5.375,11.863636363636363,45.0,10.0,160.0,-2.359414482905558,True,False,
slow_delayed_observer,5.375,12.181818181818182,45.0,10.0,160.0,-2.328108228619195,True,False,
slow_delayed_observer,5.375,12.5,45.0,10.0,160.0,-2.297391930163777,True,False,
slow_delayed_observer,5.375,12.818181818181818,45.0,10.0,160.0,-2.267247955438125,True,False,
slow_delayed_observer,5.375,13.136363636363637,45.0,10.0,160.0,-2.2376565285149734,True,False,
slow_delayed_observer,5.375,13.454545454545455,45.0,10.0,160.0,-2.2086012024408754,True,False,
slow_delayed_observer,5.375,13.772727272727273,45.0,10.0,160.0,-2.180065885147456,True,False,
slow_delayed_observer,5.375,14.09090909090909,45.0,10.0,160.0,-2.152034872847082,True,False,
slow_delayed_observer,5.375,14.409090909090908,45.0,10.0,160.0,-2.1244951997158883,True,False,
slow_delayed_observer,5.375,14.727272727272727,45.0,10.0,160.0,-2.0974314003333645,True,False,
slow_delayed_observer,5.375,15.045454545454545,45.0,10.0,160.0,-2.0708278929241986,True,False,
slow_delayed_observer,5.375,15.363636363636363,45.0,10.0,160.0,-2.044673571386803,True,False,
slow_delayed_observer,5.375,15.681818181818182,45.0,10.0,160.0,-2.0189547968574173,True,False,
slow_delayed_observer,5.375,16.0,45.0,10.0,160.0,-1.9936587843243012,True,False,
slow_delayed_observer,5.5,2.0,45.0,10.0,160.0,-3.9180003193049044,True,False,
slow_delayed_observer,5.5,2.3181818181818183,45.0,10.0,160.0,-3.8449547583694557,True,False,
slow_delayed_observer,5.5,2.6363636363636362,45.0,10.0,160.0,-3.774943307280005,True,False,
slow_delayed_observer,5.5,2.9545454545454546,45.0,10.0,160.0,-3.7077144331520744,True,False,
slow_delayed_observer,5.5,3.2727272727272725,45.0,10.0,160.0,-3.6430061746047047,True,False,
slow_delayed_observer,5.5,3.590909090909091,45.0,10.0,160.0,-3.580555452869406,True,False,
slow_delayed_observer,5.5,3.909090909090909,45.0,10.0,160.0,-3.520231514918832,True,False,
slow_delayed_observer,5.5,4.227272727272727,45.0,10.0,160.0,-3.4618701991927456,True,False,
slow_delayed_observer,5.5,4.545454545454545,45.0,10.0,160.0,-3.405330319568407,True,False,
slow_delayed_observer,5.5,4.863636363636363,45.0,10.0,160.0,-3.350488729239456,True,False,
slow_delayed_observer,5.5,5.181818181818182,45.0,10.0,160.0,-3.297247352572271,True,False,
slow_delayed_observer,5.5,5.5,45.0,10.0,160.0,-3.245518950968607,True,False,
slow_delayed_observer,5.5,5.818181818181818,45.0,10.0,160.0,-3.1952158083613207,True,False,
slow_delayed_observer,5.5,6.136363636363637,45.0,10.0,160.0,-3.1462532764974336,True,False,
slow_delayed_observer,5.5,6.454545454545454,45.0,10.0,160.0,-3.0985794011587138,True,False,
slow_delayed_observer,5.5,6.7727272727272725,45.0,10.0,160.0,-3.0521155105414572,True,False,
slow_delayed_observer,5.5,7.090909090909091,45.0,10.0,160.0,-3.006810674621971,True,False,
slow_delayed_observer,5.5,7.409090909090909,45.0,10.0,160.0,-2.9626133574725073,True,False,
slow_delayed_observer,5.5,7.7272727272727275,45.0,10.0,160.0,-2.9194728396798872,True,False,
slow_delayed_observer,5.5,8.045454545454545,45.0,10.0,160.0,-2.8773400942532765,True,False,
slow_delayed_observer,5.5,8.363636363636363,45.0,10.0,160.0,-2.836175588784348,True,False,
slow_delayed_observer,5.5,8.681818181818182,45.0,10.0,160.0,-2.795940773064231,True,False,
slow_delayed_observer,5.5,9.0,45.0,10.0,160.0,-2.7565982960420894,True,False,
slow_delayed_observer,5.5,9.318181818181818,45.0,10.0,160.0,-2.7181107081714733,True,False,
slow_delayed_observer,5.5,9.636363636363637,45.0,10.0,160.0,-2.680447784065559,True,False,
slow_delayed_observer,5.5,9.954545454545453,45.0,10.0,160.0,-2.643579681899026,True,False,
slow_delayed_observer,5.5,10.272727272727273,45.0,10.0,160.0,-2.6074772550381393,True,False,
slow_delayed_observer,5.5,10.59090909090909,45.0,10.0,160.0,-2.572112259461921,True,False,
slow_delayed_observer,5.5,10.909090909090908,45.0,10.0,160.0,-2.5374574843983897,True,False,
slow_delayed_observer,5.5,11.227272727272727,45.0,10.0,160.0,-2.5034950852049698,True,False,
slow_delayed_observer,5.5,11.545454545454545,45.0,10.0,160.0,-2.470194681916675,True,False,
slow_delayed_observer,5.5,11.863636363636363,45.0,10.0,160.0,-2.4375404011126607,True,False,
slow_delayed_observer,5.5,12.181818181818182,45.0,10.0,160.0,-2.4055060944010327,True,False,
slow_delayed_observer,5.5,12.5,45.0,10.0,160.0,-2.3740754634234023,True,False,
slow_delayed_observer,5.5,12.818181818181818,45.0,10.0,160.0,-2.3432304660297105,True,False,
slow_delayed_observer,5.5,13.136363636363637,45.0,10.0,160.0,-2.3129508663874137,True,False,
slow_delayed_observer,5.5,13.454545454545455,45.0,10.0,160.0,-2.2832198350557786,True,False,
slow_delayed_observer,5.5,13.772727272727273,45.0,10.0,160.0,-2.2540209057322804,True,False,
slow_delayed_observer,5.5,14.09090909090909,45.0,10.0,160.0,-2.2253380094249176,True,False,
slow_delayed_observer,5.5,14.409090909090908,45.0,10.0,160.0,-2.197157878779044,True,False,
slow_delayed_observer,5.5,14.727272727272727,45.0,10.0,160.0,-2.1694646887132096,True,False,
slow_delayed_observer,5.5,15.045454545454545,45.0,10.0,160.0,-2.14224249508523,True,False,
slow_delayed_observer,5.5,15.363636363636363,45.0,10.0,160.0,-2.1154799335120815,True,False,
slow_delayed_observer,5.5,15.681818181818182,45.0,10.0,160.0,-2.0891630479471246,True,False,
slow_delayed_observer,5.5,16.0,45.0,10.0,160.0,-2.0632787560527728,True,False,
slow_delayed_observer,5.625,2.0,45.0,10.0,160.0,-4.0297730538345595,True,False,
slow_delayed_observer,5.625,2.3181818181818183,45.0,10.0,160.0,-3.9550673665142133,True,False,
slow_delayed_observer,5.625,2.6363636363636362,45.0,10.0,160.0,-3.8834647460818212,True,False,
slow_delayed_observer,5.625,2.9545454545454546,45.0,10.0,160.0,-3.8147079429964403,True,False,
slow_delayed_observer,5.625,3.2727272727272725,45.0,10.0,160.0,-3.7485290422093573,True,False,
slow_delayed_observer,5.625,3.590909090909091,45.0,10.0,160.0,-3.684658985889164,True,False,
slow_delayed_observer,5.625,3.909090909090909,45.0,10.0,160.0,-3.6229640493488056,True,False,
slow_delayed_observer,5.625,4.227272727272727,45.0,10.0,160.0,-3.563276340083492,True,False,
slow_delayed_observer,5.625,4.545454545454545,45.0,10.0,160.0,-3.505451463194964,True,False,
slow_delayed_observer,5.625,4.863636363636363,45.0,10.0,160.0,-3.449363473085806,True,False,
slow_delayed_observer,5.625,5.181818181818182,45.0,10.0,160.0,-3.394912065130733,True,False,
slow_delayed_observer,5.625,5.5,45.0,10.0,160.0,-3.342008018036073,True,False,
slow_delayed_observer,5.625,5.818181818181818,45.0,10.0,160.0,-3.2905616221877136,True,False,
slow_delayed_observer,5.625,6.136363636363637,45.0,10.0,160.0,-3.2404863055087385,True,False,
slow_delayed_observer,5.625,6.454545454545454,45.0,10.0,160.0,-3.1917289330032306,True,False,
slow_delayed_observer,5.625,6.7727272727272725,45.0,10.0,160.0,-3.144209044871947,True,False,
slow_delayed_observer,5.625,7.090909090909091,45.0,10.0,160.0,-3.097874553590651,True,False,
slow_delayed_observer,5.625,7.409090909090909,45.0,10.0,160.0,-3.0526727519605172,True,False,
slow_delayed_observer,5.625,7.7272727272727275,45.0,10.0,160.0,-3.00855176785443,True,False,
slow_delayed_observer,5.625,8.045454545454545,45.0,10.0,160.0,-2.9654614600317553,True,False,
slow_delayed_observer,5.625,8.363636363636363,45.0,10.0,160.0,-2.9233613976203583,True,False,
slow_delayed_observer,5.625,8.681818181818182,45.0,10.0,160.0,-2.882212154270231,True,False,
slow_delayed_observer,5.625,9.0,45.0,10.0,160.0,-2.8419755300430474,True,False,
slow_delayed_observer,5.625,9.318181818181818,45.0,10.0,160.0,-2.80261322426628,True,False,
slow_delayed_observer,5.625,9.636363636363637,45.0,10.0,160.0,-2.7640943246125063,True,False,
slow_delayed_observer,5.625,9.954545454545453,45.0,10.0,160.0,-2.726388311033096,True,False,
slow_delayed_observer,5.625,10.272727272727273,45.0,10.0,160.0,-2.689465374470823,True,False,
slow_delayed_observer,5.625,10.59090909090909,45.0,10.0,160.0,-2.6532966289951467,True,False,
slow_delayed_observer,5.625,10.909090909090908,45.0,10.0,160.0,-2.6178542454074494,True,False,
slow_delayed_observer,5.625,11.227272727272727,45.0,10.0,160.0,-2.5831199735050814,True,False,
slow_delayed_observer,5.625,11.545454545454545,45.0,10.0,160.0,-2.5490627428693258,True,False,
slow_delayed_observer,5.625,11.863636363636363,45.0,10.0,160.0,-2.515666319319764,True,False,
slow_delayed_observer,5.625,12.181818181818182,45.0,10.0,160.0,-2.4829039601828766,True,False,
slow_delayed_observer,5.625,12.5,45.0,10.0,160.0,-2.450758996683025,True,False,
slow_delayed_observer,5.625,12.818181818181818,45.0,10.0,160.0,-2.4192129766212966,True,False,
slow_delayed_observer,5.625,13.136363636363637,45.0,10.0,160.0,-2.388245204259857,True,False,
slow_delayed_observer,5.625,13.454545454545455,45.0,10.0,160.0,-2.3578384676706823,True,False,
slow_delayed_observer,5.625,13.772727272727273,45.0,10.0,160.0,-2.3279759263171043,True,False,
slow_delayed_observer,5.625,14.09090909090909,45.0,10.0,160.0,-2.298641146002762,True,False,
slow_delayed_observer,5.625,14.409090909090908,45.0,10.0,160.0,-2.2698205578422077,True,False,
slow_delayed_observer,5.625,14.727272727272727,45.0,10.0,160.0,-2.241497977093058,True,False,
slow_delayed_observer,5.625,15.045454545454545,45.0,10.0,160.0,-2.2136570972462555,True,False,
slow_delayed_observer,5.625,15.363636363636363,45.0,10.0,160.0,-2.1862862956373563,True,False,
slow_delayed_observer,5.625,15.681818181818182,45.0,10.0,160.0,-2.159371299036833,True,False,
slow_delayed_observer,5.625,16.0,45.0,10.0,160.0,-2.1328987277812437,True,False,
slow_delayed_observer,5.75,2.0,45.0,10.0,160.0,-4.141545788364217,True,False,
slow_delayed_observer,5.75,2.3181818181818183,45.0,10.0,160.0,-4.065179974658977,True,False,
slow_delayed_observer,5.75,2.6363636363636362,45.0,10.0,160.0,-3.991986184883641,True,False,
slow_delayed_observer,5.75,2.9545454545454546,45.0,10.0,160.0,-3.9217014528408027,True,False,
slow_delayed_observer,5.75,3.2727272727272725,45.0,10.0,160.0,-3.8540519098140043,True,False,
slow_delayed_observer,5.75,3.590909090909091,45.0,10.0,160.0,-3.7887625189089222,True,False,
slow_delayed_observer,5.75,3.909090909090909,45.0,10.0,160.0,-3.7256965837787788,True,False,
slow_delayed_observer,5.75,4.227272727272727,45.0,10.0,160.0,-3.6646824809742333,True,False,
slow_delayed_observer,5.75,4.545454545454545,45.0,10.0,160.0,-3.6055726068215175,True,False,
slow_delayed_observer,5.75,4.863636363636363,45.0,10.0,160.0,-3.548238216932156,True,False,
slow_delayed_observer,5.75,5.181818181818182,45.0,10.0,160.0,-3.492576777689192,True,False,
slow_delayed_observer,5.75,5.5,45.0,10.0,160.0,-3.4384970851035406,True,False,
slow_delayed_observer,5.75,5.818181818181818,45.0,10.0,160.0,-3.385907436014109,True,False,
slow_delayed_observer,5.75,6.136363636363637,45.0,10.0,160.0,-3.3347193345200443,True,False,
slow_delayed_observer,5.75,6.454545454545454,45.0,10.0,160.0,-3.2848784648477487,True,False,
slow_delayed_observer,5.75,6.7727272727272725,45.0,10.0,160.0,-3.2363025792024356,True,False,
slow_delayed_observer,5.75,7.090909090909091,45.0,10.0,160.0,-3.188938432559332,True,False,
slow_delayed_observer,5.75,7.409090909090909,45.0,10.0,160.0,-3.1427321464485325,True,False,
slow_delayed_observer,5.75,7.7272727272727275,45.0,10.0,160.0,-3.097630696028974,True,False,
slow_delayed_observer,5.75,8.045454545454545,45.0,10.0,160.0,-3.0535828258102398,True,False,
slow_delayed_observer,5.75,8.363636363636363,45.0,10.0,160.0,-3.010547206456363,True,False,
slow_delayed_observer,5.75,8.681818181818182,45.0,10.0,160.0,-2.9684835354762433,True,False,
slow_delayed_observer,5.75,9.0,45.0,10.0,160.0,-2.9273527640440067,True,False,
slow_delayed_observer,5.75,9.318181818181818,45.0,10.0,160.0,-2.887115740361086,True,False,
slow_delayed_observer,5.75,9.636363636363637,45.0,10.0,160.0,-2.8477408651594516,True,False,
slow_delayed_observer,5.75,9.954545454545453,45.0,10.0,160.0,-2.809196940167165,True,False,
slow_delayed_observer,5.75,10.272727272727273,45.0,10.0,160.0,-2.77145349390351,True,False,
slow_delayed_observer,5.75,10.59090909090909,45.0,10.0,160.0,-2.734480998528373,True,False,
slow_delayed_observer,5.75,10.909090909090908,45.0,10.0,160.0,-2.698251006416501,True,False,
slow_delayed_observer,5.75,11.227272727272727,45.0,10.0,160.0,-2.662744861805195,True,False,
slow_delayed_observer,5.75,11.545454545454545,45.0,10.0,160.0,-2.6279308038219793,True,False,
slow_delayed_observer,5.75,11.863636363636363,45.0,10.0,160.0,-2.5937922375268716,True,False,
slow_delayed_observer,5.75,12.181818181818182,45.0,10.0,160.0,-2.560301825964716,True,False,
slow_delayed_observer,5.75,12.5,45.0,10.0,160.0,-2.5274425299426455,True,False,
slow_delayed_observer,5.75,12.818181818181818,45.0,10.0,160.0,-2.49519548721288,True,False,
slow_delayed_observer,5.75,13.136363636363637,45.0,10.0,160.0,-2.463539542132295,True,False,
slow_delayed_observer,5.75,13.454545454545455,45.0,10.0,160.0,-2.4324571002855837,True,False,
slow_delayed_observer,5.75,13.772727272727273,45.0,10.0,160.0,-2.4019309469019317,True,False,
slow_delayed_observer,5.75,14.09090909090909,45.0,10.0,160.0,-2.371944282580595,True,False,
slow_delayed_observer,5.75,14.409090909090908,45.0,10.0,160.0,-2.342483236905368,True,False,
slow_delayed_observer,5.75,14.727272727272727,45.0,10.0,160.0,-2.3135312654729034,True,False,
slow_delayed_observer,5.75,15.045454545454545,45.0,10.0,160.0,-2.285071699407284,True,False,
slow_delayed_observer,5.75,15.363636363636363,45.0,10.0,160.0,-2.2570926577626285,True,False,
slow_delayed_observer,5.75,15.681818181818182,45.0,10.0,160.0,-2.229579550126541,True,False,
slow_delayed_observer,5.75,16.0,45.0,10.0,160.0,-2.202518699509718,True,False,
slow_delayed_observer,5.875,2.0,45.0,10.0,160.0,-4.253318522893876,True,False,
slow_delayed_observer,5.875,2.3181818181818183,45.0,10.0,160.0,-4.1752925828037375,True,False,
slow_delayed_observer,5.875,2.6363636363636362,45.0,10.0,160.0,-4.100507623685459,True,False,
slow_delayed_observer,5.875,2.9545454545454546,45.0,10.0,160.0,-4.02869496268517,True,False,
slow_delayed_observer,5.875,3.2727272727272725,45.0,10.0,160.0,-3.959574777418662,True,False,
slow_delayed_observer,5.875,3.590909090909091,45.0,10.0,160.0,-3.8928660519286837,True,False,
slow_delayed_observer,5.875,3.909090909090909,45.0,10.0,160.0,-3.828429118208751,True,False,
slow_delayed_observer,5.875,4.227272727272727,45.0,10.0,160.0,-3.7660886218649807,True,False,
slow_delayed_observer,5.875,4.545454545454545,45.0,10.0,160.0,-3.705693750448074,True,False,
slow_delayed_observer,5.875,4.863636363636363,45.0,10.0,160.0,-3.647112960778509,True,False,
slow_delayed_observer,5.875,5.181818181818182,45.0,10.0,160.0,-3.590241490247652,True,False,
slow_delayed_observer,5.875,5.5,45.0,10.0,160.0,-3.534986152171009,True,False,
slow_delayed_observer,5.875,5.818181818181818,45.0,10.0,160.0,-3.4812532498404987,True,False,
slow_delayed_observer,5.875,6.136363636363637,45.0,10.0,160.0,-3.4289523635313484,True,False,
slow_delayed_observer,5.875,6.454545454545454,45.0,10.0,160.0,-3.378027996692264,True,False,
slow_delayed_observer,5.875,6.7727272727272725,45.0,10.0,160.0,-3.3283961135329267,True,False,
slow_delayed_observer,5.875,7.090909090909091,45.0,10.0,160.0,-3.280002311528014,True,False,
slow_delayed_observer,5.875,7.409090909090909,45.0,10.0,160.0,-3.232791540936542,True,False,
slow_delayed_observer,5.875,7.7272727272727275,45.0,10.0,160.0,-3.186709624203512,True,False,
slow_delayed_observer,5.875,8.045454545454545,45.0,10.0,160.0,-3.1417041915887247,True,False,
slow_delayed_observer,5.875,8.363636363636363,45.0,10.0,160.0,-3.0977330152923725,True,False,
slow_delayed_observer,5.875,8.681818181818182,45.0,10.0,160.0,-3.0547549166822447,True,False,
slow_delayed_observer,5.875,9.0,45.0,10.0,160.0,-3.0127299980449602,True,False,
slow_delayed_observer,5.875,9.318181818181818,45.0,10.0,160.0,-2.9716182564558915,True,False,
slow_delayed_observer,5.875,9.636363636363637,45.0,10.0,160.0,-2.9313874057063933,True,False,
slow_delayed_observer,5.875,9.954545454545453,45.0,10.0,160.0,-2.8920055693012343,True,False,
slow_delayed_observer,5.875,10.272727272727273,45.0,10.0,160.0,-2.853441613336196,True,False,
slow_delayed_observer,5.875,10.59090909090909,45.0,10.0,160.0,-2.815665368061597,True,False,
slow_delayed_observer,5.875,10.909090909090908,45.0,10.0,160.0,-2.778647767425557,True,False,
slow_delayed_observer,5.875,11.227272727272727,45.0,10.0,160.0,-2.7423697501053095,True,False,
slow_delayed_observer,5.875,11.545454545454545,45.0,10.0,160.0,-2.7067988647746315,True,False,
slow_delayed_observer,5.875,11.863636363636363,45.0,10.0,160.0,-2.6719181557339797,True,False,
slow_delayed_observer,5.875,12.181818181818182,45.0,10.0,160.0,-2.6376996917465614,True,False,
slow_delayed_observer,5.875,12.5,45.0,10.0,160.0,-2.604126063202276,True,False,
slow_delayed_observer,5.875,12.818181818181818,45.0,10.0,160.0,-2.5711779978044635,True,False,
slow_delayed_observer,5.875,13.136363636363637,45.0,10.0,160.0,-2.5388338800047383,True,False,
slow_delayed_observer,5.875,13.454545454545455,45.0,10.0,160.0,-2.507075732900494,True,False,
slow_delayed_observer,5.875,13.772727272727273,45.0,10.0,160.0,-2.475885967486757,True,False,
slow_delayed_observer,5.875,14.09090909090909,45.0,10.0,160.0,-2.4452474191584397,True,False,
slow_delayed_observer,5.875,14.409090909090908,45.0,10.0,160.0,-2.415145915968527,True,False,
slow_delayed_observer,5.875,14.727272727272727,45.0,10.0,160.0,-2.385564553852751,True,False,
slow_delayed_observer,5.875,15.045454545454545,45.0,10.0,160.0,-2.3564863015683164,True,False,
slow_delayed_observer,5.875,15.363636363636363,45.0,10.0,160.0,-2.3278990198879006,True,False,
slow_delayed_observer,5.875,15.681818181818182,45.0,10.0,160.0,-2.299787801216246,True,False,
slow_delayed_observer,5.875,16.0,45.0,10.0,160.0,-2.272138671238187,True,False,
slow_delayed_observer,6.0,2.0,45.0,10.0,160.0,-4.365091257423528,True,False,
slow_delayed_observer,6.0,2.3181818181818183,45.0,10.0,160.0,-4.285405190948496,True,False,
slow_delayed_observer,6.0,2.6363636363636362,45.0,10.0,160.0,-4.209029062487278,True,False,
slow_delayed_observer,6.0,2.9545454545454546,45.0,10.0,160.0,-4.135688472529534,True,False,
slow_delayed_observer,6.0,3.2727272727272725,45.0,10.0,160.0,-4.065097645023312,True,False,
slow_delayed_observer,6.0,3.590909090909091,45.0,10.0,160.0,-3.9969695849484426,True,False,
slow_delayed_observer,6.0,3.909090909090909,45.0,10.0,160.0,-3.931161652638728,True,False,
slow_delayed_observer,6.0,4.227272727272727,45.0,10.0,160.0,-3.8674947627557246,True,False,
slow_delayed_observer,6.0,4.545454545454545,45.0,10.0,160.0,-3.8058148940746257,True,False,
slow_delayed_observer,6.0,4.863636363636363,45.0,10.0,160.0,-3.7459877046248606,True,False,
slow_delayed_observer,6.0,5.181818181818182,45.0,10.0,160.0,-3.687906202806113,True,False,
slow_delayed_observer,6.0,5.5,45.0,10.0,160.0,-3.6314752192384807,True,False,
slow_delayed_observer,6.0,5.818181818181818,45.0,10.0,160.0,-3.576599063666894,True,False,
slow_delayed_observer,6.0,6.136363636363637,45.0,10.0,160.0,-3.5231853925426555,True,False,
slow_delayed_observer,6.0,6.454545454545454,45.0,10.0,160.0,-3.471177528536779,True,False,
slow_delayed_observer,6.0,6.7727272727272725,45.0,10.0,160.0,-3.4204896478634095,True,False,
slow_delayed_observer,6.0,7.090909090909091,45.0,10.0,160.0,-3.371066190496698,True,False,
slow_delayed_observer,6.0,7.409090909090909,45.0,10.0,160.0,-3.322850935424555,True,False,
slow_delayed_observer,6.0,7.7272727272727275,45.0,10.0,160.0,-3.275788552378058,True,False,
slow_delayed_observer,6.0,8.045454545454545,45.0,10.0,160.0,-3.2298255573672057,True,False,
slow_delayed_observer,6.0,8.363636363636363,45.0,10.0,160.0,-3.184918824128382,True,False,
slow_delayed_observer,6.0,8.681818181818182,45.0,10.0,160.0,-3.1410262978882506,True,False,
slow_delayed_observer,6.0,9.0,45.0,10.0,160.0,-3.0981072320459164,True,False,
slow_delayed_observer,6.0,9.318181818181818,45.0,10.0,160.0,-3.056120772550697,True,False,
slow_delayed_observer,6.0,9.636363636363637,45.0,10.0,160.0,-3.015033946253338,True,False,
slow_delayed_observer,6.0,9.954545454545453,45.0,10.0,160.0,-2.9748141984353054,True,False,
slow_delayed_observer,6.0,10.272727272727273,45.0,10.0,160.0,-2.935429732768877,True,False,
slow_delayed_observer,6.0,10.59090909090909,45.0,10.0,160.0,-2.896849737594821,True,False,
slow_delayed_observer,6.0,10.909090909090908,45.0,10.0,160.0,-2.8590445284346147,True,False,
slow_delayed_observer,6.0,11.227272727272727,45.0,10.0,160.0,-2.8219946384054233,True,False,
slow_delayed_observer,6.0,11.545454545454545,45.0,10.0,160.0,-2.7856669257272824,True,False,
slow_delayed_observer,6.0,11.863636363636363,45.0,10.0,160.0,-2.750044073941083,True,False,
slow_delayed_observer,6.0,12.181818181818182,45.0,10.0,160.0,-2.715097557528399,True,False,
slow_delayed_observer,6.0,12.5,45.0,10.0,160.0,-2.6808095964618963,True,False,
slow_delayed_observer,6.0,12.818181818181818,45.0,10.0,160.0,-2.647160508396049,True,False,
slow_delayed_observer,6.0,13.136363636363637,45.0,10.0,160.0,-2.61412821787718,True,False,
slow_delayed_observer,6.0,13.454545454545455,45.0,10.0,160.0,-2.581694365515395,True,False,
slow_delayed_observer,6.0,13.772727272727273,45.0,10.0,160.0,-2.5498409880715793,True,False,
slow_delayed_observer,6.0,14.09090909090909,45.0,10.0,160.0,-2.5185505557362755,True,False,
slow_delayed_observer,6.0,14.409090909090908,45.0,10.0,160.0,-2.4878085950316877,True,False,
slow_delayed_observer,6.0,14.727272727272727,45.0,10.0,160.0,-2.457597842232593,True,False,
slow_delayed_observer,6.0,15.045454545454545,45.0,10.0,160.0,-2.427900903729342,True,False,
slow_delayed_observer,6.0,15.363636363636363,45.0,10.0,160.0,-2.39870538201318,True,False,
slow_delayed_observer,6.0,15.681818181818182,45.0,10.0,160.0,-2.3699960523059547,True,False,
slow_delayed_observer,6.0,16.0,45.0,10.0,160.0,-2.3417586429666617,True,False,
