noise_strength,observer,current_time,current_v,probe_auc,recovery_probability,mean_future_v_min,std_future_v_min
0.0,slow_observer,0.0,1.0,0.8,1.0,0.4100001523769619,0.0
0.0,slow_observer,0.0,1.0,0.9285714285714286,1.0,0.315178748294688,0.0
0.0,slow_observer,0.0,1.0,1.0571428571428572,1.0,0.2203573442124145,0.0
0.0,slow_observer,0.0,1.0,1.185714285714286,1.0,0.12553594013013922,0.0
0.0,slow_observer,0.0,1.0,1.3142857142857145,0.0,0.03071453604786725,0.0
0.0,slow_observer,0.0,1.0,1.442857142857143,0.0,-0.06410686803440752,0.0
0.0,slow_observer,0.0,1.0,1.5714285714285716,0.0,-0.1589282721166825,2.7755575615628914e-17
0.0,slow_observer,0.0,1.0,1.7000000000000002,0.0,-0.2537496761989557,0.0
0.0,slow_observer,0.0,1.0,1.8285714285714287,0.0,-0.34857108028122935,5.551115123125783e-17
0.0,slow_observer,0.0,1.0,1.9571428571428573,0.0,-0.4433924843635038,5.551115123125783e-17
0.0,slow_observer,0.0,1.0,2.085714285714286,0.0,-0.5382138884457769,0.0
0.0,slow_observer,0.0,1.0,2.2142857142857144,0.0,-0.6330352925280528,0.0
0.0,slow_observer,0.0,1.0,2.3428571428571434,0.0,-0.7278566966103249,0.0
0.0,slow_observer,0.0,1.0,2.4714285714285715,0.0,-0.8226781006925988,1.1102230246251565e-16
0.0,slow_observer,0.0,1.0,2.6000000000000005,0.0,-0.9174995047748741,0.0
0.0,slow_observer,0.0,1.0,2.7285714285714286,0.0,-1.0123209088571479,0.0
0.0,slow_observer,0.0,1.0,2.8571428571428577,0.0,-1.1071423129394222,0.0
0.0,slow_observer,0.0,1.0,2.9857142857142858,0.0,-1.2019637170216948,0.0
0.0,slow_observer,0.0,1.0,3.1142857142857148,0.0,-1.2967851211039692,2.220446049250313e-16
0.0,slow_observer,0.0,1.0,3.242857142857143,0.0,-1.391606525186244,2.220446049250313e-16
0.0,slow_observer,0.0,1.0,3.371428571428572,0.0,-1.4864279292685174,2.220446049250313e-16
0.0,slow_observer,0.0,1.0,3.5,0.0,-1.58124933335079,2.220446049250313e-16
0.0,slow_observer,8.0,1.0,0.8,1.0,0.4100001523769619,0.0
0.0,slow_observer,8.0,1.0,0.9285714285714286,1.0,0.315178748294688,0.0
0.0,slow_observer,8.0,1.0,1.0571428571428572,1.0,0.2203573442124145,0.0
0.0,slow_observer,8.0,1.0,1.185714285714286,1.0,0.12553594013013922,0.0
0.0,slow_observer,8.0,1.0,1.3142857142857145,0.0,0.03071453604786725,0.0
0.0,slow_observer,8.0,1.0,1.442857142857143,0.0,-0.06410686803440752,0.0
0.0,slow_observer,8.0,1.0,1.5714285714285716,0.0,-0.1589282721166825,2.7755575615628914e-17
0.0,slow_observer,8.0,1.0,1.7000000000000002,0.0,-0.2537496761989557,0.0
0.0,slow_observer,8.0,1.0,1.8285714285714287,0.0,-0.34857108028122935,5.551115123125783e-17
0.0,slow_observer,8.0,1.0,1.9571428571428573,0.0,-0.4433924843635038,5.551115123125783e-17
0.0,slow_observer,8.0,1.0,2.085714285714286,0.0,-0.5382138884457769,0.0
0.0,slow_observer,8.0,1.0,2.2142857142857144,0.0,-0.6330352925280528,0.0
0.0,slow_observer,8.0,1.0,2.3428571428571434,0.0,-0.7278566966103249,0.0
0.0,slow_observer,8.0,1.0,2.4714285714285715,0.0,-0.8226781006925988,1.1102230246251565e-16
0.0,slow_observer,8.0,1.0,2.6000000000000005,0.0,-0.9174995047748741,0.0
0.0,slow_observer,8.0,1.0,2.7285714285714286,0.0,-1.0123209088571479,0.0
0.0,slow_observer,8.0,1.0,2.8571428571428577,0.0,-1.1071423129394222,0.0
0.0,slow_observer,8.0,1.0,2.9857142857142858,0.0,-1.2019637170216948,0.0
0.0,slow_observer,8.0,1.0,3.1142857142857148,0.0,-1.2967851211039692,2.220446049250313e-16
0.0,slow_observer,8.0,1.0,3.242857142857143,0.0,-1.391606525186244,2.220446049250313e-16
0.0,slow_observer,8.0,1.0,3.371428571428572,0.0,-1.4864279292685174,2.220446049250313e-16
0.0,slow_observer,8.0,1.0,3.5,0.0,-1.58124933335079,2.220446049250313e-16
0.0,slow_observer,16.0,0.9999999999978356,0.8,1.0,0.4100001523761984,0.0
0.0,slow_observer,16.0,0.9999999999978356,0.9285714285714286,1.0,0.3151787482939245,0.0
0.0,slow_observer,16.0,0.9999999999978356,1.0571428571428572,1.0,0.22035734421165043,0.0
0.0,slow_observer,16.0,0.9999999999978356,1.185714285714286,1.0,0.12553594012937683,0.0
0.0,slow_observer,16.0,0.9999999999978356,1.3142857142857145,0.0,0.030714536047102833,3.469446951953614e-18
0.0,slow_observer,16.0,0.9999999999978356,1.442857142857143,0.0,-0.06410686803517081,0.0
0.0,slow_observer,16.0,0.9999999999978356,1.5714285714285716,0.0,-0.15892827211744545,0.0
0.0,slow_observer,16.0,0.9999999999978356,1.7000000000000002,0.0,-0.25374967619971817,0.0
0.0,slow_observer,16.0,0.9999999999978356,1.8285714285714287,0.0,-0.34857108028199324,0.0
0.0,slow_observer,16.0,0.9999999999978356,1.9571428571428573,0.0,-0.4433924843642672,5.551115123125783e-17
0.0,slow_observer,16.0,0.9999999999978356,2.085714285714286,0.0,-0.538213888446541,1.1102230246251565e-16
0.0,slow_observer,16.0,0.9999999999978356,2.2142857142857144,0.0,-0.6330352925288153,0.0
0.0,slow_observer,16.0,0.9999999999978356,2.3428571428571434,0.0,-0.7278566966110888,1.1102230246251565e-16
0.0,slow_observer,16.0,0.9999999999978356,2.4714285714285715,0.0,-0.8226781006933627,0.0
0.0,slow_observer,16.0,0.9999999999978356,2.6000000000000005,0.0,-0.9174995047756366,0.0
0.0,slow_observer,16.0,0.9999999999978356,2.7285714285714286,0.0,-1.0123209088579095,0.0
0.0,slow_observer,16.0,0.9999999999978356,2.8571428571428577,0.0,-1.1071423129401852,2.220446049250313e-16
0.0,slow_observer,16.0,0.9999999999978356,2.9857142857142858,0.0,-1.2019637170224577,0.0
0.0,slow_observer,16.0,0.9999999999978356,3.1142857142857148,0.0,-1.2967851211047332,0.0
0.0,slow_observer,16.0,0.9999999999978356,3.242857142857143,0.0,-1.391606525187006,2.220446049250313e-16
0.0,slow_observer,16.0,0.9999999999978356,3.371428571428572,0.0,-1.486427929269281,0.0
0.0,slow_observer,16.0,0.9999999999978356,3.5,0.0,-1.5812493333515538,2.220446049250313e-16
0.0,slow_observer,24.0,0.9999995122996735,0.8,1.0,0.4099999804335459,0.0
0.0,slow_observer,24.0,0.9999995122996735,0.9285714285714286,1.0,0.3151785763512724,5.551115123125783e-17
0.0,slow_observer,24.0,0.9999995122996735,1.0571428571428572,1.0,0.2203571722689985,2.7755575615628914e-17
0.0,slow_observer,24.0,0.9999995122996735,1.185714285714286,1.0,0.12553576818672443,0.0
0.0,slow_observer,24.0,0.9999995122996735,1.3142857142857145,0.0,0.030714364104450765,3.469446951953614e-18
0.0,slow_observer,24.0,0.9999995122996735,1.442857142857143,0.0,-0.06410703997782397,0.0
0.0,slow_observer,24.0,0.9999995122996735,1.5714285714285716,0.0,-0.15892844406009765,0.0
0.0,slow_observer,24.0,0.9999995122996735,1.7000000000000002,0.0,-0.2537498481423714,5.551115123125783e-17
0.0,slow_observer,24.0,0.9999995122996735,1.8285714285714287,0.0,-0.3485712522246455,0.0
0.0,slow_observer,24.0,0.9999995122996735,1.9571428571428573,0.0,-0.44339265630691943,5.551115123125783e-17
0.0,slow_observer,24.0,0.9999995122996735,2.085714285714286,0.0,-0.5382140603891935,0.0
0.0,slow_observer,24.0,0.9999995122996735,2.2142857142857144,0.0,-0.6330354644714681,1.1102230246251565e-16
0.0,slow_observer,24.0,0.9999995122996735,2.3428571428571434,0.0,-0.7278568685537418,0.0
0.0,slow_observer,24.0,0.9999995122996735,2.4714285714285715,0.0,-0.8226782726360148,0.0
0.0,slow_observer,24.0,0.9999995122996735,2.6000000000000005,0.0,-0.9174996767182891,0.0
0.0,slow_observer,24.0,0.9999995122996735,2.7285714285714286,0.0,-1.0123210808005634,0.0
0.0,slow_observer,24.0,0.9999995122996735,2.8571428571428577,0.0,-1.1071424848828373,0.0
0.0,slow_observer,24.0,0.9999995122996735,2.9857142857142858,0.0,-1.201963888965112,0.0
0.0,slow_observer,24.0,0.9999995122996735,3.1142857142857148,0.0,-1.2967852930473855,2.220446049250313e-16
0.0,slow_observer,24.0,0.9999995122996735,3.242857142857143,0.0,-1.3916066971296581,2.220446049250313e-16
0.0,slow_observer,24.0,0.9999995122996735,3.371428571428572,0.0,-1.486428101211935,0.0
0.0,slow_observer,24.0,0.9999995122996735,3.5,0.0,-1.581249505294206,0.0
0.0,slow_observer,32.0,0.9977045301088113,0.8,1.0,0.4091908625071364,5.551115123125783e-17
0.0,slow_observer,32.0,0.9977045301088113,0.9285714285714286,1.0,0.3143694584248622,0.0
0.0,slow_observer,32.0,0.9977045301088113,1.0571428571428572,1.0,0.21954805434258895,0.0
0.0,slow_observer,32.0,0.9977045301088113,1.185714285714286,1.0,0.12472665026031461,1.3877787807814457e-17
0.0,slow_observer,32.0,0.9977045301088113,1.3142857142857145,0.0,0.0299052461780402,3.469446951953614e-18
0.0,slow_observer,32.0,0.9977045301088113,1.442857142857143,0.0,-0.06491615790423348,0.0
0.0,slow_observer,32.0,0.9977045301088113,1.5714285714285716,0.0,-0.15973756198650704,0.0
0.0,slow_observer,32.0,0.9977045301088113,1.7000000000000002,0.0,-0.25455896606878164,5.551115123125783e-17
0.0,slow_observer,32.0,0.9977045301088113,1.8285714285714287,0.0,-0.3493803701510552,5.551115123125783e-17
0.0,slow_observer,32.0,0.9977045301088113,1.9571428571428573,0.0,-0.44420177423332835,0.0
0.0,slow_observer,32.0,0.9977045301088113,2.085714285714286,0.0,-0.5390231783156035,0.0
0.0,slow_observer,32.0,0.9977045301088113,2.2142857142857144,0.0,-0.6338445823978774,0.0
0.0,slow_observer,32.0,0.9977045301088113,2.3428571428571434,0.0,-0.7286659864801518,0.0
0.0,slow_observer,32.0,0.9977045301088113,2.4714285714285715,0.0,-0.8234873905624253,0.0
0.0,slow_observer,32.0,0.9977045301088113,2.6000000000000005,0.0,-0.9183087946446983,0.0
0.0,slow_observer,32.0,0.9977045301088113,2.7285714285714286,0.0,-1.0131301987269732,0.0
0.0,slow_observer,32.0,0.9977045301088113,2.8571428571428577,0.0,-1.1079516028092475,0.0
0.0,slow_observer,32.0,0.9977045301088113,2.9857142857142858,0.0,-1.2027730068915206,2.220446049250313e-16
0.0,slow_observer,32.0,0.9977045301088113,3.1142857142857148,0.0,-1.2975944109737947,0.0
0.0,slow_observer,32.0,0.9977045301088113,3.242857142857143,0.0,-1.3924158150560686,0.0
0.0,slow_observer,32.0,0.9977045301088113,3.371428571428572,0.0,-1.4872372191383418,0.0
0.0,slow_observer,32.0,0.9977045301088113,3.5,0.0,-1.5820586232206162,2.220446049250313e-16
0.0,slow_observer,40.0,0.7355625191315234,0.8,1.0,0.31603763508052257,0.0
0.0,slow_observer,40.0,0.7355625191315234,0.9285714285714286,1.0,0.22130880127577754,0.0
0.0,slow_observer,40.0,0.7355625191315234,1.0571428571428572,1.0,0.12655683226098335,0.0
0.0,slow_observer,40.0,0.7355625191315234,1.185714285714286,0.0,0.031790655127850426,0.0
0.0,slow_observer,40.0,0.7355625191315234,1.3142857142857145,0.0,-0.06298494210549828,0.0
0.0,slow_observer,40.0,0.7355625191315234,1.442857142857143,0.0,-0.1577715012305465,0.0
0.0,slow_observer,40.0,0.7355625191315234,1.5714285714285716,0.0,-0.2525620605719579,5.551115123125783e-17
0.0,slow_observer,40.0,0.7355625191315234,1.7000000000000002,0.0,-0.34735439803263507,0.0
0.0,slow_observer,40.0,0.7355625191315234,1.8285714285714287,0.0,-0.44215694195194005,0.0
0.0,slow_observer,40.0,0.7355625191315234,1.9571428571428573,0.0,-0.5369594858712458,1.1102230246251565e-16
0.0,slow_observer,40.0,0.7355625191315234,2.085714285714286,0.0,-0.6317620297905501,0.0
0.0,slow_observer,40.0,0.7355625191315234,2.2142857142857144,0.0,-0.7265645737098558,0.0
0.0,slow_observer,40.0,0.7355625191315234,2.3428571428571434,0.0,-0.8213754558422132,1.1102230246251565e-16
0.0,slow_observer,40.0,0.7355625191315234,2.4714285714285715,0.0,-0.9161870415623955,0.0
0.0,slow_observer,40.0,0.7355625191315234,2.6000000000000005,0.0,-1.0109986272825793,0.0
0.0,slow_observer,40.0,0.7355625191315234,2.7285714285714286,0.0,-1.1058102130027623,2.220446049250313e-16
0.0,slow_observer,40.0,0.7355625191315234,2.8571428571428577,0.0,-1.2006217987229453,0.0
0.0,slow_observer,40.0,0.7355625191315234,2.9857142857142858,0.0,-1.2954333844431287,2.220446049250313e-16
0.0,slow_observer,40.0,0.7355625191315234,3.1142857142857148,0.0,-1.3902449701633117,0.0
0.0,slow_observer,40.0,0.7355625191315234,3.242857142857143,0.0,-1.4850565558834956,0.0
0.0,slow_observer,40.0,0.7355625191315234,3.371428571428572,0.0,-1.5798728238897721,2.220446049250313e-16
0.0,slow_observer,40.0,0.7355625191315234,3.5,0.0,-1.6746905435321964,0.0
0.0,slow_observer,48.0,-0.281765415063314,0.8,0.0,-0.281765415063314,0.0
0.0,slow_observer,48.0,-0.281765415063314,0.9285714285714286,0.0,-0.281765415063314,0.0
0.0,slow_observer,48.0,-0.281765415063314,1.0571428571428572,0.0,-0.281765415063314,0.0
0.0,slow_observer,48.0,-0.281765415063314,1.185714285714286,0.0,-0.33697135111582227,0.0
0.0,slow_observer,48.0,-0.281765415063314,1.3142857142857145,0.0,-0.43082418926844873,0.0
0.0,slow_observer,48.0,-0.281765415063314,1.442857142857143,0.0,-0.5248427893342004,1.1102230246251565e-16
0.0,slow_observer,48.0,-0.281765415063314,1.5714285714285716,0.0,-0.6189859059845458,0.0
0.0,slow_observer,48.0,-0.281765415063314,1.7000000000000002,0.0,-0.7132353153447637,0.0
0.0,slow_observer,48.0,-0.281765415063314,1.8285714285714287,0.0,-0.8075595278265305,1.1102230246251565e-16
0.0,slow_observer,48.0,-0.281765415063314,1.9571428571428573,0.0,-0.9019466191515279,0.0
0.0,slow_observer,48.0,-0.281765415063314,2.085714285714286,0.0,-0.9963868700688504,1.1102230246251565e-16
0.0,slow_observer,48.0,-0.281765415063314,2.2142857142857144,0.0,-1.0908706931740948,0.0
0.0,slow_observer,48.0,-0.281765415063314,2.3428571428571434,0.0,-1.1853886343622244,2.220446049250313e-16
0.0,slow_observer,48.0,-0.281765415063314,2.4714285714285715,0.0,-1.2799332331746882,0.0
0.0,slow_observer,48.0,-0.281765415063314,2.6000000000000005,0.0,-1.3745159840258285,0.0
0.0,slow_observer,48.0,-0.281765415063314,2.7285714285714286,0.0,-1.469111101472618,0.0
0.0,slow_observer,48.0,-0.281765415063314,2.8571428571428577,0.0,-1.5637324738453204,0.0
0.0,slow_observer,48.0,-0.281765415063314,2.9857142857142858,0.0,-1.6583644915373712,2.220446049250313e-16
0.0,slow_observer,48.0,-0.281765415063314,3.1142857142857148,0.0,-1.7530194109795667,2.220446049250313e-16
0.0,slow_observer,48.0,-0.281765415063314,3.242857142857143,0.0,-1.8476743304217624,0.0
0.0,slow_observer,48.0,-0.281765415063314,3.371428571428572,0.0,-1.9423583739690244,0.0
0.0,slow_observer,48.0,-0.281765415063314,3.5,0.0,-2.037043658329495,0.0
0.0,slow_observer,56.0,-0.2164131259346465,0.8,0.0,-0.21641312593464648,2.7755575615628914e-17
0.0,slow_observer,56.0,-0.2164131259346465,0.9285714285714286,0.0,-0.21641312593464648,2.7755575615628914e-17
0.0,slow_observer,56.0,-0.2164131259346465,1.0571428571428572,0.0,-0.21917401951226576,0.0
0.0,slow_observer,56.0,-0.2164131259346465,1.185714285714286,0.0,-0.31291115098493516,0.0
0.0,slow_observer,56.0,-0.2164131259346465,1.3142857142857145,0.0,-0.406857474212904,0.0
0.0,slow_observer,56.0,-0.2164131259346465,1.442857142857143,0.0,-0.5009530837142929,0.0
0.0,slow_observer,56.0,-0.2164131259346465,1.5714285714285716,0.0,-0.5951616311749585,0.0
0.0,slow_observer,56.0,-0.2164131259346465,1.7000000000000002,0.0,-0.6894652496977159,0.0
0.0,slow_observer,56.0,-0.2164131259346465,1.8285714285714287,0.0,-0.7838385829712543,0.0
0.0,slow_observer,56.0,-0.2164131259346465,1.9571428571428573,0.0,-0.8782683875298013,1.1102230246251565e-16
0.0,slow_observer,56.0,-0.2164131259346465,2.085714285714286,0.0,-0.9727450442777049,1.1102230246251565e-16
0.0,slow_observer,56.0,-0.2164131259346465,2.2142857142857144,0.0,-1.0672590670842415,0.0
0.0,slow_observer,56.0,-0.2164131259346465,2.3428571428571434,0.0,-1.1618036658967057,0.0
0.0,slow_observer,56.0,-0.2164131259346465,2.4714285714285715,0.0,-1.2563857139982835,0.0
0.0,slow_observer,56.0,-0.2164131259346465,2.6000000000000005,0.0,-1.3509833116821512,2.220446049250313e-16
0.0,slow_observer,56.0,-0.2164131259346465,2.7285714285714286,0.0,-1.445604684054852,0.0
0.0,slow_observer,56.0,-0.2164131259346465,2.8571428571428577,0.0,-1.5402423320397725,0.0
0.0,slow_observer,56.0,-0.2164131259346465,2.9857142857142858,0.0,-1.6348972514819666,0.0
0.0,slow_observer,56.0,-0.2164131259346465,3.1142857142857148,0.0,-1.7295596772594377,0.0
0.0,slow_observer,56.0,-0.2164131259346465,3.242857142857143,0.0,-1.8242449616199077,0.0
0.0,slow_observer,56.0,-0.2164131259346465,3.371428571428572,0.0,-1.9189302459803788,0.0
0.0,slow_observer,56.0,-0.2164131259346465,3.5,0.0,-2.013629633177288,0.0
0.0,slow_observer,64.0,0.0663799976499353,0.8,1.0,0.0663799976499353,0.0
0.0,slow_observer,64.0,0.0663799976499353,0.9285714285714286,0.0,-0.021202239111209328,0.0
0.0,slow_observer,64.0,0.0663799976499353,1.0571428571428572,0.0,-0.11520172682277009,0.0
0.0,slow_observer,64.0,0.0663799976499353,1.185714285714286,0.0,-0.20937444690961482,0.0
0.0,slow_observer,64.0,0.0663799976499353,1.3142857142857145,0.0,-0.30367063934515476,0.0
0.0,slow_observer,64.0,0.0663799976499353,1.442857142857143,0.0,-0.3980552180909284,0.0
0.0,slow_observer,64.0,0.0663799976499353,1.5714285714285716,0.0,-0.4925123115230838,5.551115123125783e-17
0.0,slow_observer,64.0,0.0663799976499353,1.7000000000000002,0.0,-0.5870235443651931,1.1102230246251565e-16
0.0,slow_observer,64.0,0.0663799976499353,1.8285714285714287,0.0,-0.6815756325275318,0.0
0.0,slow_observer,64.0,0.0663799976499353,1.9571428571428573,0.0,-0.7761602423703344,0.0
0.0,slow_observer,64.0,0.0663799976499353,2.085714285714286,0.0,-0.8707806016550341,0.0
0.0,slow_observer,64.0,0.0663799976499353,2.2142857142857144,0.0,-0.9654200429933785,0.0
0.0,slow_observer,64.0,0.0663799976499353,2.3428571428571434,0.0,-1.0600749624355732,0.0
0.0,slow_observer,64.0,0.0663799976499353,2.4714285714285715,0.0,-1.1547548097747262,0.0
0.0,slow_observer,64.0,0.0663799976499353,2.6000000000000005,0.0,-1.249440094135197,0.0
0.0,slow_observer,64.0,0.0663799976499353,2.7285714285714286,0.0,-1.3441451474318544,0.0
0.0,slow_observer,64.0,0.0663799976499353,2.8571428571428577,0.0,-1.4388576481217232,0.0
0.0,slow_observer,64.0,0.0663799976499353,2.9857142857142858,0.0,-1.5335729477819753,0.0
0.0,slow_observer,64.0,0.0663799976499353,3.1142857142857148,0.0,-1.6283095500119968,0.0
0.0,slow_observer,64.0,0.0663799976499353,3.242857142857143,0.0,-1.7230461522420188,0.0
0.0,slow_observer,64.0,0.0663799976499353,3.371428571428572,0.0,-1.8177827544720417,0.0
0.0,slow_observer,64.0,0.0663799976499353,3.5,0.0,-1.9125356246344827,2.220446049250313e-16
0.0,slow_observer,72.0,0.21014780913719353,0.8,1.0,0.125523416351961,0.0
0.0,slow_observer,72.0,0.21014780913719353,0.9285714285714286,0.0,0.031479793000314116,0.0
0.0,slow_observer,72.0,0.21014780913719353,1.0571428571428572,0.0,-0.06274868027682652,0.0
0.0,slow_observer,72.0,0.21014780913719353,1.185714285714286,0.0,-0.15710110859557638,0.0
0.0,slow_observer,72.0,0.21014780913719353,1.3142857142857145,0.0,-0.25153901018269115,0.0
0.0,slow_observer,72.0,0.21014780913719353,1.442857142857143,0.0,-0.34605002339838803,5.551115123125783e-17
0.0,slow_observer,72.0,0.21014780913719353,1.5714285714285716,0.0,-0.4406085633722889,5.551115123125783e-17
0.0,slow_observer,72.0,0.21014780913719353,1.7000000000000002,0.0,-0.5352049648164082,1.1102230246251565e-16
0.0,slow_observer,72.0,0.21014780913719353,1.8285714285714287,0.0,-0.629829950812471,0.0
0.0,slow_observer,72.0,0.21014780913719353,1.9571428571428573,0.0,-0.7244848702546661,0.0
0.0,slow_observer,72.0,0.21014780913719353,2.085714285714286,0.0,-0.8191596650620833,0.0
0.0,slow_observer,72.0,0.21014780913719353,2.2142857142857144,0.0,-0.9138449494225541,0.0
0.0,slow_observer,72.0,0.21014780913719353,2.3428571428571434,0.0,-1.0085542525504037,0.0
0.0,slow_observer,72.0,0.21014780913719353,2.4714285714285715,0.0,-1.1032667532402713,0.0
0.0,slow_observer,72.0,0.21014780913719353,2.6000000000000005,0.0,-1.1979955039347507,0.0
0.0,slow_observer,72.0,0.21014780913719353,2.7285714285714286,0.0,-1.2927321061647727,0.0
0.0,slow_observer,72.0,0.21014780913719353,2.8571428571428577,0.0,-1.3874687083947952,0.0
0.0,slow_observer,72.0,0.21014780913719353,2.9857142857142858,0.0,-1.4822231081974238,0.0
0.0,slow_observer,72.0,0.21014780913719353,3.1142857142857148,0.0,-1.5769807311995472,0.0
0.0,slow_observer,72.0,0.21014780913719353,3.242857142857143,0.0,-1.6717383542016704,2.220446049250313e-16
0.0,slow_observer,72.0,0.21014780913719353,3.371428571428572,0.0,-1.7664977339398984,0.0
0.0,slow_observer,72.0,0.21014780913719353,3.5,0.0,-1.861273331173247,2.220446049250313e-16
0.0,slow_observer,80.0,-0.6106859722051887,0.8,0.0,-0.6106859722051886,1.1102230246251565e-16
0.0,slow_observer,80.0,-0.6106859722051887,0.9285714285714286,0.0,-0.6106859722051886,1.1102230246251565e-16
0.0,slow_observer,80.0,-0.6106859722051887,1.0571428571428572,0.0,-0.6106859722051886,1.1102230246251565e-16
0.0,slow_observer,80.0,-0.6106859722051887,1.185714285714286,0.0,-0.6106859722051886,1.1102230246251565e-16
0.0,slow_observer,80.0,-0.6106859722051887,1.3142857142857145,0.0,-0.6106859722051886,1.1102230246251565e-16
0.0,slow_observer,80.0,-0.6106859722051887,1.442857142857143,0.0,-0.645706371957829,0.0
0.0,slow_observer,80.0,-0.6106859722051887,1.5714285714285716,0.0,-0.7394779066095847,0.0
0.0,slow_observer,80.0,-0.6106859722051887,1.7000000000000002,0.0,-0.8334012219356283,1.1102230246251565e-16
0.0,slow_observer,80.0,-0.6106859722051887,1.8285714285714287,0.0,-0.9274525943102624,0.0
0.0,slow_observer,80.0,-0.6106859722051887,1.9571428571428573,0.0,-1.0215966655549187,2.220446049250313e-16
0.0,slow_observer,80.0,-0.6106859722051887,2.085714285714286,0.0,-1.115819877930777,0.0
0.0,slow_observer,80.0,-0.6106859722051887,2.2142857142857144,0.0,-1.2101124975533037,0.0
0.0,slow_observer,80.0,-0.6106859722051887,2.3428571428571434,0.0,-1.304463916765303,0.0
0.0,slow_observer,80.0,-0.6106859722051887,2.4714285714285715,0.0,-1.398865161502095,0.0
0.0,slow_observer,80.0,-0.6106859722051887,2.6000000000000005,0.0,-1.4933063871918117,2.220446049250313e-16
0.0,slow_observer,80.0,-0.6106859722051887,2.7285714285714286,0.0,-1.5877781330814642,0.0
0.0,slow_observer,80.0,-0.6106859722051887,2.8571428571428577,0.0,-1.6822794396083876,0.0
0.0,slow_observer,80.0,-0.6106859722051887,2.9857142857142858,0.0,-1.7768156718678976,2.220446049250313e-16
0.0,slow_observer,80.0,-0.6106859722051887,3.1142857142857148,0.0,-1.8713606267679828,2.220446049250313e-16
0.0,slow_observer,80.0,-0.6106859722051887,3.242857142857143,0.0,-1.9659452366107855,2.220446049250313e-16
0.0,slow_observer,80.0,-0.6106859722051887,3.371428571428572,0.0,-2.060529846453587,0.0
0.0,slow_observer,80.0,-0.6106859722051887,3.5,0.0,-2.155148028740815,4.440892098500626e-16
0.0,slow_observer,88.0,-0.8900850480399806,0.8,0.0,-0.8900850480399806,0.0
0.0,slow_observer,88.0,-0.8900850480399806,0.9285714285714286,0.0,-0.8900850480399806,0.0
0.0,slow_observer,88.0,-0.8900850480399806,1.0571428571428572,0.0,-0.8900850480399806,0.0
0.0,slow_observer,88.0,-0.8900850480399806,1.185714285714286,0.0,-0.8900850480399806,0.0
0.0,slow_observer,88.0,-0.8900850480399806,1.3142857142857145,0.0,-0.8900850480399806,0.0
0.0,slow_observer,88.0,-0.8900850480399806,1.442857142857143,0.0,-0.8900850480399806,0.0
0.0,slow_observer,88.0,-0.8900850480399806,1.5714285714285716,0.0,-0.8900850480399806,0.0
0.0,slow_observer,88.0,-0.8900850480399806,1.7000000000000002,0.0,-0.9361778222582452,0.0
0.0,slow_observer,88.0,-0.8900850480399806,1.8285714285714287,0.0,-1.0299406999628935,0.0
0.0,slow_observer,88.0,-0.8900850480399806,1.9571428571428573,0.0,-1.123847072602196,0.0
0.0,slow_observer,88.0,-0.8900850480399806,2.085714285714286,0.0,-1.2178542498434757,0.0
0.0,slow_observer,88.0,-0.8900850480399806,2.2142857142857144,0.0,-1.311954878753391,0.0
0.0,slow_observer,88.0,-0.8900850480399806,2.3428571428571434,0.0,-1.4061353628830473,2.220446049250313e-16
0.0,slow_observer,88.0,-0.8900850480399806,2.4714285714285715,0.0,-1.5003783453156307,0.0
0.0,slow_observer,88.0,-0.8900850480399806,2.6000000000000005,0.0,-1.5946740310243266,0.0
0.0,slow_observer,88.0,-0.8900850480399806,2.7285714285714286,0.0,-1.6890254502363258,0.0
0.0,slow_observer,88.0,-0.8900850480399806,2.8571428571428577,0.0,-1.7834175046290193,0.0
0.0,slow_observer,88.0,-0.8900850480399806,2.9857142857142858,0.0,-1.877839689004093,0.0
0.0,slow_observer,88.0,-0.8900850480399806,3.1142857142857148,0.0,-1.9722943895369982,0.0
0.0,slow_observer,88.0,-0.8900850480399806,3.242857142857143,0.0,-2.0667839440690234,4.440892098500626e-16
0.0,slow_observer,88.0,-0.8900850480399806,3.371428571428572,0.0,-2.161285250595944,0.0
0.0,slow_observer,88.0,-0.8900850480399806,3.5,0.0,-2.2558263176894946,0.0
0.0,slow_observer,96.0,-0.4672962159551587,0.8,0.0,-0.46729621595515874,5.551115123125783e-17
0.0,slow_observer,96.0,-0.4672962159551587,0.9285714285714286,0.0,-0.46729621595515874,5.551115123125783e-17
0.0,slow_observer,96.0,-0.4672962159551587,1.0571428571428572,0.0,-0.46729621595515874,5.551115123125783e-17
0.0,slow_observer,96.0,-0.4672962159551587,1.185714285714286,0.0,-0.46729621595515874,5.551115123125783e-17
0.0,slow_observer,96.0,-0.4672962159551587,1.3142857142857145,0.0,-0.4991096906921531,5.551115123125783e-17
0.0,slow_observer,96.0,-0.4672962159551587,1.442857142857143,0.0,-0.5928908068802069,1.1102230246251565e-16
0.0,slow_observer,96.0,-0.4672962159551587,1.5714285714285716,0.0,-0.6868341421819716,0.0
0.0,slow_observer,96.0,-0.4672962159551587,1.7000000000000002,0.0,-0.7809058302813298,0.0
0.0,slow_observer,96.0,-0.4672962159551587,1.8285714285714287,0.0,-0.8750824761148318,1.1102230246251565e-16
0.0,slow_observer,96.0,-0.4672962159551587,1.9571428571428573,0.0,-0.9693416016521689,0.0
0.0,slow_observer,96.0,-0.4672962159551587,2.085714285714286,0.0,-1.0636667630823835,0.0
0.0,slow_observer,96.0,-0.4672962159551587,2.2142857142857144,0.0,-1.1580481727119671,0.0
0.0,slow_observer,96.0,-0.4672962159551587,2.3428571428571434,0.0,-1.2524761738781789,2.220446049250313e-16
0.0,slow_observer,96.0,-0.4672962159551587,2.4714285714285715,0.0,-1.3469412424668799,2.220446049250313e-16
0.0,slow_observer,96.0,-0.4672962159551587,2.6000000000000005,0.0,-1.4414425489938019,0.0
0.0,slow_observer,96.0,-0.4672962159551587,2.7285714285714286,0.0,-1.535978587144829,0.0
0.0,slow_observer,96.0,-0.4672962159551587,2.8571428571428577,0.0,-1.6305297664627354,2.220446049250313e-16
0.0,slow_observer,96.0,-0.4672962159551587,2.9857142857142858,0.0,-1.725114376305538,0.0
0.0,slow_observer,96.0,-0.4672962159551587,3.1142857142857148,0.0,-1.8197083737374375,2.220446049250313e-16
0.0,slow_observer,96.0,-0.4672962159551587,3.242857142857143,0.0,-1.9143297461101374,0.0
0.0,slow_observer,96.0,-0.4672962159551587,3.371428571428572,0.0,-2.008951183085429,0.0
0.0,slow_observer,96.0,-0.4672962159551587,3.5,0.0,-2.1036061025276225,0.0
0.0,slow_observer,104.0,-0.13648299187962618,0.8,0.0,-0.13648299187962618,0.0
0.0,slow_observer,104.0,-0.13648299187962618,0.9285714285714286,0.0,-0.13648299187962618,0.0
0.0,slow_observer,104.0,-0.13648299187962618,1.0571428571428572,0.0,-0.1896777702205813,0.0
0.0,slow_observer,104.0,-0.13648299187962618,1.185714285714286,0.0,-0.2835525681300846,0.0
0.0,slow_observer,104.0,-0.13648299187962618,1.3142857142857145,0.0,-0.37760380535127,0.0
0.0,slow_observer,104.0,-0.13648299187962618,1.442857142857143,0.0,-0.4717910168363975,0.0
0.0,slow_observer,104.0,-0.13648299187962618,1.5714285714285716,0.0,-0.5660747574651217,0.0
0.0,slow_observer,104.0,-0.13648299187962618,1.7000000000000002,0.0,-0.6604431597107076,1.1102230246251565e-16
0.0,slow_observer,104.0,-0.13648299187962618,1.8285714285714287,0.0,-0.7548713302222763,0.0
0.0,slow_observer,104.0,-0.13648299187962618,1.9571428571428573,0.0,-0.8493496182374561,0.0
0.0,slow_observer,104.0,-0.13648299187962618,2.085714285714286,0.0,-0.9438685056243051,1.1102230246251565e-16
0.0,slow_observer,104.0,-0.13648299187962618,2.2142857142857144,0.0,-1.0384186082696207,0.0
0.0,slow_observer,104.0,-0.13648299187962618,2.3428571428571434,0.0,-1.1330032181124228,0.0
0.0,slow_observer,104.0,-0.13648299187962618,2.4714285714285715,0.0,-1.2276120497431284,0.0
0.0,slow_observer,104.0,-0.13648299187962618,2.6000000000000005,0.0,-1.322233422115829,0.0
0.0,slow_observer,104.0,-0.13648299187962618,2.7285714285714286,0.0,-1.4168854395138668,0.0
0.0,slow_observer,104.0,-0.13648299187962618,2.8571428571428577,0.0,-1.5115403589560623,0.0
0.0,slow_observer,104.0,-0.13648299187962618,2.9857142857142858,0.0,-1.6062202564370638,2.220446049250313e-16
0.0,slow_observer,104.0,-0.13648299187962618,3.1142857142857148,0.0,-1.7009055407975333,0.0
0.0,slow_observer,104.0,-0.13648299187962618,3.242857142857143,0.0,-1.795598252229749,2.220446049250313e-16
0.0,slow_observer,104.0,-0.13648299187962618,3.371428571428572,0.0,-1.8903107529196184,2.220446049250313e-16
0.0,slow_observer,104.0,-0.13648299187962618,3.5,0.0,-1.985023253609486,0.0
0.0,slow_observer,112.0,-0.48119045544939015,0.8,0.0,-0.48119045544939015,0.0
0.0,slow_observer,112.0,-0.48119045544939015,0.9285714285714286,0.0,-0.48119045544939015,0.0
0.0,slow_observer,112.0,-0.48119045544939015,1.0571428571428572,0.0,-0.48119045544939015,0.0
0.0,slow_observer,112.0,-0.48119045544939015,1.185714285714286,0.0,-0.48119045544939015,0.0
0.0,slow_observer,112.0,-0.48119045544939015,1.3142857142857145,0.0,-0.5042384383438003,0.0
0.0,slow_observer,112.0,-0.48119045544939015,1.442857142857143,0.0,-0.597997949476173,0.0
0.0,slow_observer,112.0,-0.48119045544939015,1.5714285714285716,0.0,-0.6919242751557916,0.0
0.0,slow_observer,112.0,-0.48119045544939015,1.7000000000000002,0.0,-0.7859874797001937,0.0
0.0,slow_observer,112.0,-0.48119045544939015,1.8285714285714287,0.0,-0.8801472008179924,0.0
0.0,slow_observer,112.0,-0.48119045544939015,1.9571428571428573,0.0,-0.9743978851474911,0.0
0.0,slow_observer,112.0,-0.48119045544939015,2.085714285714286,0.0,-1.0687146194385473,0.0
0.0,slow_observer,112.0,-0.48119045544939015,2.2142857142857144,0.0,-1.1630876159742043,0.0
0.0,slow_observer,112.0,-0.48119045544939015,2.3428571428571434,0.0,-1.2575072180683113,0.0
0.0,slow_observer,112.0,-0.48119045544939015,2.4714285714285715,0.0,-1.3519639015833624,2.220446049250313e-16
0.0,slow_observer,112.0,-0.48119045544939015,2.6000000000000005,0.0,-1.4464652081102851,0.0
0.0,slow_observer,112.0,-0.48119045544939015,2.7285714285714286,0.0,-1.540992875162784,0.0
0.0,slow_observer,112.0,-0.48119045544939015,2.8571428571428577,0.0,-1.6355374739752484,2.220446049250313e-16
0.0,slow_observer,112.0,-0.48119045544939015,2.9857142857142858,0.0,-1.7301203071767952,0.0
0.0,slow_observer,112.0,-0.48119045544939015,3.1142857142857148,0.0,-1.8247059613905787,0.0
0.0,slow_observer,112.0,-0.48119045544939015,3.242857142857143,0.0,-1.919327333763279,0.0
0.0,slow_observer,112.0,-0.48119045544939015,3.371428571428572,0.0,-2.0139487061359804,4.440892098500626e-16
0.0,slow_observer,112.0,-0.48119045544939015,3.5,0.0,-2.108595360868007,0.0
0.0,slow_observer,120.0,-1.3208139252022122,0.8,0.0,-1.3208139252022122,0.0
0.0,slow_observer,120.0,-1.3208139252022122,0.9285714285714286,0.0,-1.3208139252022122,0.0
0.0,slow_observer,120.0,-1.3208139252022122,1.0571428571428572,0.0,-1.3208139252022122,0.0
0.0,slow_observer,120.0,-1.3208139252022122,1.185714285714286,0.0,-1.3208139252022122,0.0
0.0,slow_observer,120.0,-1.3208139252022122,1.3142857142857145,0.0,-1.3208139252022122,0.0
0.0,slow_observer,120.0,-1.3208139252022122,1.442857142857143,0.0,-1.3208139252022122,0.0
0.0,slow_observer,120.0,-1.3208139252022122,1.5714285714285716,0.0,-1.3208139252022122,0.0
0.0,slow_observer,120.0,-1.3208139252022122,1.7000000000000002,0.0,-1.3208139252022122,0.0
0.0,slow_observer,120.0,-1.3208139252022122,1.8285714285714287,0.0,-1.3208139252022122,0.0
0.0,slow_observer,120.0,-1.3208139252022122,1.9571428571428573,0.0,-1.3208139252022122,0.0
0.0,slow_observer,120.0,-1.3208139252022122,2.085714285714286,0.0,-1.376174250182749,0.0
0.0,slow_observer,120.0,-1.3208139252022122,2.2142857142857144,0.0,-1.4699276603642168,0.0
0.0,slow_observer,120.0,-1.3208139252022122,2.3428571428571434,0.0,-1.5637872005945157,0.0
0.0,slow_observer,120.0,-1.3208139252022122,2.4714285714285715,0.0,-1.657750161070955,0.0
0.0,slow_observer,120.0,-1.3208139252022122,2.6000000000000005,0.0,-1.7517954807592313,0.0
0.0,slow_observer,120.0,-1.3208139252022122,2.7285714285714286,0.0,-1.8459095890650146,2.220446049250313e-16
0.0,slow_observer,120.0,-1.3208139252022122,2.8571428571428577,0.0,-1.940082552895744,2.220446049250313e-16
0.0,slow_observer,120.0,-1.3208139252022122,2.9857142857142858,0.0,-2.0343170547724836,4.440892098500626e-16
0.0,slow_observer,120.0,-1.3208139252022122,3.1142857142857148,0.0,-2.1285992490184147,4.440892098500626e-16
0.0,slow_observer,120.0,-1.3208139252022122,3.242857142857143,0.0,-2.222917381785001,0.0
0.0,slow_observer,120.0,-1.3208139252022122,3.371428571428572,0.0,-2.317268800997002,4.440892098500626e-16
0.0,slow_observer,120.0,-1.3208139252022122,3.5,0.0,-2.4116666923801233,0.0
0.0,slow_observer,128.0,-0.8977048400275199,0.8,0.0,-0.8977048400275199,0.0
0.0,slow_observer,128.0,-0.8977048400275199,0.9285714285714286,0.0,-0.8977048400275199,0.0
0.0,slow_observer,128.0,-0.8977048400275199,1.0571428571428572,0.0,-0.8977048400275199,0.0
0.0,slow_observer,128.0,-0.8977048400275199,1.185714285714286,0.0,-0.8977048400275199,0.0
0.0,slow_observer,128.0,-0.8977048400275199,1.3142857142857145,0.0,-0.8977048400275199,0.0
0.0,slow_observer,128.0,-0.8977048400275199,1.442857142857143,0.0,-0.8977048400275199,0.0
0.0,slow_observer,128.0,-0.8977048400275199,1.5714285714285716,0.0,-0.8977048400275199,0.0
0.0,slow_observer,128.0,-0.8977048400275199,1.7000000000000002,0.0,-0.9389880089651749,0.0
0.0,slow_observer,128.0,-0.8977048400275199,1.8285714285714287,0.0,-1.0327462030253132,0.0
0.0,slow_observer,128.0,-0.8977048400275199,1.9571428571428573,0.0,-1.1266432317808037,0.0
0.0,slow_observer,128.0,-0.8977048400275199,2.085714285714286,0.0,-1.2206457487567866,0.0
0.0,slow_observer,128.0,-0.8977048400275199,2.2142857142857144,0.0,-1.3147373651044623,0.0
0.0,slow_observer,128.0,-0.8977048400275199,2.3428571428571434,0.0,-1.4089129275513594,0.0
0.0,slow_observer,128.0,-0.8977048400275199,2.4714285714285715,0.0,-1.5031512807094958,2.220446049250313e-16
0.0,slow_observer,128.0,-0.8977048400275199,2.6000000000000005,0.0,-1.5974459613430738,0.0
0.0,slow_observer,128.0,-0.8977048400275199,2.7285714285714286,0.0,-1.6917937640712013,0.0
0.0,slow_observer,128.0,-0.8977048400275199,2.8571428571428577,0.0,-1.7861812046075018,2.220446049250313e-16
0.0,slow_observer,128.0,-0.8977048400275199,2.9857142857142858,0.0,-1.8805987828159447,2.220446049250313e-16
0.0,slow_observer,128.0,-0.8977048400275199,3.1142857142857148,0.0,-1.9750534833488504,0.0
0.0,slow_observer,128.0,-0.8977048400275199,3.242857142857143,0.0,-2.0695384393911875,0.0
0.0,slow_observer,128.0,-0.8977048400275199,3.371428571428572,0.0,-2.1640397459181107,4.440892098500626e-16
0.0,slow_observer,128.0,-0.8977048400275199,3.5,0.0,-2.2585762221861247,4.440892098500626e-16
0.0,slow_observer,136.0,-0.45490703537195326,0.8,0.0,-0.45490703537195326,0.0
0.0,slow_observer,136.0,-0.45490703537195326,0.9285714285714286,0.0,-0.45490703537195326,0.0
0.0,slow_observer,136.0,-0.45490703537195326,1.0571428571428572,0.0,-0.45490703537195326,0.0
0.0,slow_observer,136.0,-0.45490703537195326,1.185714285714286,0.0,-0.45490703537195326,0.0
0.0,slow_observer,136.0,-0.45490703537195326,1.3142857142857145,0.0,-0.49454054882560056,5.551115123125783e-17
0.0,slow_observer,136.0,-0.45490703537195326,1.442857142857143,0.0,-0.5883368827944818,0.0
0.0,slow_observer,136.0,-0.45490703537195326,1.5714285714285716,0.0,-0.6822953851934108,0.0
0.0,slow_observer,136.0,-0.45490703537195326,1.7000000000000002,0.0,-0.7763756631718844,0.0
0.0,slow_observer,136.0,-0.45490703537195326,1.8285714285714287,0.0,-0.8705663751092508,0.0
0.0,slow_observer,136.0,-0.45490703537195326,1.9571428571428573,0.0,-0.9648330274815976,1.1102230246251565e-16
0.0,slow_observer,136.0,-0.45490703537195326,2.085714285714286,0.0,-1.059165703202097,0.0
0.0,slow_observer,136.0,-0.45490703537195326,2.2142857142857144,0.0,-1.1535546145981461,2.220446049250313e-16
0.0,slow_observer,136.0,-0.45490703537195326,2.3428571428571434,0.0,-1.2479901050278823,0.0
0.0,slow_observer,136.0,-0.45490703537195326,2.4714285714285715,0.0,-1.342462650398,2.220446049250313e-16
0.0,slow_observer,136.0,-0.45490703537195326,2.6000000000000005,0.0,-1.4369639569249222,2.220446049250313e-16
0.0,slow_observer,136.0,-0.45490703537195326,2.7285714285714286,0.0,-1.5315074593960623,0.0
0.0,slow_observer,136.0,-0.45490703537195326,2.8571428571428577,0.0,-1.6260660905935502,0.0
0.0,slow_observer,136.0,-0.45490703537195326,2.9857142857142858,0.0,-1.7206507004363536,0.0
0.0,slow_observer,136.0,-0.45490703537195326,3.1142857142857148,0.0,-1.815252137328035,2.220446049250313e-16
0.0,slow_observer,136.0,-0.45490703537195326,3.242857142857143,0.0,-1.9098735097007367,0.0
0.0,slow_observer,136.0,-0.45490703537195326,3.371428571428572,0.0,-2.004502373736709,0.0
0.0,slow_observer,136.0,-0.45490703537195326,3.5,0.0,-2.0991572931789033,0.0
0.0,slow_observer,144.0,-0.34898626111920383,0.8,0.0,-0.34898626111920383,0.0
0.0,slow_observer,144.0,-0.34898626111920383,0.9285714285714286,0.0,-0.34898626111920383,0.0
0.0,slow_observer,144.0,-0.34898626111920383,1.0571428571428572,0.0,-0.34898626111920383,0.0
0.0,slow_observer,144.0,-0.34898626111920383,1.185714285714286,0.0,-0.36177437537867746,0.0
0.0,slow_observer,144.0,-0.34898626111920383,1.3142857142857145,0.0,-0.45552235651651635,0.0
0.0,slow_observer,144.0,-0.34898626111920383,1.442857142857143,0.0,-0.5494584551377081,0.0
0.0,slow_observer,144.0,-0.34898626111920383,1.5714285714285716,0.0,-0.6435316991506549,1.1102230246251565e-16
0.0,slow_observer,144.0,-0.34898626111920383,1.7000000000000002,0.0,-0.7377216591104255,1.1102230246251565e-16
0.0,slow_observer,144.0,-0.34898626111920383,1.8285714285714287,0.0,-0.8319924830828054,0.0
0.0,slow_observer,144.0,-0.34898626111920383,1.9571428571428573,0.0,-0.9263326633311563,0.0
0.0,slow_observer,144.0,-0.34898626111920383,2.085714285714286,0.0,-1.0207323812786513,0.0
0.0,slow_observer,144.0,-0.34898626111920383,2.2142857142857144,0.0,-1.1151819490115074,0.0
0.0,slow_observer,144.0,-0.34898626111920383,2.3428571428571434,0.0,-1.2096718108134168,0.0
0.0,slow_observer,144.0,-0.34898626111920383,2.4714285714285715,0.0,-1.3041925446019016,0.0
0.0,slow_observer,144.0,-0.34898626111920383,2.6000000000000005,0.0,-1.3987371434143652,0.0
0.0,slow_observer,144.0,-0.34898626111920383,2.7285714285714286,0.0,-1.493319473110132,0.0
0.0,slow_observer,144.0,-0.34898626111920383,2.8571428571428577,0.0,-1.5879109882880849,2.220446049250313e-16
0.0,slow_observer,144.0,-0.34898626111920383,2.9857142857142858,0.0,-1.6825323606607856,0.0
0.0,slow_observer,144.0,-0.34898626111920383,3.1142857142857148,0.0,-1.7771576278982604,0.0
0.0,slow_observer,144.0,-0.34898626111920383,3.242857142857143,0.0,-1.8718125473404559,0.0
0.0,slow_observer,144.0,-0.34898626111920383,3.371428571428572,0.0,-1.9664674667826516,2.220446049250313e-16
0.0,slow_observer,144.0,-0.34898626111920383,3.5,0.0,-2.061141644886655,0.0
0.0,slow_observer,152.0,-1.4525399538632882,0.8,0.0,-1.4525399538632884,2.220446049250313e-16
0.0,slow_observer,152.0,-1.4525399538632882,0.9285714285714286,0.0,-1.4525399538632884,2.220446049250313e-16
0.0,slow_observer,152.0,-1.4525399538632882,1.0571428571428572,0.0,-1.4525399538632884,2.220446049250313e-16
0.0,slow_observer,152.0,-1.4525399538632882,1.185714285714286,0.0,-1.4525399538632884,2.220446049250313e-16
0.0,slow_observer,152.0,-1.4525399538632882,1.3142857142857145,0.0,-1.4525399538632884,2.220446049250313e-16
0.0,slow_observer,152.0,-1.4525399538632882,1.442857142857143,0.0,-1.4525399538632884,2.220446049250313e-16
0.0,slow_observer,152.0,-1.4525399538632882,1.5714285714285716,0.0,-1.4525399538632884,2.220446049250313e-16
0.0,slow_observer,152.0,-1.4525399538632882,1.7000000000000002,0.0,-1.4525399538632884,2.220446049250313e-16
0.0,slow_observer,152.0,-1.4525399538632882,1.8285714285714287,0.0,-1.4525399538632884,2.220446049250313e-16
0.0,slow_observer,152.0,-1.4525399538632882,1.9571428571428573,0.0,-1.4525399538632884,2.220446049250313e-16
0.0,slow_observer,152.0,-1.4525399538632882,2.085714285714286,0.0,-1.4525399538632884,2.220446049250313e-16
0.0,slow_observer,152.0,-1.4525399538632882,2.2142857142857144,0.0,-1.518469337352767,0.0
0.0,slow_observer,152.0,-1.4525399538632882,2.3428571428571434,0.0,-1.6122268756745164,0.0
0.0,slow_observer,152.0,-1.4525399538632882,2.4714285714285715,0.0,-1.7060870329263491,0.0
0.0,slow_observer,152.0,-1.4525399538632882,2.6000000000000005,0.0,-1.800040805841751,0.0
0.0,slow_observer,152.0,-1.4525399538632882,2.7285714285714286,0.0,-1.8940763780202274,0.0
0.0,slow_observer,152.0,-1.4525399538632882,2.8571428571428577,0.0,-1.9881800794532138,0.0
0.0,slow_observer,152.0,-1.4525399538632882,2.9857142857142858,0.0,-2.0823481940518,0.0
0.0,slow_observer,152.0,-1.4525399538632882,3.1142857142857148,0.0,-2.176568295650013,0.0
0.0,slow_observer,152.0,-1.4525399538632882,3.242857142857143,0.0,-2.2708306407544465,0.0
0.0,slow_observer,152.0,-1.4525399538632882,3.371428571428572,0.0,-2.3651256175809547,4.440892098500626e-16
0.0,slow_observer,152.0,-1.4525399538632882,3.5,0.0,-2.4594770367929555,0.0
0.0,slow_observer,160.0,-1.3255680624824175,0.8,0.0,-1.3255680624824178,2.220446049250313e-16
0.0,slow_observer,160.0,-1.3255680624824175,0.9285714285714286,0.0,-1.3255680624824178,2.220446049250313e-16
0.0,slow_observer,160.0,-1.3255680624824175,1.0571428571428572,0.0,-1.3255680624824178,2.220446049250313e-16
0.0,slow_observer,160.0,-1.3255680624824175,1.185714285714286,0.0,-1.3255680624824178,2.220446049250313e-16
0.0,slow_observer,160.0,-1.3255680624824175,1.3142857142857145,0.0,-1.3255680624824178,2.220446049250313e-16
0.0,slow_observer,160.0,-1.3255680624824175,1.442857142857143,0.0,-1.3255680624824178,2.220446049250313e-16
0.0,slow_observer,160.0,-1.3255680624824175,1.5714285714285716,0.0,-1.3255680624824178,2.220446049250313e-16
0.0,slow_observer,160.0,-1.3255680624824175,1.7000000000000002,0.0,-1.3255680624824178,2.220446049250313e-16
0.0,slow_observer,160.0,-1.3255680624824175,1.8285714285714287,0.0,-1.3255680624824178,2.220446049250313e-16
0.0,slow_observer,160.0,-1.3255680624824175,1.9571428571428573,0.0,-1.3255680624824178,2.220446049250313e-16
0.0,slow_observer,160.0,-1.3255680624824175,2.085714285714286,0.0,-1.3779275806423732,0.0
0.0,slow_observer,160.0,-1.3255680624824175,2.2142857142857144,0.0,-1.4716780686064084,0.0
0.0,slow_observer,160.0,-1.3255680624824175,2.3428571428571434,0.0,-1.5655346914896375,0.0
0.0,slow_observer,160.0,-1.3255680624824175,2.4714285714285715,0.0,-1.6594918318505674,0.0
0.0,slow_observer,160.0,-1.3255680624824175,2.6000000000000005,0.0,-1.753534248754211,0.0
0.0,slow_observer,160.0,-1.3255680624824175,2.7285714285714286,0.0,-1.8476454591133364,0.0
0.0,slow_observer,160.0,-1.3255680624824175,2.8571428571428577,0.0,-1.9418163113559144,0.0
0.0,slow_observer,160.0,-1.3255680624824175,2.9857142857142858,0.0,-2.0360500317040575,0.0
0.0,slow_observer,160.0,-1.3255680624824175,3.1142857142857148,0.0,-2.1303293376551022,0.0
0.0,slow_observer,160.0,-1.3255680624824175,3.242857142857143,0.0,-2.224644586940629,0.0
0.0,slow_observer,160.0,-1.3255680624824175,3.371428571428572,0.0,-2.3189960061526294,0.0
0.0,slow_observer,160.0,-1.3255680624824175,3.5,0.0,-2.413391018860494,0.0
0.0,slow_observer,168.0,-0.7867176967783021,0.8,0.0,-0.7867176967783021,0.0
0.0,slow_observer,168.0,-0.7867176967783021,0.9285714285714286,0.0,-0.7867176967783021,0.0
0.0,slow_observer,168.0,-0.7867176967783021,1.0571428571428572,0.0,-0.7867176967783021,0.0
0.0,slow_observer,168.0,-0.7867176967783021,1.185714285714286,0.0,-0.7867176967783021,0.0
0.0,slow_observer,168.0,-0.7867176967783021,1.3142857142857145,0.0,-0.7867176967783021,0.0
0.0,slow_observer,168.0,-0.7867176967783021,1.442857142857143,0.0,-0.7867176967783021,0.0
0.0,slow_observer,168.0,-0.7867176967783021,1.5714285714285716,0.0,-0.8043565538385845,0.0
0.0,slow_observer,168.0,-0.7867176967783021,1.7000000000000002,0.0,-0.8980827613200253,0.0
0.0,slow_observer,168.0,-0.7867176967783021,1.8285714285714287,0.0,-0.9919566079663208,0.0
0.0,slow_observer,168.0,-0.7867176967783021,1.9571428571428573,0.0,-1.0859527623190728,2.220446049250313e-16
0.0,slow_observer,168.0,-0.7867176967783021,2.085714285714286,0.0,-1.1800416815901922,0.0
0.0,slow_observer,168.0,-0.7867176967783021,2.2142857142857144,0.0,-1.2742214199938893,0.0
0.0,slow_observer,168.0,-0.7867176967783021,2.3428571428571434,0.0,-1.3684670227379907,0.0
0.0,slow_observer,168.0,-0.7867176967783021,2.4714285714285715,0.0,-1.4627686642715003,0.0
0.0,slow_observer,168.0,-0.7867176967783021,2.6000000000000005,0.0,-1.5571200834835015,0.0
0.0,slow_observer,168.0,-0.7867176967783021,2.7285714285714286,0.0,-1.651521398305775,0.0
0.0,slow_observer,168.0,-0.7867176967783021,2.8571428571428577,0.0,-1.7459561164389754,0.0
0.0,slow_observer,168.0,-0.7867176967783021,2.9857142857142858,0.0,-1.8404148404363576,0.0
0.0,slow_observer,168.0,-0.7867176967783021,3.1142857142857148,0.0,-1.93491614696328,0.0
0.0,slow_observer,168.0,-0.7867176967783021,3.242857142857143,0.0,-2.0294329069700408,0.0
0.0,slow_observer,168.0,-0.7867176967783021,3.371428571428572,0.0,-2.123977505782505,0.0
0.0,slow_observer,168.0,-0.7867176967783021,3.5,0.0,-2.2185366137111404,0.0
0.0,slow_observer,176.0,-0.42368734981869244,0.8,0.0,-0.42368734981869244,0.0
0.0,slow_observer,176.0,-0.42368734981869244,0.9285714285714286,0.0,-0.42368734981869244,0.0
0.0,slow_observer,176.0,-0.42368734981869244,1.0571428571428572,0.0,-0.42368734981869244,0.0
0.0,slow_observer,176.0,-0.42368734981869244,1.185714285714286,0.0,-0.42368734981869244,0.0
0.0,slow_observer,176.0,-0.42368734981869244,1.3142857142857145,0.0,-0.48302669838456497,0.0
0.0,slow_observer,176.0,-0.42368734981869244,1.442857142857143,0.0,-0.5768626454360647,0.0
0.0,slow_observer,176.0,-0.42368734981869244,1.5714285714285716,0.0,-0.670858102070938,0.0
0.0,slow_observer,176.0,-0.42368734981869244,1.7000000000000002,0.0,-0.7649764725562563,0.0
0.0,slow_observer,176.0,-0.42368734981869244,1.8285714285714287,0.0,-0.8591861831446491,1.1102230246251565e-16
0.0,slow_observer,176.0,-0.42368734981869244,1.9571428571428573,0.0,-0.9534719943870654,1.1102230246251565e-16
0.0,slow_observer,176.0,-0.42368734981869244,2.085714285714286,0.0,-1.0478264801161343,2.220446049250313e-16
0.0,slow_observer,176.0,-0.42368734981869244,2.2142857142857144,0.0,-1.1422312288111198,0.0
0.0,slow_observer,176.0,-0.42368734981869244,2.3428571428571434,0.0,-1.2366855915505008,2.220446049250313e-16
0.0,slow_observer,176.0,-0.42368734981869244,2.4714285714285715,0.0,-1.3311769777764149,0.0
0.0,slow_observer,176.0,-0.42368734981869244,2.6000000000000005,0.0,-1.4256959974163823,0.0
0.0,slow_observer,176.0,-0.42368734981869244,2.7285714285714286,0.0,-1.5202405962288472,0.0
0.0,slow_observer,176.0,-0.42368734981869244,2.8571428571428577,0.0,-1.6148180055316133,0.0
0.0,slow_observer,176.0,-0.42368734981869244,2.9857142857142858,0.0,-1.7094026153744168,2.220446049250313e-16
0.0,slow_observer,176.0,-0.42368734981869244,3.1142857142857148,0.0,-1.8040227990745346,0.0
0.0,slow_observer,176.0,-0.42368734981869244,3.242857142857143,0.0,-1.8986441714472344,0.0
0.0,slow_observer,176.0,-0.42368734981869244,3.371428571428572,0.0,-1.9932917510469637,0.0
0.0,slow_observer,176.0,-0.42368734981869244,3.5,0.0,-2.0879466704891585,0.0
0.0,slow_observer,184.0,-1.2155127722405288,0.8,0.0,-1.2155127722405288,0.0
0.0,slow_observer,184.0,-1.2155127722405288,0.9285714285714286,0.0,-1.2155127722405288,0.0
0.0,slow_observer,184.0,-1.2155127722405288,1.0571428571428572,0.0,-1.2155127722405288,0.0
0.0,slow_observer,184.0,-1.2155127722405288,1.185714285714286,0.0,-1.2155127722405288,0.0
0.0,slow_observer,184.0,-1.2155127722405288,1.3142857142857145,0.0,-1.2155127722405288,0.0
0.0,slow_observer,184.0,-1.2155127722405288,1.442857142857143,0.0,-1.2155127722405288,0.0
0.0,slow_observer,184.0,-1.2155127722405288,1.5714285714285716,0.0,-1.2155127722405288,0.0
0.0,slow_observer,184.0,-1.2155127722405288,1.7000000000000002,0.0,-1.2155127722405288,0.0
0.0,slow_observer,184.0,-1.2155127722405288,1.8285714285714287,0.0,-1.2155127722405288,0.0
0.0,slow_observer,184.0,-1.2155127722405288,1.9571428571428573,0.0,-1.2436374918862239,0.0
0.0,slow_observer,184.0,-1.2155127722405288,2.085714285714286,0.0,-1.3373577224173834,0.0
0.0,slow_observer,184.0,-1.2155127722405288,2.2142857142857144,0.0,-1.4312004301638772,0.0
0.0,slow_observer,184.0,-1.2155127722405288,2.3428571428571434,0.0,-1.525142375150731,2.220446049250313e-16
0.0,slow_observer,184.0,-1.2155127722405288,2.4714285714285715,0.0,-1.6191791609871373,0.0
0.0,slow_observer,184.0,-1.2155127722405288,2.6000000000000005,0.0,-1.7132903061805627,2.220446049250313e-16
0.0,slow_observer,184.0,-1.2155127722405288,2.7285714285714286,0.0,-1.807463701094868,2.220446049250313e-16
0.0,slow_observer,184.0,-1.2155127722405288,2.8571428571428577,0.0,-1.9016982029716065,0.0
0.0,slow_observer,184.0,-1.2155127722405288,2.9857142857142858,0.0,-1.995984192377241,0.0
0.0,slow_observer,184.0,-1.2155127722405288,3.1142857142857148,0.0,-2.0903094538587492,0.0
0.0,slow_observer,184.0,-1.2155127722405288,3.242857142857143,0.0,-2.184664447123757,0.0
0.0,slow_observer,184.0,-1.2155127722405288,3.371428571428572,0.0,-2.2790691958187446,0.0
0.0,slow_observer,184.0,-1.2155127722405288,3.5,0.0,-2.373494466384813,0.0
0.0,slow_observer,192.0,-1.751163263841916,0.8,0.0,-1.7511632638419157,2.220446049250313e-16
0.0,slow_observer,192.0,-1.751163263841916,0.9285714285714286,0.0,-1.7511632638419157,2.220446049250313e-16
0.0,slow_observer,192.0,-1.751163263841916,1.0571428571428572,0.0,-1.7511632638419157,2.220446049250313e-16
0.0,slow_observer,192.0,-1.751163263841916,1.185714285714286,0.0,-1.7511632638419157,2.220446049250313e-16
0.0,slow_observer,192.0,-1.751163263841916,1.3142857142857145,0.0,-1.7511632638419157,2.220446049250313e-16
0.0,slow_observer,192.0,-1.751163263841916,1.442857142857143,0.0,-1.7511632638419157,2.220446049250313e-16
0.0,slow_observer,192.0,-1.751163263841916,1.5714285714285716,0.0,-1.7511632638419157,2.220446049250313e-16
0.0,slow_observer,192.0,-1.751163263841916,1.7000000000000002,0.0,-1.7511632638419157,2.220446049250313e-16
0.0,slow_observer,192.0,-1.751163263841916,1.8285714285714287,0.0,-1.7511632638419157,2.220446049250313e-16
0.0,slow_observer,192.0,-1.751163263841916,1.9571428571428573,0.0,-1.7511632638419157,2.220446049250313e-16
0.0,slow_observer,192.0,-1.751163263841916,2.085714285714286,0.0,-1.7511632638419157,2.220446049250313e-16
0.0,slow_observer,192.0,-1.751163263841916,2.2142857142857144,0.0,-1.7511632638419157,2.220446049250313e-16
0.0,slow_observer,192.0,-1.751163263841916,2.3428571428571434,0.0,-1.7511632638419157,2.220446049250313e-16
0.0,slow_observer,192.0,-1.751163263841916,2.4714285714285715,0.0,-1.8160307039304613,0.0
0.0,slow_observer,192.0,-1.751163263841916,2.6000000000000005,0.0,-1.9097748798790428,2.220446049250313e-16
0.0,slow_observer,192.0,-1.751163263841916,2.7285714285714286,0.0,-2.003614688551302,0.0
0.0,slow_observer,192.0,-1.751163263841916,2.8571428571428577,0.0,-2.0975398102008973,0.0
0.0,slow_observer,192.0,-1.751163263841916,2.9857142857142858,0.0,-2.1915400485199608,4.440892098500626e-16
0.0,slow_observer,192.0,-1.751163263841916,3.1142857142857148,0.0,-2.2856053326550936,0.0
0.0,slow_observer,192.0,-1.751163263841916,3.242857142857143,0.0,-2.379725719122302,0.0
0.0,slow_observer,192.0,-1.751163263841916,3.371428571428572,0.0,-2.473896571364883,0.0
0.0,slow_observer,192.0,-1.751163263841916,3.5,0.0,-2.5681258954979356,0.0
0.0,slow_observer,200.0,-1.1550531933130752,0.8,0.0,-1.1550531933130752,0.0
0.0,slow_observer,200.0,-1.1550531933130752,0.9285714285714286,0.0,-1.1550531933130752,0.0
0.0,slow_observer,200.0,-1.1550531933130752,1.0571428571428572,0.0,-1.1550531933130752,0.0
0.0,slow_observer,200.0,-1.1550531933130752,1.185714285714286,0.0,-1.1550531933130752,0.0
0.0,slow_observer,200.0,-1.1550531933130752,1.3142857142857145,0.0,-1.1550531933130752,0.0
0.0,slow_observer,200.0,-1.1550531933130752,1.442857142857143,0.0,-1.1550531933130752,0.0
0.0,slow_observer,200.0,-1.1550531933130752,1.5714285714285716,0.0,-1.1550531933130752,0.0
0.0,slow_observer,200.0,-1.1550531933130752,1.7000000000000002,0.0,-1.1550531933130752,0.0
0.0,slow_observer,200.0,-1.1550531933130752,1.8285714285714287,0.0,-1.1550531933130752,0.0
0.0,slow_observer,200.0,-1.1550531933130752,1.9571428571428573,0.0,-1.2213271313113088,0.0
0.0,slow_observer,200.0,-1.1550531933130752,2.085714285714286,0.0,-1.3150973334053317,0.0
0.0,slow_observer,200.0,-1.1550531933130752,2.2142857142857144,0.0,-1.4089973484011102,2.220446049250313e-16
0.0,slow_observer,200.0,-1.1550531933130752,2.3428571428571434,0.0,-1.5029909558419021,0.0
0.0,slow_observer,200.0,-1.1550531933130752,2.4714285714285715,0.0,-1.597066803974074,0.0
0.0,slow_observer,200.0,-1.1550531933130752,2.6000000000000005,0.0,-1.6912148030958527,0.0
0.0,slow_observer,200.0,-1.1550531933130752,2.7285714285714286,0.0,-1.7854249905152988,0.0
0.0,slow_observer,200.0,-1.1550531933130752,2.8571428571428577,0.0,-1.879687532348396,2.220446049250313e-16
0.0,slow_observer,200.0,-1.1550531933130752,2.9857142857142858,0.0,-1.9739927252171376,2.220446049250313e-16
0.0,slow_observer,200.0,-1.1550531933130752,3.1142857142857148,0.0,-2.0683441444291386,0.0
0.0,slow_observer,200.0,-1.1550531933130752,3.242857142857143,0.0,-2.1627357465431967,0.0
0.0,slow_observer,200.0,-1.1550531933130752,3.371428571428572,0.0,-2.257147613105648,0.0
0.0,slow_observer,200.0,-1.1550531933130752,3.5,0.0,-2.351602313638551,4.440892098500626e-16
0.0,slow_observer,208.0,-0.6581883745119012,0.8,0.0,-0.6581883745119012,0.0
0.0,slow_observer,208.0,-0.6581883745119012,0.9285714285714286,0.0,-0.6581883745119012,0.0
0.0,slow_observer,208.0,-0.6581883745119012,1.0571428571428572,0.0,-0.6581883745119012,0.0
0.0,slow_observer,208.0,-0.6581883745119012,1.185714285714286,0.0,-0.6581883745119012,0.0
0.0,slow_observer,208.0,-0.6581883745119012,1.3142857142857145,0.0,-0.6581883745119012,0.0
0.0,slow_observer,208.0,-0.6581883745119012,1.442857142857143,0.0,-0.6632500498683552,1.1102230246251565e-16
0.0,slow_observer,208.0,-0.6581883745119012,1.5714285714285716,0.0,-0.7569605295277243,1.1102230246251565e-16
0.0,slow_observer,208.0,-0.6581883745119012,1.7000000000000002,0.0,-0.8508327054240327,1.1102230246251565e-16
0.0,slow_observer,208.0,-0.6581883745119012,1.8285714285714287,0.0,-0.9448332259514339,0.0
0.0,slow_observer,208.0,-0.6581883745119012,1.9571428571428573,0.0,-1.0389411368075425,0.0
0.0,slow_observer,208.0,-0.6581883745119012,2.085714285714286,0.0,-1.133135441731312,0.0
0.0,slow_observer,208.0,-0.6581883745119012,2.2142857142857144,0.0,-1.2273989515125525,0.0
0.0,slow_observer,208.0,-0.6581883745119012,2.3428571428571434,0.0,-1.3217218101186268,0.0
0.0,slow_observer,208.0,-0.6581883745119012,2.4714285714285715,0.0,-1.4160942916998271,0.0
0.0,slow_observer,208.0,-0.6581883745119012,2.6000000000000005,0.0,-1.5105068021725492,0.0
0.0,slow_observer,208.0,-0.6581883745119012,2.7285714285714286,0.0,-1.6049615027054553,0.0
0.0,slow_observer,208.0,-0.6581883745119012,2.8571428571428577,0.0,-1.6994511872308242,0.0
0.0,slow_observer,208.0,-0.6581883745119012,2.9857142857142858,0.0,-1.7939587999109634,0.0
0.0,slow_observer,208.0,-0.6581883745119012,3.1142857142857148,0.0,-1.8885033987234279,0.0
0.0,slow_observer,208.0,-0.6581883745119012,3.242857142857143,0.0,-1.9830597927737788,0.0
0.0,slow_observer,208.0,-0.6581883745119012,3.371428571428572,0.0,-2.0776444026165826,0.0
0.0,slow_observer,208.0,-0.6581883745119012,3.5,0.0,-2.1722340606435364,4.440892098500626e-16
0.0,slow_observer,216.0,-0.8480236602913911,0.8,0.0,-0.848023660291391,1.1102230246251565e-16
0.0,slow_observer,216.0,-0.8480236602913911,0.9285714285714286,0.0,-0.848023660291391,1.1102230246251565e-16
0.0,slow_observer,216.0,-0.8480236602913911,1.0571428571428572,0.0,-0.848023660291391,1.1102230246251565e-16
0.0,slow_observer,216.0,-0.8480236602913911,1.185714285714286,0.0,-0.848023660291391,1.1102230246251565e-16
0.0,slow_observer,216.0,-0.8480236602913911,1.3142857142857145,0.0,-0.848023660291391,1.1102230246251565e-16
0.0,slow_observer,216.0,-0.8480236602913911,1.442857142857143,0.0,-0.848023660291391,1.1102230246251565e-16
0.0,slow_observer,216.0,-0.8480236602913911,1.5714285714285716,0.0,-0.848023660291391,1.1102230246251565e-16
0.0,slow_observer,216.0,-0.8480236602913911,1.7000000000000002,0.0,-0.9206655414874,0.0
0.0,slow_observer,216.0,-0.8480236602913911,1.8285714285714287,0.0,-1.0144786430593609,0.0
0.0,slow_observer,216.0,-0.8480236602913911,1.9571428571428573,0.0,-1.1084122240380143,0.0
0.0,slow_observer,216.0,-0.8480236602913911,2.085714285714286,0.0,-1.2024633753128053,0.0
0.0,slow_observer,216.0,-0.8480236602913911,2.2142857142857144,0.0,-1.2965970758797505,2.220446049250313e-16
0.0,slow_observer,216.0,-0.8480236602913911,2.3428571428571434,0.0,-1.390803156347529,2.220446049250313e-16
0.0,slow_observer,216.0,-0.8480236602913911,2.4714285714285715,0.0,-1.4850716924576741,0.0
0.0,slow_observer,216.0,-0.8480236602913911,2.6000000000000005,0.0,-1.5793928892544642,0.0
0.0,slow_observer,216.0,-0.8480236602913911,2.7285714285714286,0.0,-1.6737570827337847,2.220446049250313e-16
0.0,slow_observer,216.0,-0.8480236602913911,2.8571428571428577,0.0,-1.7681618314287733,0.0
0.0,slow_observer,216.0,-0.8480236602913911,2.9857142857142858,0.0,-1.8626094419258468,0.0
0.0,slow_observer,216.0,-0.8480236602913911,3.1142857142857148,0.0,-1.957077774208986,0.0
0.0,slow_observer,216.0,-0.8480236602913911,3.242857142857143,0.0,-2.0515790807359093,0.0
0.0,slow_observer,216.0,-0.8480236602913911,3.371428571428572,0.0,-2.1461021969828042,0.0
0.0,slow_observer,216.0,-0.8480236602913911,3.5,0.0,-2.2406467957952683,4.440892098500626e-16
0.0,slow_observer,224.0,-2.0431543941583787,0.8,0.0,-2.0431543941583787,0.0
0.0,slow_observer,224.0,-2.0431543941583787,0.9285714285714286,0.0,-2.0431543941583787,0.0
0.0,slow_observer,224.0,-2.0431543941583787,1.0571428571428572,0.0,-2.0431543941583787,0.0
0.0,slow_observer,224.0,-2.0431543941583787,1.185714285714286,0.0,-2.0431543941583787,0.0
0.0,slow_observer,224.0,-2.0431543941583787,1.3142857142857145,0.0,-2.0431543941583787,0.0
0.0,slow_observer,224.0,-2.0431543941583787,1.442857142857143,0.0,-2.0431543941583787,0.0
0.0,slow_observer,224.0,-2.0431543941583787,1.5714285714285716,0.0,-2.0431543941583787,0.0
0.0,slow_observer,224.0,-2.0431543941583787,1.7000000000000002,0.0,-2.0431543941583787,0.0
0.0,slow_observer,224.0,-2.0431543941583787,1.8285714285714287,0.0,-2.0431543941583787,0.0
0.0,slow_observer,224.0,-2.0431543941583787,1.9571428571428573,0.0,-2.0431543941583787,0.0
0.0,slow_observer,224.0,-2.0431543941583787,2.085714285714286,0.0,-2.0431543941583787,0.0
0.0,slow_observer,224.0,-2.0431543941583787,2.2142857142857144,0.0,-2.0431543941583787,0.0
0.0,slow_observer,224.0,-2.0431543941583787,2.3428571428571434,0.0,-2.0431543941583787,0.0
0.0,slow_observer,224.0,-2.0431543941583787,2.4714285714285715,0.0,-2.0431543941583787,0.0
0.0,slow_observer,224.0,-2.0431543941583787,2.6000000000000005,0.0,-2.0431543941583787,0.0
0.0,slow_observer,224.0,-2.0431543941583787,2.7285714285714286,0.0,-2.111146116188791,4.440892098500626e-16
0.0,slow_observer,224.0,-2.0431543941583787,2.8571428571428577,0.0,-2.2048810063547353,4.440892098500626e-16
0.0,slow_observer,224.0,-2.0431543941583787,2.9857142857142858,0.0,-2.298704536243637,0.0
0.0,slow_observer,224.0,-2.0431543941583787,3.1142857142857148,0.0,-2.3926064416937702,0.0
0.0,slow_observer,224.0,-2.0431543941583787,3.242857142857143,0.0,-2.4865765829528566,0.0
0.0,slow_observer,224.0,-2.0431543941583787,3.371428571428572,0.0,-2.580609602520297,0.0
0.0,slow_observer,224.0,-2.0431543941583787,3.5,0.0,-2.674708648093228,0.0
0.0,slow_observer,232.0,-1.5733198527207577,0.8,0.0,-1.5733198527207577,0.0
0.0,slow_observer,232.0,-1.5733198527207577,0.9285714285714286,0.0,-1.5733198527207577,0.0
0.0,slow_observer,232.0,-1.5733198527207577,1.0571428571428572,0.0,-1.5733198527207577,0.0
0.0,slow_observer,232.0,-1.5733198527207577,1.185714285714286,0.0,-1.5733198527207577,0.0
0.0,slow_observer,232.0,-1.5733198527207577,1.3142857142857145,0.0,-1.5733198527207577,0.0
0.0,slow_observer,232.0,-1.5733198527207577,1.442857142857143,0.0,-1.5733198527207577,0.0
0.0,slow_observer,232.0,-1.5733198527207577,1.5714285714285716,0.0,-1.5733198527207577,0.0
0.0,slow_observer,232.0,-1.5733198527207577,1.7000000000000002,0.0,-1.5733198527207577,0.0
0.0,slow_observer,232.0,-1.5733198527207577,1.8285714285714287,0.0,-1.5733198527207577,0.0
0.0,slow_observer,232.0,-1.5733198527207577,1.9571428571428573,0.0,-1.5733198527207577,0.0
0.0,slow_observer,232.0,-1.5733198527207577,2.085714285714286,0.0,-1.5733198527207577,0.0
0.0,slow_observer,232.0,-1.5733198527207577,2.2142857142857144,0.0,-1.5733198527207577,0.0
0.0,slow_observer,232.0,-1.5733198527207577,2.3428571428571434,0.0,-1.656727481189327,0.0
0.0,slow_observer,232.0,-1.5733198527207577,2.4714285714285715,0.0,-1.7504958758902458,0.0
0.0,slow_observer,232.0,-1.5733198527207577,2.6000000000000005,0.0,-1.8443633671887707,0.0
0.0,slow_observer,232.0,-1.5733198527207577,2.7285714285714286,0.0,-1.938321353026984,0.0
0.0,slow_observer,232.0,-1.5733198527207577,2.8571428571428577,0.0,-2.03235437259443,0.0
0.0,slow_observer,232.0,-1.5733198527207577,2.9857142857142858,0.0,-2.1264575626246223,0.0
0.0,slow_observer,232.0,-1.5733198527207577,3.1142857142857148,0.0,-2.220619205063237,0.0
0.0,slow_observer,232.0,-1.5733198527207577,3.242857142857143,0.0,-2.314829456030998,0.0
0.0,slow_observer,232.0,-1.5733198527207577,3.371428571428572,0.0,-2.4090786021280937,0.0
0.0,slow_observer,232.0,-1.5733198527207577,3.5,0.0,-2.503373282761668,0.0
0.0,slow_observer,240.0,-0.9718522149941262,0.8,0.0,-0.9718522149941261,1.1102230246251565e-16
0.0,slow_observer,240.0,-0.9718522149941262,0.9285714285714286,0.0,-0.9718522149941261,1.1102230246251565e-16
0.0,slow_observer,240.0,-0.9718522149941262,1.0571428571428572,0.0,-0.9718522149941261,1.1102230246251565e-16
0.0,slow_observer,240.0,-0.9718522149941262,1.185714285714286,0.0,-0.9718522149941261,1.1102230246251565e-16
0.0,slow_observer,240.0,-0.9718522149941262,1.3142857142857145,0.0,-0.9718522149941261,1.1102230246251565e-16
0.0,slow_observer,240.0,-0.9718522149941262,1.442857142857143,0.0,-0.9718522149941261,1.1102230246251565e-16
0.0,slow_observer,240.0,-0.9718522149941262,1.5714285714285716,0.0,-0.9718522149941261,1.1102230246251565e-16
0.0,slow_observer,240.0,-0.9718522149941262,1.7000000000000002,0.0,-0.9718522149941261,1.1102230246251565e-16
0.0,slow_observer,240.0,-0.9718522149941262,1.8285714285714287,0.0,-1.0600480325691841,0.0
0.0,slow_observer,240.0,-0.9718522149941262,1.9571428571428573,0.0,-1.1538755798660436,0.0
0.0,slow_observer,240.0,-0.9718522149941262,2.085714285714286,0.0,-1.2478111327233672,0.0
0.0,slow_observer,240.0,-0.9718522149941262,2.2142857142857144,0.0,-1.3418558673489207,0.0
0.0,slow_observer,240.0,-0.9718522149941262,2.3428571428571434,0.0,-1.4359812374077843,2.220446049250313e-16
0.0,slow_observer,240.0,-0.9718522149941262,2.4714285714285715,0.0,-1.5301756119942471,0.0
0.0,slow_observer,240.0,-0.9718522149941262,2.6000000000000005,0.0,-1.6244290969382786,2.220446049250313e-16
0.0,slow_observer,240.0,-0.9718522149941262,2.7285714285714286,0.0,-1.7187319277737483,0.0
0.0,slow_observer,240.0,-0.9718522149941262,2.8571428571428577,0.0,-1.813083346985749,2.220446049250313e-16
0.0,slow_observer,240.0,-0.9718522149941262,2.9857142857142858,0.0,-1.9074792200655308,2.220446049250313e-16
0.0,slow_observer,240.0,-0.9718522149941262,3.1142857142857148,0.0,-2.0019019280006223,0.0
0.0,slow_observer,240.0,-0.9718522149941262,3.242857142857143,0.0,-2.0963566285335307,0.0
0.0,slow_observer,240.0,-0.9718522149941262,3.371428571428572,0.0,-2.1908434431621315,0.0
0.0,slow_observer,240.0,-0.9718522149941262,3.5,0.0,-2.285344749689053,0.0
0.0,slow_observer,248.0,-0.5099617057766452,0.8,0.0,-0.5099617057766452,0.0
0.0,slow_observer,248.0,-0.5099617057766452,0.9285714285714286,0.0,-0.5099617057766452,0.0
0.0,slow_observer,248.0,-0.5099617057766452,1.0571428571428572,0.0,-0.5099617057766452,0.0
0.0,slow_observer,248.0,-0.5099617057766452,1.185714285714286,0.0,-0.5099617057766452,0.0
0.0,slow_observer,248.0,-0.5099617057766452,1.3142857142857145,0.0,-0.5148670177877026,0.0
0.0,slow_observer,248.0,-0.5099617057766452,1.442857142857143,0.0,-0.6085860045061248,0.0
0.0,slow_observer,248.0,-0.5099617057766452,1.5714285714285716,0.0,-0.7024806638179496,1.1102230246251565e-16
0.0,slow_observer,248.0,-0.5099617057766452,1.7000000000000002,0.0,-0.7965102152242359,0.0
0.0,slow_observer,248.0,-0.5099617057766452,1.8285714285714287,0.0,-0.890648533455389,0.0
0.0,slow_observer,248.0,-0.5099617057766452,1.9571428571428573,0.0,-0.9848693916635146,1.1102230246251565e-16
0.0,slow_observer,248.0,-0.5099617057766452,2.085714285714286,0.0,-1.0791673785765694,0.0
0.0,slow_observer,248.0,-0.5099617057766452,2.2142857142857144,0.0,-1.1735229538469947,2.220446049250313e-16
0.0,slow_observer,248.0,-0.5099617057766452,2.3428571428571434,0.0,-1.267927702541983,0.0
0.0,slow_observer,248.0,-0.5099617057766452,2.4714285714285715,0.0,-1.3623798642442215,0.0
0.0,slow_observer,248.0,-0.5099617057766452,2.6000000000000005,0.0,-1.456865790510551,0.0
0.0,slow_observer,248.0,-0.5099617057766452,2.7285714285714286,0.0,-1.5513761232590486,0.0
0.0,slow_observer,248.0,-0.5099617057766452,2.8571428571428577,0.0,-1.6459207220715155,2.220446049250313e-16
0.0,slow_observer,248.0,-0.5099617057766452,2.9857142857142858,0.0,-1.7404862498595677,0.0
0.0,slow_observer,248.0,-0.5099617057766452,3.1142857142857148,0.0,-1.83507085970237,2.220446049250313e-16
0.0,slow_observer,248.0,-0.5099617057766452,3.242857142857143,0.0,-1.9296759998749125,0.0
0.0,slow_observer,248.0,-0.5099617057766452,3.371428571428572,0.0,-2.0242973722476134,4.440892098500626e-16
0.0,slow_observer,248.0,-0.5099617057766452,3.5,0.0,-2.118926779202789,0.0
0.0,slow_observer,256.0,-0.1562651980080868,0.8,0.0,-0.1562651980080868,0.0
0.0,slow_observer,256.0,-0.1562651980080868,0.9285714285714286,0.0,-0.1562651980080868,0.0
0.0,slow_observer,256.0,-0.1562651980080868,1.0571428571428572,0.0,-0.19697234933018426,0.0
0.0,slow_observer,256.0,-0.1562651980080868,1.185714285714286,0.0,-0.2908118472980297,0.0
0.0,slow_observer,256.0,-0.1562651980080868,1.3142857142857145,0.0,-0.3848389070866534,0.0
0.0,slow_observer,256.0,-0.1562651980080868,1.442857142857143,0.0,-0.47900202166350025,0.0
0.0,slow_observer,256.0,-0.1562651980080868,1.5714285714285716,0.0,-0.5732695725116937,0.0
0.0,slow_observer,256.0,-0.1562651980080868,1.7000000000000002,0.0,-0.6676181695719974,0.0
0.0,slow_observer,256.0,-0.1562651980080868,1.8285714285714287,0.0,-0.7620343817337973,0.0
0.0,slow_observer,256.0,-0.1562651980080868,1.9571428571428573,0.0,-0.8565007313297927,0.0
0.0,slow_observer,256.0,-0.1562651980080868,2.085714285714286,0.0,-0.9510077001948206,0.0
0.0,slow_observer,256.0,-0.1562651980080868,2.2142857142857144,0.0,-1.0455522990072852,2.220446049250313e-16
0.0,slow_observer,256.0,-0.1562651980080868,2.3428571428571434,0.0,-1.1401305140253202,0.0
0.0,slow_observer,256.0,-0.1562651980080868,2.4714285714285715,0.0,-1.2347274668295054,0.0
0.0,slow_observer,256.0,-0.1562651980080868,2.6000000000000005,0.0,-1.3293488392022061,0.0
0.0,slow_observer,256.0,-0.1562651980080868,2.7285714285714286,0.0,-1.4239889975717654,0.0
0.0,slow_observer,256.0,-0.1562651980080868,2.8571428571428577,0.0,-1.5186439170139625,0.0
0.0,slow_observer,256.0,-0.1562651980080868,2.9857142857142858,0.0,-1.613311975231534,2.220446049250313e-16
0.0,slow_observer,256.0,-0.1562651980080868,3.1142857142857148,0.0,-1.7079972595920034,0.0
0.0,slow_observer,256.0,-0.1562651980080868,3.242857142857143,0.0,-1.8026825439524734,2.220446049250313e-16
0.0,slow_observer,256.0,-0.1562651980080868,3.371428571428572,0.0,-1.8973906521827641,0.0
0.0,slow_observer,256.0,-0.1562651980080868,3.5,0.0,-1.9921031528726305,2.220446049250313e-16
0.0,slow_observer,264.0,0.11458071882924183,0.8,1.0,0.09034468760091119,0.0
0.0,slow_observer,264.0,0.11458071882924183,0.9285714285714286,0.0,-0.0035046642061100507,0.0
0.0,slow_observer,264.0,0.11458071882924183,1.0571428571428572,0.0,-0.09758530816552184,0.0
0.0,slow_observer,264.0,0.11458071882924183,1.185714285714286,0.0,-0.1918213925990521,0.0
0.0,slow_observer,264.0,0.11458071882924183,1.3142857142857145,0.0,-0.28616805881255974,0.0
0.0,slow_observer,264.0,0.11458071882924183,1.442857142857143,0.0,-0.38059814190172464,5.551115123125783e-17
0.0,slow_observer,264.0,0.11458071882924183,1.5714285714285716,0.0,-0.475088127079395,5.551115123125783e-17
0.0,slow_observer,264.0,0.11458071882924183,1.7000000000000002,0.0,-0.5696284002289107,0.0
0.0,slow_observer,264.0,0.11458071882924183,1.8285714285714287,0.0,-0.6642094802981435,0.0
0.0,slow_observer,264.0,0.11458071882924183,1.9571428571428573,0.0,-0.7588220206399939,0.0
0.0,slow_observer,264.0,0.11458071882924183,2.085714285714286,0.0,-0.8534568102565804,0.0
0.0,slow_observer,264.0,0.11458071882924183,2.2142857142857144,0.0,-0.9481117296987759,0.0
0.0,slow_observer,264.0,0.11458071882924183,2.3428571428571434,0.0,-1.042790059308478,2.220446049250313e-16
0.0,slow_observer,264.0,0.11458071882924183,2.4714285714285715,0.0,-1.1374753436689484,0.0
0.0,slow_observer,264.0,0.11458071882924183,2.6000000000000005,0.0,-1.2321819797463844,0.0
0.0,slow_observer,264.0,0.11458071882924183,2.7285714285714286,0.0,-1.3268944804362517,2.220446049250313e-16
0.0,slow_observer,264.0,0.11458071882924183,2.8571428571428577,0.0,-1.4216144296680113,0.0
0.0,slow_observer,264.0,0.11458071882924183,2.9857142857142858,0.0,-1.5163510318980327,0.0
0.0,slow_observer,264.0,0.11458071882924183,3.1142857142857148,0.0,-1.6110876341280551,0.0
0.0,slow_observer,264.0,0.11458071882924183,3.242857142857143,0.0,-1.705827165939431,0.0
0.0,slow_observer,264.0,0.11458071882924183,3.371428571428572,0.0,-1.8005847889415563,0.0
0.0,slow_observer,264.0,0.11458071882924183,3.5,0.0,-1.8953424119436806,0.0
0.0,slow_observer,272.0,0.3219831360318611,0.8,1.0,0.1664848876845257,2.7755575615628914e-17
0.0,slow_observer,272.0,0.3219831360318611,0.9285714285714286,1.0,0.07224424208536312,0.0
0.0,slow_observer,272.0,0.3219831360318611,1.0571428571428572,0.0,-0.022134519633312005,0.0
0.0,slow_observer,272.0,0.3219831360318611,1.185714285714286,0.0,-0.11660985269671902,1.3877787807814457e-17
0.0,slow_observer,272.0,0.3219831360318611,1.3142857142857145,0.0,-0.21114639237893382,2.7755575615628914e-17
0.0,slow_observer,272.0,0.3219831360318611,1.442857142857143,0.0,-0.3057364236821032,0.0
0.0,slow_observer,272.0,0.3219831360318611,1.5714285714285716,0.0,-0.4003613585331585,0.0
0.0,slow_observer,272.0,0.3219831360318611,1.7000000000000002,0.0,-0.4950162779753536,5.551115123125783e-17
0.0,slow_observer,272.0,0.3219831360318611,1.8285714285714287,0.0,-0.589697274201879,1.1102230246251565e-16
0.0,slow_observer,272.0,0.3219831360318611,1.9571428571428573,0.0,-0.6843917480450994,0.0
0.0,slow_observer,272.0,0.3219831360318611,2.085714285714286,0.0,-0.7791042487349672,1.1102230246251565e-16
0.0,slow_observer,272.0,0.3219831360318611,2.2142857142857144,0.0,-0.8738274031463816,1.1102230246251565e-16
0.0,slow_observer,272.0,0.3219831360318611,2.3428571428571434,0.0,-0.9685640053764025,1.1102230246251565e-16
0.0,slow_observer,272.0,0.3219831360318611,2.4714285714285715,0.0,-1.063300919247453,2.220446049250313e-16
0.0,slow_observer,272.0,0.3219831360318611,2.6000000000000005,0.0,-1.1580585422495755,0.0
0.0,slow_observer,272.0,0.3219831360318611,2.7285714285714286,0.0,-1.2528161652517011,2.220446049250313e-16
0.0,slow_observer,272.0,0.3219831360318611,2.8571428571428577,0.0,-1.3475737882538252,2.220446049250313e-16
0.0,slow_observer,272.0,0.3219831360318611,2.9857142857142858,0.0,-1.4423457314599506,0.0
0.0,slow_observer,272.0,0.3219831360318611,3.1142857142857148,0.0,-1.5371213286932972,0.0
0.0,slow_observer,272.0,0.3219831360318611,3.242857142857143,0.0,-1.6318969259266447,2.220446049250313e-16
0.0,slow_observer,272.0,0.3219831360318611,3.371428571428572,0.0,-1.7266725231599922,0.0
0.0,slow_observer,272.0,0.3219831360318611,3.5,0.0,-1.8214530126385255,2.220446049250313e-16
0.0,slow_observer,280.0,0.4808031882733162,0.8,1.0,0.22427989410401142,2.7755575615628914e-17
0.0,slow_observer,280.0,0.4808031882733162,0.9285714285714286,1.0,0.12980496946737777,0.0
0.0,slow_observer,280.0,0.4808031882733162,1.0571428571428572,0.0,0.03524382186491543,0.0
0.0,slow_observer,280.0,0.4808031882733162,1.185714285714286,0.0,-0.05936805270272041,6.938893903907228e-18
0.0,slow_observer,280.0,0.4808031882733162,1.3142857142857145,0.0,-0.15402110279184444,0.0
0.0,slow_observer,280.0,0.4808031882733162,1.442857142857143,0.0,-0.24870605495830575,0.0
0.0,slow_observer,280.0,0.4808031882733162,1.5714285714285716,0.0,-0.34341377209026863,5.551115123125783e-17
0.0,slow_observer,280.0,0.4808031882733162,1.7000000000000002,0.0,-0.43813525446421137,5.551115123125783e-17
0.0,slow_observer,280.0,0.4808031882733162,1.8285714285714287,0.0,-0.5328718566942331,0.0
0.0,slow_observer,280.0,0.4808031882733162,1.9571428571428573,0.0,-0.6276192637098098,0.0
0.0,slow_observer,280.0,0.4808031882733162,2.085714285714286,0.0,-0.7223768867119338,0.0
0.0,slow_observer,280.0,0.4808031882733162,2.2142857142857144,0.0,-0.8171354031365992,0.0
0.0,slow_observer,280.0,0.4808031882733162,2.3428571428571434,0.0,-0.9119110003699463,0.0
0.0,slow_observer,280.0,0.4808031882733162,2.4714285714285715,0.0,-1.0066865976032935,2.220446049250313e-16
0.0,slow_observer,280.0,0.4808031882733162,2.6000000000000005,0.0,-1.1014621948366419,0.0
0.0,slow_observer,280.0,0.4808031882733162,2.7285714285714286,0.0,-1.1962471729083308,0.0
0.0,slow_observer,280.0,0.4808031882733162,2.8571428571428577,0.0,-1.2910377322497435,0.0
0.0,slow_observer,280.0,0.4808031882733162,2.9857142857142858,0.0,-1.3858282915911537,0.0
0.0,slow_observer,280.0,0.4808031882733162,3.1142857142857148,0.0,-1.4806188509325668,0.0
0.0,slow_observer,280.0,0.4808031882733162,3.242857142857143,0.0,-1.5754094102739786,2.220446049250313e-16
0.0,slow_observer,280.0,0.4808031882733162,3.371428571428572,0.0,-1.670206597116836,0.0
0.0,slow_observer,280.0,0.4808031882733162,3.5,0.0,-1.7650091410361413,2.220446049250313e-16
0.0,slow_observer,288.0,0.6024209077492486,0.8,1.0,0.26823047370788095,5.551115123125783e-17
0.0,slow_observer,288.0,0.6024209077492486,0.9285714285714286,1.0,0.17361515129999971,0.0
0.0,slow_observer,288.0,0.6024209077492486,1.0571428571428572,1.0,0.07894850806208918,0.0
0.0,slow_observer,288.0,0.6024209077492486,1.185714285714286,0.0,-0.015750224598244617,0.0
0.0,slow_observer,288.0,0.6024209077492486,1.3142857142857145,0.0,-0.11047194576076656,1.3877787807814457e-17
0.0,slow_observer,288.0,0.6024209077492486,1.442857142857143,0.0,-0.20520854799078778,0.0
0.0,slow_observer,288.0,0.6024209077492486,1.5714285714285716,0.0,-0.29996531519341346,0.0
0.0,slow_observer,288.0,0.6024209077492486,1.7000000000000002,0.0,-0.3947242364923657,5.551115123125783e-17
0.0,slow_observer,288.0,0.6024209077492486,1.8285714285714287,0.0,-0.48949983372571415,0.0
0.0,slow_observer,288.0,0.6024209077492486,1.9571428571428573,0.0,-0.5842754309590613,0.0
0.0,slow_observer,288.0,0.6024209077492486,2.085714285714286,0.0,-0.6790577797866173,0.0
0.0,slow_observer,288.0,0.6024209077492486,2.2142857142857144,0.0,-0.7738483391280283,0.0
0.0,slow_observer,288.0,0.6024209077492486,2.3428571428571434,0.0,-0.8686388984694403,1.1102230246251565e-16
0.0,slow_observer,288.0,0.6024209077492486,2.4714285714285715,0.0,-0.9634294578108517,0.0
0.0,slow_observer,288.0,0.6024209077492486,2.6000000000000005,0.0,-1.0582267981803712,0.0
0.0,slow_observer,288.0,0.6024209077492486,2.7285714285714286,0.0,-1.1530293420996751,2.220446049250313e-16
0.0,slow_observer,288.0,0.6024209077492486,2.8571428571428577,0.0,-1.2478318860189825,0.0
0.0,slow_observer,288.0,0.6024209077492486,2.9857142857142858,0.0,-1.3426344299382882,0.0
0.0,slow_observer,288.0,0.6024209077492486,3.1142857142857148,0.0,-1.437436973857592,2.220446049250313e-16
0.0,slow_observer,288.0,0.6024209077492486,3.242857142857143,0.0,-1.5322395177768986,0.0
0.0,slow_observer,288.0,0.6024209077492486,3.371428571428572,0.0,-1.6270439766617557,0.0
0.0,slow_observer,288.0,0.6024209077492486,3.5,0.0,-1.7218555623819392,2.220446049250313e-16
0.0,slow_observer,296.0,0.6955506447174754,0.8,1.0,0.3017051360371266,0.0
0.0,slow_observer,296.0,0.6955506447174754,0.9285714285714286,1.0,0.20700519260349862,2.7755575615628914e-17
0.0,slow_observer,296.0,0.6955506447174754,1.0571428571428572,1.0,0.1122761238282468,1.3877787807814457e-17
0.0,slow_observer,296.0,0.6955506447174754,1.185714285714286,0.0,0.01752696083337889,0.0
0.0,slow_observer,296.0,0.6955506447174754,1.3142857142857145,0.0,-0.0772334034502694,1.3877787807814457e-17
0.0,slow_observer,296.0,0.6955506447174754,1.442857142857143,0.0,-0.17200900068361677,2.7755575615628914e-17
0.0,slow_observer,296.0,0.6955506447174754,1.5714285714285716,0.0,-0.266786774481155,0.0
0.0,slow_observer,296.0,0.6955506447174754,1.7000000000000002,0.0,-0.36157733382256546,0.0
0.0,slow_observer,296.0,0.6955506447174754,1.8285714285714287,0.0,-0.45636789316397747,5.551115123125783e-17
0.0,slow_observer,296.0,0.6955506447174754,1.9571428571428573,0.0,-0.5511604919239278,1.1102230246251565e-16
0.0,slow_observer,296.0,0.6955506447174754,2.085714285714286,0.0,-0.6459630358432319,0.0
0.0,slow_observer,296.0,0.6955506447174754,2.2142857142857144,0.0,-0.7407655797625373,1.1102230246251565e-16
0.0,slow_observer,296.0,0.6955506447174754,2.3428571428571434,0.0,-0.8355681236818436,0.0
0.0,slow_observer,296.0,0.6955506447174754,2.4714285714285715,0.0,-0.9303706676011485,0.0
0.0,slow_observer,296.0,0.6955506447174754,2.6000000000000005,0.0,-1.025175964991839,0.0
0.0,slow_observer,296.0,0.6955506447174754,2.7285714285714286,0.0,-1.1199875507120225,0.0
0.0,slow_observer,296.0,0.6955506447174754,2.8571428571428577,0.0,-1.2147991364322053,0.0
0.0,slow_observer,296.0,0.6955506447174754,2.9857142857142858,0.0,-1.309610722152389,0.0
0.0,slow_observer,296.0,0.6955506447174754,3.1142857142857148,0.0,-1.4044223078725724,0.0
0.0,slow_observer,296.0,0.6955506447174754,3.242857142857143,0.0,-1.4992338935927545,0.0
0.0,slow_observer,296.0,0.6955506447174754,3.371428571428572,0.0,-1.5940454793129384,0.0
0.0,slow_observer,296.0,0.6955506447174754,3.5,0.0,-1.6888570650331214,0.0
0.01,slow_observer,0.0,1.0,0.8,1.0,0.402630188395223,0.005541634334659772
0.01,slow_observer,0.0,1.0,0.9285714285714286,1.0,0.3078183228756694,0.005542711309076619
0.01,slow_observer,0.0,1.0,1.0571428571428572,1.0,0.21300645735611554,0.005543800596403702
0.01,slow_observer,0.0,1.0,1.185714285714286,1.0,0.11819459183656189,0.005544902189382646
0.01,slow_observer,0.0,1.0,1.3142857142857145,0.3333333333333333,0.02338272631700833,0.005546016080681168
0.01,slow_observer,0.0,1.0,1.442857142857143,0.0,-0.07142913920254562,0.005547142262890153
0.01,slow_observer,0.0,1.0,1.5714285714285716,0.0,-0.1662410047220995,0.005548280728526236
0.01,slow_observer,0.0,1.0,1.7000000000000002,0.0,-0.261052870241653,0.005549431470028943
0.01,slow_observer,0.0,1.0,1.8285714285714287,0.0,-0.35586473576120686,0.005550594479763054
0.01,slow_observer,0.0,1.0,1.9571428571428573,0.0,-0.45067660128076015,0.0055517697500193156
0.01,slow_observer,0.0,1.0,2.085714285714286,0.0,-0.5454884668003134,0.005552957273011921
0.01,slow_observer,0.0,1.0,2.2142857142857144,0.0,-0.6403003323198675,0.005554157040882453
0.01,slow_observer,0.0,1.0,2.3428571428571434,0.0,-0.7351121978394213,0.005555369045697116
0.01,slow_observer,0.0,1.0,2.4714285714285715,0.0,-0.8299240633589747,0.005556593279448712
0.01,slow_observer,0.0,1.0,2.6000000000000005,0.0,-0.9247359288785285,0.005557829734056726
0.01,slow_observer,0.0,1.0,2.7285714285714286,0.0,-1.0195484915130517,0.0055594377065948915
0.01,slow_observer,0.0,1.0,2.8571428571428577,0.0,-1.1143628863197923,0.00556199990600203
0.01,slow_observer,0.0,1.0,2.9857142857142858,0.0,-1.2091772811265324,0.005564570675295168
0.01,slow_observer,0.0,1.0,3.1142857142857148,0.0,-1.3039916759332726,0.005567150002603198
0.01,slow_observer,0.0,1.0,3.242857142857143,0.0,-1.3988060707400123,0.005569737876037189
0.01,slow_observer,0.0,1.0,3.371428571428572,0.0,-1.493620465546753,0.0055723342836889135
0.01,slow_observer,0.0,1.0,3.5,0.0,-1.5884348603534928,0.005574939213635201
0.01,slow_observer,8.0,1.0,0.8,1.0,0.405603385686864,0.0066172078869296234
0.01,slow_observer,8.0,1.0,0.9285714285714286,1.0,0.31088051502365593,0.00661366081125765
0.01,slow_observer,8.0,1.0,1.0571428571428572,1.0,0.21615263126596296,0.00660720439545913
0.01,slow_observer,8.0,1.0,1.185714285714286,1.0,0.12142461649489561,0.006601422629516054
0.01,slow_observer,8.0,1.0,1.3142857142857145,0.16666666666666666,0.02669660172382891,0.0065964157165373785
0.01,slow_observer,8.0,1.0,1.442857142857143,0.16666666666666666,-0.06803245433652477,0.0065931349835940374
0.01,slow_observer,8.0,1.0,1.5714285714285716,0.0,-0.16276552992730434,0.006594242846554969
0.01,slow_observer,8.0,1.0,1.7000000000000002,0.0,-0.25749860551808396,0.006596037728698513
0.01,slow_observer,8.0,1.0,1.8285714285714287,0.0,-0.3522316811088629,0.006598519069390682
0.01,slow_observer,8.0,1.0,1.9571428571428573,0.0,-0.44697704192965976,0.0065965392705066885
0.01,slow_observer,8.0,1.0,2.085714285714286,0.0,-0.5417560174519446,0.006600367178146573
0.01,slow_observer,8.0,1.0,2.2142857142857144,0.0,-0.6365355753708649,0.0066048976934403114
0.01,slow_observer,8.0,1.0,2.3428571428571434,0.0,-0.7313151332897857,0.006609616344632574
0.01,slow_observer,8.0,1.0,2.4714285714285715,0.0,-0.8260985404511572,0.006615410186789119
0.01,slow_observer,8.0,1.0,2.6000000000000005,0.0,-0.9208853173304798,0.006623112709450622
0.01,slow_observer,8.0,1.0,2.7285714285714286,0.0,-1.0156720942098023,0.006630985040135497
0.01,slow_observer,8.0,1.0,2.8571428571428577,0.0,-1.1104588710891259,0.006639026574785855
0.01,slow_observer,8.0,1.0,2.9857142857142858,0.0,-1.205253259838098,0.00664071771266903
0.01,slow_observer,8.0,1.0,3.1142857142857148,0.0,-1.3000492154637637,0.006641250860794781
0.01,slow_observer,8.0,1.0,3.242857142857143,0.0,-1.3948457515837636,0.00664183995245161
0.01,slow_observer,8.0,1.0,3.371428571428572,0.0,-1.48964919402896,0.0066410511385636296
0.01,slow_observer,8.0,1.0,3.5,0.0,-1.5844526679974955,0.006640432267153784
0.01,slow_observer,16.0,0.9999999999978356,0.8,1.0,0.40930635127538895,0.009317090797982054
0.01,slow_observer,16.0,0.9999999999978356,0.9285714285714286,1.0,0.3146065483221692,0.009245523470189374
0.01,slow_observer,16.0,0.9999999999978356,1.0571428571428572,0.8333333333333334,0.2199005287107475,0.009176983684096463
0.01,slow_observer,16.0,0.9999999999978356,1.185714285714286,0.6666666666666666,0.12515661422494806,0.009120380879527806
0.01,slow_observer,16.0,0.9999999999978356,1.3142857142857145,0.5,0.030412699739148688,0.009064873131008611
0.01,slow_observer,16.0,0.9999999999978356,1.442857142857143,0.3333333333333333,-0.06433121474665066,0.009010480676359303
0.01,slow_observer,16.0,0.9999999999978356,1.5714285714285716,0.0,-0.15907512923245007,0.008957223833361143
0.01,slow_observer,16.0,0.9999999999978356,1.7000000000000002,0.0,-0.25381904371824926,0.008905122976520881
0.01,slow_observer,16.0,0.9999999999978356,1.8285714285714287,0.0,-0.34861057456863626,0.008886432491104186
0.01,slow_observer,16.0,0.9999999999978356,1.9571428571428573,0.0,-0.4434057730060376,0.008870502141238435
0.01,slow_observer,16.0,0.9999999999978356,2.085714285714286,0.0,-0.5382009714434393,0.008854816821535778
0.01,slow_observer,16.0,0.9999999999978356,2.2142857142857144,0.0,-0.6329961698808407,0.00883937783640159
0.01,slow_observer,16.0,0.9999999999978356,2.3428571428571434,0.0,-0.7277913683182425,0.008824186478812397
0.01,slow_observer,16.0,0.9999999999978356,2.4714285714285715,0.0,-0.8226038103741468,0.008820523823601647
0.01,slow_observer,16.0,0.9999999999978356,2.6000000000000005,0.0,-0.9174165546417058,0.008817071537105524
0.01,slow_observer,16.0,0.9999999999978356,2.7285714285714286,0.0,-1.012229298909264,0.008813629886221568
0.01,slow_observer,16.0,0.9999999999978356,2.8571428571428577,0.0,-1.1070420431768222,0.008810198883411802
0.01,slow_observer,16.0,0.9999999999978356,2.9857142857142858,0.0,-1.201854787444381,0.008806778541122839
0.01,slow_observer,16.0,0.9999999999978356,3.1142857142857148,0.0,-1.2966675317119394,0.008803368871779621
0.01,slow_observer,16.0,0.9999999999978356,3.242857142857143,0.0,-1.3914802759794969,0.00879996988778875
0.01,slow_observer,16.0,0.9999999999978356,3.371428571428572,0.0,-1.486297889721554,0.008799717640096441
0.01,slow_observer,16.0,0.9999999999978356,3.5,0.0,-1.5811157747792561,0.008799641479964778
0.01,slow_observer,24.0,0.9999995122996735,0.8,1.0,0.4174549625662287,0.010165546723188977
0.01,slow_observer,24.0,0.9999995122996735,0.9285714285714286,1.0,0.322717072136058,0.010179083106748796
0.01,slow_observer,24.0,0.9999995122996735,1.0571428571428572,0.8333333333333334,0.2279758063982759,0.010194240631783652
0.01,slow_observer,24.0,0.9999995122996735,1.185714285714286,0.8333333333333334,0.13322495996897252,0.010206794650428563
0.01,slow_observer,24.0,0.9999995122996735,1.3142857142857145,0.3333333333333333,0.03846341417907553,0.010214628044039607
0.01,slow_observer,24.0,0.9999995122996735,1.442857142857143,0.0,-0.056309949088637436,0.010213565975314195
0.01,slow_observer,24.0,0.9999995122996735,1.5714285714285716,0.0,-0.15108331235635036,0.010213204555332015
0.01,slow_observer,24.0,0.9999995122996735,1.7000000000000002,0.0,-0.24585667562406308,0.010213543858470628
0.01,slow_observer,24.0,0.9999995122996735,1.8285714285714287,0.0,-0.34065594358035894,0.010212189797224944
0.01,slow_observer,24.0,0.9999995122996735,1.9571428571428573,0.0,-0.4354636317645068,0.010210150861465447
0.01,slow_observer,24.0,0.9999995122996735,2.085714285714286,0.0,-0.5302713199486542,0.010208120321238186
0.01,slow_observer,24.0,0.9999995122996735,2.2142857142857144,0.0,-0.625079008132802,0.010206098181553424
0.01,slow_observer,24.0,0.9999995122996735,2.3428571428571434,0.0,-0.7198866963169501,0.010204084447406092
0.01,slow_observer,24.0,0.9999995122996735,2.4714285714285715,0.0,-0.8146943845010973,0.010202079123773081
0.01,slow_observer,24.0,0.9999995122996735,2.6000000000000005,0.0,-0.9095020726852451,0.01020008221561496
0.01,slow_observer,24.0,0.9999995122996735,2.7285714285714286,0.0,-1.0043097608693927,0.010198093727875985
0.01,slow_observer,24.0,0.9999995122996735,2.8571428571428577,0.0,-1.0991174490535405,0.010196113665481017
0.01,slow_observer,24.0,0.9999995122996735,2.9857142857142858,0.0,-1.1939251372376878,0.010194142033341692
0.01,slow_observer,24.0,0.9999995122996735,3.1142857142857148,0.0,-1.2887335092119423,0.01019196194949184
0.01,slow_observer,24.0,0.9999995122996735,3.242857142857143,0.0,-1.3835424372745362,0.010189615115847837
0.01,slow_observer,24.0,0.9999995122996735,3.371428571428572,0.0,-1.4783513653371303,0.010187278265604144
0.01,slow_observer,24.0,0.9999995122996735,3.5,0.0,-1.5731602933997237,0.010184951405632846
0.01,slow_observer,32.0,0.9977045301088113,0.8,1.0,0.4062121602370405,0.005355615392764266
0.01,slow_observer,32.0,0.9977045301088113,0.9285714285714286,1.0,0.3114247981719323,0.005326689717752597
0.01,slow_observer,32.0,0.9977045301088113,1.0571428571428572,1.0,0.21663743610682465,0.005297854523697897
0.01,slow_observer,32.0,0.9977045301088113,1.185714285714286,0.8333333333333334,0.12185007404171629,0.005269111296071369
0.01,slow_observer,32.0,0.9977045301088113,1.3142857142857145,0.6666666666666666,0.02706271197660821,0.005240461548143128
0.01,slow_observer,32.0,0.9977045301088113,1.442857142857143,0.0,-0.06772465008849973,0.005211906821481152
0.01,slow_observer,32.0,0.9977045301088113,1.5714285714285716,0.0,-0.16251378922158058,0.005186029721721836
0.01,slow_observer,32.0,0.9977045301088113,1.7000000000000002,0.0,-0.2573107996796585,0.00516729911100915
0.01,slow_observer,32.0,0.9977045301088113,1.8285714285714287,0.0,-0.35210781013773623,0.0051486629074766616
0.01,slow_observer,32.0,0.9977045301088113,1.9571428571428573,0.0,-0.44690482059581477,0.005130122139983787
0.01,slow_observer,32.0,0.9977045301088113,2.085714285714286,0.0,-0.5417018310538925,0.00511167784700998
0.01,slow_observer,32.0,0.9977045301088113,2.2142857142857144,0.0,-0.6364988415119707,0.00509333107663416
0.01,slow_observer,32.0,0.9977045301088113,2.3428571428571434,0.0,-0.7312958519700485,0.005075082886508933
0.01,slow_observer,32.0,0.9977045301088113,2.4714285714285715,0.0,-0.8260928624281263,0.005056934343829508
0.01,slow_observer,32.0,0.9977045301088113,2.6000000000000005,0.0,-0.9208927212074625,0.005044180424315138
0.01,slow_observer,32.0,0.9977045301088113,2.7285714285714286,0.0,-1.0156945808401894,0.0050352569267367595
0.01,slow_observer,32.0,0.9977045301088113,2.8571428571428577,0.0,-1.110496440472917,0.005026448285226744
0.01,slow_observer,32.0,0.9977045301088113,2.9857142857142858,0.0,-1.2052983001056436,0.005017755104673158
0.01,slow_observer,32.0,0.9977045301088113,3.1142857142857148,0.0,-1.300100159738371,0.005009177986205363
0.01,slow_observer,32.0,0.9977045301088113,3.242857142857143,0.0,-1.3949020193710986,0.0050007175270251674
0.01,slow_observer,32.0,0.9977045301088113,3.371428571428572,0.0,-1.4897038790038255,0.00499237432023118
0.01,slow_observer,32.0,0.9977045301088113,3.5,0.0,-1.5845057386365526,0.004984148954648709
0.01,slow_observer,40.0,0.7355625191315234,0.8,1.0,0.31323064686591245,0.010910874281521224
0.01,slow_observer,40.0,0.7355625191315234,0.9285714285714286,0.8333333333333334,0.2186921698242089,0.01105660913989661
0.01,slow_observer,40.0,0.7355625191315234,1.0571428571428572,0.8333333333333334,0.12408881848989667,0.011195449018224463
0.01,slow_observer,40.0,0.7355625191315234,1.185714285714286,0.16666666666666666,0.02940867985964943,0.011292737475243552
0.01,slow_observer,40.0,0.7355625191315234,1.3142857142857145,0.0,-0.06535285417962439,0.01131475691324778
0.01,slow_observer,40.0,0.7355625191315234,1.442857142857143,0.0,-0.16012999804188371,0.011315973311884582
0.01,slow_observer,40.0,0.7355625191315234,1.5714285714285716,0.0,-0.2549071419041435,0.011317638973366361
0.01,slow_observer,40.0,0.7355625191315234,1.7000000000000002,0.0,-0.3497113390805347,0.01130879301657465
0.01,slow_observer,40.0,0.7355625191315234,1.8285714285714287,0.0,-0.4445166807709127,0.011299508963652878
0.01,slow_observer,40.0,0.7355625191315234,1.9571428571428573,0.0,-0.5393220224612906,0.011290241786550276
0.01,slow_observer,40.0,0.7355625191315234,2.085714285714286,0.0,-0.6341287361838014,0.011283510003976163
0.01,slow_observer,40.0,0.7355625191315234,2.2142857142857144,0.0,-0.7289417123490005,0.01128828516275201
0.01,slow_observer,40.0,0.7355625191315234,2.3428571428571434,0.0,-0.8237546885141994,0.011293068395762182
0.01,slow_observer,40.0,0.7355625191315234,2.4714285714285715,0.0,-0.9185676646793981,0.011297859692750508
0.01,slow_observer,40.0,0.7355625191315234,2.6000000000000005,0.0,-1.0133806408445971,0.011302659043462318
0.01,slow_observer,40.0,0.7355625191315234,2.7285714285714286,0.0,-1.1081942120608237,0.011306660952018169
0.01,slow_observer,40.0,0.7355625191315234,2.8571428571428577,0.0,-1.2030087540584713,0.011309358257649916
0.01,slow_observer,40.0,0.7355625191315234,2.9857142857142858,0.0,-1.2978232960561196,0.011312065695324728
0.01,slow_observer,40.0,0.7355625191315234,3.1142857142857148,0.0,-1.3926378380537658,0.011314783257767413
0.01,slow_observer,40.0,0.7355625191315234,3.242857142857143,0.0,-1.4874523800514137,0.011317510937685231
0.01,slow_observer,40.0,0.7355625191315234,3.371428571428572,0.0,-1.5822669220490624,0.011320248727765124
0.01,slow_observer,40.0,0.7355625191315234,3.5,0.0,-1.6770814640467089,0.01132299662067171
0.01,slow_observer,48.0,-0.281765415063314,0.8,0.16666666666666666,-0.281765415063314,0.0
0.01,slow_observer,48.0,-0.281765415063314,0.9285714285714286,0.0,-0.281765415063314,0.0
0.01,slow_observer,48.0,-0.281765415063314,1.0571428571428572,0.0,-0.281765415063314,0.0
0.01,slow_observer,48.0,-0.281765415063314,1.185714285714286,0.0,-0.34434839150389546,0.011836743091586437
0.01,slow_observer,48.0,-0.281765415063314,1.3142857142857145,0.0,-0.4384286636858083,0.011935888188736836
0.01,slow_observer,48.0,-0.281765415063314,1.442857142857143,0.0,-0.5325718311260066,0.012012958037746537
0.01,slow_observer,48.0,-0.281765415063314,1.5714285714285716,0.0,-0.6267206061721642,0.012090336007075536
0.01,slow_observer,48.0,-0.281765415063314,1.7000000000000002,0.0,-0.7209034528151004,0.012162054319266447
0.01,slow_observer,48.0,-0.281765415063314,1.8285714285714287,0.0,-0.8151320575066704,0.012264562422337708
0.01,slow_observer,48.0,-0.281765415063314,1.9571428571428573,0.0,-0.9094955061391419,0.012234846111332963
0.01,slow_observer,48.0,-0.281765415063314,2.085714285714286,0.0,-1.0038633582409413,0.012200072920264194
0.01,slow_observer,48.0,-0.281765415063314,2.2142857142857144,0.0,-1.0982467759497703,0.012180013237092635
0.01,slow_observer,48.0,-0.281765415063314,2.3428571428571434,0.0,-1.192644722546474,0.012173404280654453
0.01,slow_observer,48.0,-0.281765415063314,2.4714285714285715,0.0,-1.2870797460623102,0.012200256673054263
0.01,slow_observer,48.0,-0.281765415063314,2.6000000000000005,0.0,-1.3816249588112548,0.012201670062253282
0.01,slow_observer,48.0,-0.281765415063314,2.7285714285714286,0.0,-1.4761919114633184,0.012172911712731731
0.01,slow_observer,48.0,-0.281765415063314,2.8571428571428577,0.0,-1.5707663209225633,0.012150725966355202
0.01,slow_observer,48.0,-0.281765415063314,2.9857142857142858,0.0,-1.6653630611028591,0.01213468093376256
0.01,slow_observer,48.0,-0.281765415063314,3.1142857142857148,0.0,-1.7599835649930806,0.012109645865730587
0.01,slow_observer,48.0,-0.281765415063314,3.242857142857143,0.0,-1.8546131662841032,0.012088019327170914
0.01,slow_observer,48.0,-0.281765415063314,3.371428571428572,0.0,-1.9492553580498349,0.012077852210098265
0.01,slow_observer,48.0,-0.281765415063314,3.5,0.0,-2.043926089281204,0.012069136228977909
0.01,slow_observer,56.0,-0.2164131259346465,0.8,0.3333333333333333,-0.21641312593464648,2.7755575615628914e-17
0.01,slow_observer,56.0,-0.2164131259346465,0.9285714285714286,0.0,-0.21641312593464648,2.7755575615628914e-17
0.01,slow_observer,56.0,-0.2164131259346465,1.0571428571428572,0.0,-0.22309111967530917,0.007318610130239716
0.01,slow_observer,56.0,-0.2164131259346465,1.185714285714286,0.0,-0.3160879905241595,0.0077820345849716095
0.01,slow_observer,56.0,-0.2164131259346465,1.3142857142857145,0.0,-0.40975044483414064,0.007751074104319907
0.01,slow_observer,56.0,-0.2164131259346465,1.442857142857143,0.0,-0.5038161583262349,0.007590709166138676
0.01,slow_observer,56.0,-0.2164131259346465,1.5714285714285716,0.0,-0.5980062551085736,0.007387337102838679
0.01,slow_observer,56.0,-0.2164131259346465,1.7000000000000002,0.0,-0.6922075907784051,0.007182676896297232
0.01,slow_observer,56.0,-0.2164131259346465,1.8285714285714287,0.0,-0.7865591366773484,0.006979324415942087
0.01,slow_observer,56.0,-0.2164131259346465,1.9571428571428573,0.0,-0.8809416993318507,0.006764969198324038
0.01,slow_observer,56.0,-0.2164131259346465,2.085714285714286,0.0,-0.9754056739243367,0.006622614778443441
0.01,slow_observer,56.0,-0.2164131259346465,2.2142857142857144,0.0,-1.0698812797104391,0.006497843301487102
0.01,slow_observer,56.0,-0.2164131259346465,2.3428571428571434,0.0,-1.1644254890582666,0.006457628609377829
0.01,slow_observer,56.0,-0.2164131259346465,2.4714285714285715,0.0,-1.259007709279844,0.006438839798546194
0.01,slow_observer,56.0,-0.2164131259346465,2.6000000000000005,0.0,-1.3535899295014218,0.006422305561576811
0.01,slow_observer,56.0,-0.2164131259346465,2.7285714285714286,0.0,-1.4481721497229982,0.006408043350462919
0.01,slow_observer,56.0,-0.2164131259346465,2.8571428571428577,0.0,-1.5427938679559698,0.0064385815018014455
0.01,slow_observer,56.0,-0.2164131259346465,2.9857142857142858,0.0,-1.6374266715492467,0.006481638908311172
0.01,slow_observer,56.0,-0.2164131259346465,3.1142857142857148,0.0,-1.732065954973977,0.006517253289631386
0.01,slow_observer,56.0,-0.2164131259346465,3.242857142857143,0.0,-1.8267128370492605,0.00654403533517392
0.01,slow_observer,56.0,-0.2164131259346465,3.371428571428572,0.0,-1.9213640274141597,0.006565968025995357
0.01,slow_observer,56.0,-0.2164131259346465,3.5,0.0,-2.0160234415116682,0.006597072027186664
0.01,slow_observer,64.0,0.0663799976499353,0.8,0.5,0.05857448205709584,0.008026054712590174
0.01,slow_observer,64.0,0.0663799976499353,0.9285714285714286,0.0,-0.02963107638585166,0.013783371812478037
0.01,slow_observer,64.0,0.0663799976499353,1.0571428571428572,0.0,-0.12338763473521629,0.013650416779314752
0.01,slow_observer,64.0,0.0663799976499353,1.185714285714286,0.0,-0.217455797866986,0.013675142659988562
0.01,slow_observer,64.0,0.0663799976499353,1.3142857142857145,0.0,-0.3118109879225632,0.01367879159814216
0.01,slow_observer,64.0,0.0663799976499353,1.442857142857143,0.0,-0.406257230346708,0.013675658689609398
0.01,slow_observer,64.0,0.0663799976499353,1.5714285714285716,0.0,-0.500756928215391,0.013654764132158556
0.01,slow_observer,64.0,0.0663799976499353,1.7000000000000002,0.0,-0.5952569868931566,0.013635154220433215
0.01,slow_observer,64.0,0.0663799976499353,1.8285714285714287,0.0,-0.6897570455709223,0.013617172329333365
0.01,slow_observer,64.0,0.0663799976499353,1.9571428571428573,0.0,-0.7842627127367695,0.013597327757519984
0.01,slow_observer,64.0,0.0663799976499353,2.085714285714286,0.0,-0.8788045798165739,0.013578160084512403
0.01,slow_observer,64.0,0.0663799976499353,2.2142857142857144,0.0,-0.9734630948211697,0.013641830466498573
0.01,slow_observer,64.0,0.0663799976499353,2.3428571428571434,0.0,-1.0681277630766572,0.013699981771068251
0.01,slow_observer,64.0,0.0663799976499353,2.4714285714285715,0.0,-1.1627924313321445,0.013758298692713071
0.01,slow_observer,64.0,0.0663799976499353,2.6000000000000005,0.0,-1.2574570995876324,0.013816779134356971
0.01,slow_observer,64.0,0.0663799976499353,2.7285714285714286,0.0,-1.352142565375255,0.0138484620364423
0.01,slow_observer,64.0,0.0663799976499353,2.8571428571428577,0.0,-1.4468298402806126,0.013878284519460207
0.01,slow_observer,64.0,0.0663799976499353,2.9857142857142858,0.0,-1.541517115185969,0.013908602051425056
0.01,slow_observer,64.0,0.0663799976499353,3.1142857142857148,0.0,-1.6362085847513894,0.013935169780986007
0.01,slow_observer,64.0,0.0663799976499353,3.242857142857143,0.0,-1.7309179400085524,0.013947518103634557
0.01,slow_observer,64.0,0.0663799976499353,3.371428571428572,0.0,-1.8256462083354013,0.013948159050714493
0.01,slow_observer,64.0,0.0663799976499353,3.5,0.0,-1.9203744766622488,0.013949121098891919
0.01,slow_observer,72.0,0.21014780913719353,0.8,0.8333333333333334,0.12259971473026443,0.009216598446980303
0.01,slow_observer,72.0,0.21014780913719353,0.9285714285714286,0.5,0.028448683343150708,0.008952040920560176
0.01,slow_observer,72.0,0.21014780913719353,1.0571428571428572,0.0,-0.06570393307575978,0.008698906656873465
0.01,slow_observer,72.0,0.21014780913719353,1.185714285714286,0.0,-0.15993086597299466,0.008444223643839134
0.01,slow_observer,72.0,0.21014780913719353,1.3142857142857145,0.0,-0.2543082192995343,0.008287721990929798
0.01,slow_observer,72.0,0.21014780913719353,1.442857142857143,0.0,-0.34878310304994736,0.008174679961543183
0.01,slow_observer,72.0,0.21014780913719353,1.5714285714285716,0.0,-0.44328922787300357,0.008074699476440557
0.01,slow_observer,72.0,0.21014780913719353,1.7000000000000002,0.0,-0.5378175899295302,0.00797743286815394
0.01,slow_observer,72.0,0.21014780913719353,1.8285714285714287,0.0,-0.6323892892609926,0.007915827883041385
0.01,slow_observer,72.0,0.21014780913719353,1.9571428571428573,0.0,-0.727020056727519,0.007921099478468892
0.01,slow_observer,72.0,0.21014780913719353,2.085714285714286,0.0,-0.8216535273387097,0.00793116875428745
0.01,slow_observer,72.0,0.21014780913719353,2.2142857142857144,0.0,-0.9162869979499003,0.007943619882958062
0.01,slow_observer,72.0,0.21014780913719353,2.3428571428571434,0.0,-1.0109383852371572,0.007947795843899607
0.01,slow_observer,72.0,0.21014780913719353,2.4714285714285715,0.0,-1.1056148422439864,0.007953636564237697
0.01,slow_observer,72.0,0.21014780913719353,2.6000000000000005,0.0,-1.2002927709017979,0.00796254914285988
0.01,slow_observer,72.0,0.21014780913719353,2.7285714285714286,0.0,-1.294997143572983,0.00797448582772041
0.01,slow_observer,72.0,0.21014780913719353,2.8571428571428577,0.0,-1.3897391731069686,0.007990364562714777
0.01,slow_observer,72.0,0.21014780913719353,2.9857142857142858,0.0,-1.4844812026409546,0.008006383955886844
0.01,slow_observer,72.0,0.21014780913719353,3.1142857142857148,0.0,-1.579224850732001,0.00802174711894317
0.01,slow_observer,72.0,0.21014780913719353,3.242857142857143,0.0,-1.673988284707449,0.00804770537277438
0.01,slow_observer,72.0,0.21014780913719353,3.371428571428572,0.0,-1.7687603573199517,0.008079571308613516
0.01,slow_observer,72.0,0.21014780913719353,3.5,0.0,-1.863532429932454,0.008111451736622
0.01,slow_observer,80.0,-0.6106859722051887,0.8,0.0,-0.6106859722051886,1.1102230246251565e-16
0.01,slow_observer,80.0,-0.6106859722051887,0.9285714285714286,0.0,-0.6106859722051886,1.1102230246251565e-16
0.01,slow_observer,80.0,-0.6106859722051887,1.0571428571428572,0.0,-0.6106859722051886,1.1102230246251565e-16
0.01,slow_observer,80.0,-0.6106859722051887,1.185714285714286,0.0,-0.6106859722051886,1.1102230246251565e-16
0.01,slow_observer,80.0,-0.6106859722051887,1.3142857142857145,0.0,-0.6106859722051886,1.1102230246251565e-16
0.01,slow_observer,80.0,-0.6106859722051887,1.442857142857143,0.0,-0.6465402484102618,0.005619650034239617
0.01,slow_observer,80.0,-0.6106859722051887,1.5714285714285716,0.0,-0.7402664532490353,0.005503494947696606
0.01,slow_observer,80.0,-0.6106859722051887,1.7000000000000002,0.0,-0.8340296117589939,0.005443365512783023
0.01,slow_observer,80.0,-0.6106859722051887,1.8285714285714287,0.0,-0.9279639996015333,0.005529620948400893
0.01,slow_observer,80.0,-0.6106859722051887,1.9571428571428573,0.0,-1.0220851293722377,0.005619102040463676
0.01,slow_observer,80.0,-0.6106859722051887,2.085714285714286,0.0,-1.116370061873293,0.005659472566461737
0.01,slow_observer,80.0,-0.6106859722051887,2.2142857142857144,0.0,-1.2106900900236088,0.005704111806545658
0.01,slow_observer,80.0,-0.6106859722051887,2.3428571428571434,0.0,-1.3050129416649752,0.00575536096158546
0.01,slow_observer,80.0,-0.6106859722051887,2.4714285714285715,0.0,-1.3993512536096038,0.005800600874577024
0.01,slow_observer,80.0,-0.6106859722051887,2.6000000000000005,0.0,-1.4938191069222768,0.005716860965605449
0.01,slow_observer,80.0,-0.6106859722051887,2.7285714285714286,0.0,-1.5883145436411186,0.005640061097034093
0.01,slow_observer,80.0,-0.6106859722051887,2.8571428571428577,0.0,-1.6828143113160092,0.005565021572362546
0.01,slow_observer,80.0,-0.6106859722051887,2.9857142857142858,0.0,-1.7773635862320705,0.005509068985009565
0.01,slow_observer,80.0,-0.6106859722051887,3.1142857142857148,0.0,-1.8719429761408266,0.005459447864903799
0.01,slow_observer,80.0,-0.6106859722051887,3.242857142857143,0.0,-1.9665223660495823,0.005411264051186191
0.01,slow_observer,80.0,-0.6106859722051887,3.371428571428572,0.0,-2.061146061548376,0.005379952739139354
0.01,slow_observer,80.0,-0.6106859722051887,3.5,0.0,-2.1557818004584486,0.00533789416693433
0.01,slow_observer,88.0,-0.8900850480399806,0.8,0.0,-0.8900850480399806,0.0
0.01,slow_observer,88.0,-0.8900850480399806,0.9285714285714286,0.0,-0.8900850480399806,0.0
0.01,slow_observer,88.0,-0.8900850480399806,1.0571428571428572,0.0,-0.8900850480399806,0.0
0.01,slow_observer,88.0,-0.8900850480399806,1.185714285714286,0.0,-0.8900850480399806,0.0
0.01,slow_observer,88.0,-0.8900850480399806,1.3142857142857145,0.0,-0.8900850480399806,0.0
0.01,slow_observer,88.0,-0.8900850480399806,1.442857142857143,0.0,-0.8900850480399806,0.0
0.01,slow_observer,88.0,-0.8900850480399806,1.5714285714285716,0.0,-0.8900850480399806,0.0
0.01,slow_observer,88.0,-0.8900850480399806,1.7000000000000002,0.0,-0.9337919037040064,0.004396941307978284
0.01,slow_observer,88.0,-0.8900850480399806,1.8285714285714287,0.0,-1.0275855654754755,0.004261352107069318
0.01,slow_observer,88.0,-0.8900850480399806,1.9571428571428573,0.0,-1.1215750645816895,0.004215373225069232
0.01,slow_observer,88.0,-0.8900850480399806,2.085714285714286,0.0,-1.215671560166527,0.004218201737016905
0.01,slow_observer,88.0,-0.8900850480399806,2.2142857142857144,0.0,-1.3098470220329004,0.004285034359394083
0.01,slow_observer,88.0,-0.8900850480399806,2.3428571428571434,0.0,-1.4040450511937888,0.0043551568960447295
0.01,slow_observer,88.0,-0.8900850480399806,2.4714285714285715,0.0,-1.4982430803546773,0.00442684447044227
0.01,slow_observer,88.0,-0.8900850480399806,2.6000000000000005,0.0,-1.592511256395621,0.004483879371669388
0.01,slow_observer,88.0,-0.8900850480399806,2.7285714285714286,0.0,-1.686827290260985,0.004545854716281561
0.01,slow_observer,88.0,-0.8900850480399806,2.8571428571428577,0.0,-1.7811762540278258,0.004596680608671095
0.01,slow_observer,88.0,-0.8900850480399806,2.9857142857142858,0.0,-1.875551290266056,0.0046505482387613015
0.01,slow_observer,88.0,-0.8900850480399806,3.1142857142857148,0.0,-1.9699627670355986,0.004657866760397656
0.01,slow_observer,88.0,-0.8900850480399806,3.242857142857143,0.0,-2.064387977817496,0.0046481354504720246
0.01,slow_observer,88.0,-0.8900850480399806,3.371428571428572,0.0,-2.1588181810619087,0.00464124698800597
0.01,slow_observer,88.0,-0.8900850480399806,3.5,0.0,-2.253258374890398,0.004638567332753296
0.01,slow_observer,96.0,-0.4672962159551587,0.8,0.0,-0.46729621595515874,5.551115123125783e-17
0.01,slow_observer,96.0,-0.4672962159551587,0.9285714285714286,0.0,-0.46729621595515874,5.551115123125783e-17
0.01,slow_observer,96.0,-0.4672962159551587,1.0571428571428572,0.0,-0.46729621595515874,5.551115123125783e-17
0.01,slow_observer,96.0,-0.4672962159551587,1.185714285714286,0.0,-0.46729621595515874,5.551115123125783e-17
0.01,slow_observer,96.0,-0.4672962159551587,1.3142857142857145,0.0,-0.4975663401598866,0.010753612178885544
0.01,slow_observer,96.0,-0.4672962159551587,1.442857142857143,0.0,-0.5914406756961704,0.010674093794266903
0.01,slow_observer,96.0,-0.4672962159551587,1.5714285714285716,0.0,-0.6854012718386074,0.01052921873956308
0.01,slow_observer,96.0,-0.4672962159551587,1.7000000000000002,0.0,-0.7795344433889557,0.010508359845128292
0.01,slow_observer,96.0,-0.4672962159551587,1.8285714285714287,0.0,-0.8737895900284576,0.01059867996682641
0.01,slow_observer,96.0,-0.4672962159551587,1.9571428571428573,0.0,-0.9680690142076527,0.010682967226641879
0.01,slow_observer,96.0,-0.4672962159551587,2.085714285714286,0.0,-1.062409284729254,0.010693160974076119
0.01,slow_observer,96.0,-0.4672962159551587,2.2142857142857144,0.0,-1.1568424187924287,0.010733785232000892
0.01,slow_observer,96.0,-0.4672962159551587,2.3428571428571434,0.0,-1.2512983034922074,0.010755459753971394
0.01,slow_observer,96.0,-0.4672962159551587,2.4714285714285715,0.0,-1.3457585464840847,0.010782573825561864
0.01,slow_observer,96.0,-0.4672962159551587,2.6000000000000005,0.0,-1.440220289415005,0.01080997234538152
0.01,slow_observer,96.0,-0.4672962159551587,2.7285714285714286,0.0,-1.534701721411808,0.010823376058081355
0.01,slow_observer,96.0,-0.4672962159551587,2.8571428571428577,0.0,-1.6292441273119247,0.010784415348718216
0.01,slow_observer,96.0,-0.4672962159551587,2.9857142857142858,0.0,-1.7237865332120423,0.010745541840148398
0.01,slow_observer,96.0,-0.4672962159551587,3.1142857142857148,0.0,-1.8183332144680067,0.010709571330597616
0.01,slow_observer,96.0,-0.4672962159551587,3.242857142857143,0.0,-1.9128878497692112,0.010671520333953105
0.01,slow_observer,96.0,-0.4672962159551587,3.371428571428572,0.0,-2.0074528695384455,0.01063075792880531
0.01,slow_observer,96.0,-0.4672962159551587,3.5,0.0,-2.102042532451368,0.010581132741590827
0.01,slow_observer,104.0,-0.13648299187962618,0.8,0.5,-0.13648299187962618,0.0
0.01,slow_observer,104.0,-0.13648299187962618,0.9285714285714286,0.0,-0.13648299187962618,0.0
0.01,slow_observer,104.0,-0.13648299187962618,1.0571428571428572,0.0,-0.1862306641105731,0.007011868892193563
0.01,slow_observer,104.0,-0.13648299187962618,1.185714285714286,0.0,-0.2801962058777594,0.006941433577513482
0.01,slow_observer,104.0,-0.13648299187962618,1.3142857142857145,0.0,-0.3744031246238951,0.007027030313954532
0.01,slow_observer,104.0,-0.13648299187962618,1.442857142857143,0.0,-0.4686585638475464,0.007173706593531513
0.01,slow_observer,104.0,-0.13648299187962618,1.5714285714285716,0.0,-0.562914003071198,0.007324169919500006
0.01,slow_observer,104.0,-0.13648299187962618,1.7000000000000002,0.0,-0.6572198000520956,0.007426199839219987
0.01,slow_observer,104.0,-0.13648299187962618,1.8285714285714287,0.0,-0.7515983203889913,0.007469510489751613
0.01,slow_observer,104.0,-0.13648299187962618,1.9571428571428573,0.0,-0.8461116820448518,0.007341086111790772
0.01,slow_observer,104.0,-0.13648299187962618,2.085714285714286,0.0,-0.9406846059883046,0.007260774200737369
0.01,slow_observer,104.0,-0.13648299187962618,2.2142857142857144,0.0,-1.0353041657554314,0.007253538394916265
0.01,slow_observer,104.0,-0.13648299187962618,2.3428571428571434,0.0,-1.1299245548270298,0.007248581760194513
0.01,slow_observer,104.0,-0.13648299187962618,2.4714285714285715,0.0,-1.2245695320767662,0.007232856897559883
0.01,slow_observer,104.0,-0.13648299187962618,2.6000000000000005,0.0,-1.3192459035134863,0.007200319669043536
0.01,slow_observer,104.0,-0.13648299187962618,2.7285714285714286,0.0,-1.4139222749502063,0.007169460300873093
0.01,slow_observer,104.0,-0.13648299187962618,2.8571428571428577,0.0,-1.508598646386927,0.007140300547507741
0.01,slow_observer,104.0,-0.13648299187962618,2.9857142857142858,0.0,-1.6032986123166728,0.00713413364530667
0.01,slow_observer,104.0,-0.13648299187962618,3.1142857142857148,0.0,-1.6980101827805514,0.007139525693602
0.01,slow_observer,104.0,-0.13648299187962618,3.242857142857143,0.0,-1.792731347663344,0.007139515592857389
0.01,slow_observer,104.0,-0.13648299187962618,3.371428571428572,0.0,-1.8874642332684,0.007132370110655153
0.01,slow_observer,104.0,-0.13648299187962618,3.5,0.0,-1.9821971188734555,0.0071257530829310495
0.01,slow_observer,112.0,-0.48119045544939015,0.8,0.0,-0.48119045544939015,0.0
0.01,slow_observer,112.0,-0.48119045544939015,0.9285714285714286,0.0,-0.48119045544939015,0.0
0.01,slow_observer,112.0,-0.48119045544939015,1.0571428571428572,0.0,-0.48119045544939015,0.0
0.01,slow_observer,112.0,-0.48119045544939015,1.185714285714286,0.0,-0.48119045544939015,0.0
0.01,slow_observer,112.0,-0.48119045544939015,1.3142857142857145,0.0,-0.5045290766424126,0.001660403057204981
0.01,slow_observer,112.0,-0.48119045544939015,1.442857142857143,0.0,-0.5983357276117925,0.0019753503297345936
0.01,slow_observer,112.0,-0.48119045544939015,1.5714285714285716,0.0,-0.6922546413919495,0.0022747724741362866
0.01,slow_observer,112.0,-0.48119045544939015,1.7000000000000002,0.0,-0.7864210945746858,0.0023828774685750835
0.01,slow_observer,112.0,-0.48119045544939015,1.8285714285714287,0.0,-0.8807149406036205,0.002513359866279445
0.01,slow_observer,112.0,-0.48119045544939015,1.9571428571428573,0.0,-0.9750489087621146,0.0026255644450675045
0.01,slow_observer,112.0,-0.48119045544939015,2.085714285714286,0.0,-1.0693958824621719,0.0027321361487177604
0.01,slow_observer,112.0,-0.48119045544939015,2.2142857142857144,0.0,-1.163771574812691,0.002814607891196709
0.01,slow_observer,112.0,-0.48119045544939015,2.3428571428571434,0.0,-1.2582052058138953,0.002840689480440877
0.01,slow_observer,112.0,-0.48119045544939015,2.4714285714285715,0.0,-1.352689754183612,0.0028833968094321215
0.01,slow_observer,112.0,-0.48119045544939015,2.6000000000000005,0.0,-1.4472266647968104,0.002935961545181636
0.01,slow_observer,112.0,-0.48119045544939015,2.7285714285714286,0.0,-1.5417701339068446,0.0029966066783985636
0.01,slow_observer,112.0,-0.48119045544939015,2.8571428571428577,0.0,-1.6363197105842315,0.0030545487133586823
0.01,slow_observer,112.0,-0.48119045544939015,2.9857142857142858,0.0,-1.7308872841696872,0.003098659498834029
0.01,slow_observer,112.0,-0.48119045544939015,3.1142857142857148,0.0,-1.8254608334659277,0.0031525148094750425
0.01,slow_observer,112.0,-0.48119045544939015,3.242857142857143,0.0,-1.9200587999356324,0.0032096494894976414
0.01,slow_observer,112.0,-0.48119045544939015,3.371428571428572,0.0,-2.014663393788403,0.0032613015302725805
0.01,slow_observer,112.0,-0.48119045544939015,3.5,0.0,-2.1092817435958655,0.0033030666566586844
0.01,slow_observer,120.0,-1.3208139252022122,0.8,0.0,-1.3208139252022122,0.0
0.01,slow_observer,120.0,-1.3208139252022122,0.9285714285714286,0.0,-1.3208139252022122,0.0
0.01,slow_observer,120.0,-1.3208139252022122,1.0571428571428572,0.0,-1.3208139252022122,0.0
0.01,slow_observer,120.0,-1.3208139252022122,1.185714285714286,0.0,-1.3208139252022122,0.0
0.01,slow_observer,120.0,-1.3208139252022122,1.3142857142857145,0.0,-1.3208139252022122,0.0
0.01,slow_observer,120.0,-1.3208139252022122,1.442857142857143,0.0,-1.3208139252022122,0.0
0.01,slow_observer,120.0,-1.3208139252022122,1.5714285714285716,0.0,-1.3208139252022122,0.0
0.01,slow_observer,120.0,-1.3208139252022122,1.7000000000000002,0.0,-1.3208139252022122,0.0
0.01,slow_observer,120.0,-1.3208139252022122,1.8285714285714287,0.0,-1.3208139252022122,0.0
0.01,slow_observer,120.0,-1.3208139252022122,1.9571428571428573,0.0,-1.3208139252022122,0.0
0.01,slow_observer,120.0,-1.3208139252022122,2.085714285714286,0.0,-1.3750503511113707,0.004692075998694127
0.01,slow_observer,120.0,-1.3208139252022122,2.2142857142857144,0.0,-1.4687118499494256,0.00471605012426886
0.01,slow_observer,120.0,-1.3208139252022122,2.3428571428571434,0.0,-1.5626351514733339,0.0045972474713473375
0.01,slow_observer,120.0,-1.3208139252022122,2.4714285714285715,0.0,-1.6566296334771853,0.0044969484373129105
0.01,slow_observer,120.0,-1.3208139252022122,2.6000000000000005,0.0,-1.7507198157260702,0.004339254889635736
0.01,slow_observer,120.0,-1.3208139252022122,2.7285714285714286,0.0,-1.8448615609121524,0.004233981330467597
0.01,slow_observer,120.0,-1.3208139252022122,2.8571428571428577,0.0,-1.9390377899990827,0.0041591431338531305
0.01,slow_observer,120.0,-1.3208139252022122,2.9857142857142858,0.0,-2.0332307487540584,0.004108407814238302
0.01,slow_observer,120.0,-1.3208139252022122,3.1142857142857148,0.0,-2.1275574472858163,0.004075382530912332
0.01,slow_observer,120.0,-1.3208139252022122,3.242857142857143,0.0,-2.2218974512292524,0.004038057522497022
0.01,slow_observer,120.0,-1.3208139252022122,3.371428571428572,0.0,-2.31627751993248,0.003986967318971189
0.01,slow_observer,120.0,-1.3208139252022122,3.5,0.0,-2.410680843171176,0.003935466075366656
0.01,slow_observer,128.0,-0.8977048400275199,0.8,0.0,-0.8977048400275199,0.0
0.01,slow_observer,128.0,-0.8977048400275199,0.9285714285714286,0.0,-0.8977048400275199,0.0
0.01,slow_observer,128.0,-0.8977048400275199,1.0571428571428572,0.0,-0.8977048400275199,0.0
0.01,slow_observer,128.0,-0.8977048400275199,1.185714285714286,0.0,-0.8977048400275199,0.0
0.01,slow_observer,128.0,-0.8977048400275199,1.3142857142857145,0.0,-0.8977048400275199,0.0
0.01,slow_observer,128.0,-0.8977048400275199,1.442857142857143,0.0,-0.8977048400275199,0.0
0.01,slow_observer,128.0,-0.8977048400275199,1.5714285714285716,0.0,-0.8977048400275199,0.0
0.01,slow_observer,128.0,-0.8977048400275199,1.7000000000000002,0.0,-0.9351688318381628,0.008719062207200335
0.01,slow_observer,128.0,-0.8977048400275199,1.8285714285714287,0.0,-1.02896238889714,0.008736458780545301
0.01,slow_observer,128.0,-0.8977048400275199,1.9571428571428573,0.0,-1.12289451420685,0.008567906366521987
0.01,slow_observer,128.0,-0.8977048400275199,2.085714285714286,0.0,-1.216841377545509,0.008394650957892106
0.01,slow_observer,128.0,-0.8977048400275199,2.2142857142857144,0.0,-1.3109826169384156,0.00835624587196617
0.01,slow_observer,128.0,-0.8977048400275199,2.3428571428571434,0.0,-1.4052413112783964,0.00828894961727833
0.01,slow_observer,128.0,-0.8977048400275199,2.4714285714285715,0.0,-1.4995000056183778,0.008224494131237995
0.01,slow_observer,128.0,-0.8977048400275199,2.6000000000000005,0.0,-1.5937586999583584,0.00816294670714727
0.01,slow_observer,128.0,-0.8977048400275199,2.7285714285714286,0.0,-1.6880297002721976,0.008095416939925675
0.01,slow_observer,128.0,-0.8977048400275199,2.8571428571428577,0.0,-1.782322275141443,0.008016470657489068
0.01,slow_observer,128.0,-0.8977048400275199,2.9857142857142858,0.0,-1.8766871808918575,0.007890491096822699
0.01,slow_observer,128.0,-0.8977048400275199,3.1142857142857148,0.0,-1.9711071247692302,0.0077788296885046935
0.01,slow_observer,128.0,-0.8977048400275199,3.242857142857143,0.0,-2.0655584333366788,0.007689599469926923
0.01,slow_observer,128.0,-0.8977048400275199,3.371428571428572,0.0,-2.1600275094070747,0.007615751533961079
0.01,slow_observer,128.0,-0.8977048400275199,3.5,0.0,-2.254526196941544,0.007563977985338068
0.01,slow_observer,136.0,-0.45490703537195326,0.8,0.16666666666666666,-0.45490703537195326,0.0
0.01,slow_observer,136.0,-0.45490703537195326,0.9285714285714286,0.0,-0.45490703537195326,0.0
0.01,slow_observer,136.0,-0.45490703537195326,1.0571428571428572,0.0,-0.45490703537195326,0.0
0.01,slow_observer,136.0,-0.45490703537195326,1.185714285714286,0.0,-0.45490703537195326,0.0
0.01,slow_observer,136.0,-0.45490703537195326,1.3142857142857145,0.0,-0.4974017459535394,0.005087109066351913
0.01,slow_observer,136.0,-0.45490703537195326,1.442857142857143,0.0,-0.591157125231191,0.004986649798670616
0.01,slow_observer,136.0,-0.45490703537195326,1.5714285714285716,0.0,-0.6851523573611344,0.005060535286031033
0.01,slow_observer,136.0,-0.45490703537195326,1.7000000000000002,0.0,-0.7792987562604,0.005010039725340089
0.01,slow_observer,136.0,-0.45490703537195326,1.8285714285714287,0.0,-0.8735039231503361,0.004898397900959091
0.01,slow_observer,136.0,-0.45490703537195326,1.9571428571428573,0.0,-0.9677913241393022,0.0047150317126833504
0.01,slow_observer,136.0,-0.45490703537195326,2.085714285714286,0.0,-1.0621528514259675,0.004543950328956969
0.01,slow_observer,136.0,-0.45490703537195326,2.2142857142857144,0.0,-1.1565934079191862,0.004477296304283791
0.01,slow_observer,136.0,-0.45490703537195326,2.3428571428571434,0.0,-1.251161612234567,0.004510423092457655
0.01,slow_observer,136.0,-0.45490703537195326,2.4714285714285715,0.0,-1.3457537980301153,0.004548959710255041
0.01,slow_observer,136.0,-0.45490703537195326,2.6000000000000005,0.0,-1.4403804243736966,0.004549383534407556
0.01,slow_observer,136.0,-0.45490703537195326,2.7285714285714286,0.0,-1.5350087141155309,0.004548610174753984
0.01,slow_observer,136.0,-0.45490703537195326,2.8571428571428577,0.0,-1.629637003857366,0.004548545671508919
0.01,slow_observer,136.0,-0.45490703537195326,2.9857142857142858,0.0,-1.7242701082069807,0.0045462272797200986
0.01,slow_observer,136.0,-0.45490703537195326,3.1142857142857148,0.0,-1.8189111935421884,0.004539499465044177
0.01,slow_observer,136.0,-0.45490703537195326,3.242857142857143,0.0,-1.913552278877395,0.004533181146201299
0.01,slow_observer,136.0,-0.45490703537195326,3.371428571428572,0.0,-2.008193364212603,0.004527274037683781
0.01,slow_observer,136.0,-0.45490703537195326,3.5,0.0,-2.1028344495478097,0.004521779751068584
0.01,slow_observer,144.0,-0.34898626111920383,0.8,0.0,-0.34898626111920383,0.0
0.01,slow_observer,144.0,-0.34898626111920383,0.9285714285714286,0.0,-0.34898626111920383,0.0
0.01,slow_observer,144.0,-0.34898626111920383,1.0571428571428572,0.0,-0.34898626111920383,0.0
0.01,slow_observer,144.0,-0.34898626111920383,1.185714285714286,0.0,-0.36222065313081875,0.005022519364224561
0.01,slow_observer,144.0,-0.34898626111920383,1.3142857142857145,0.0,-0.45615559682886575,0.005016885464228239
0.01,slow_observer,144.0,-0.34898626111920383,1.442857142857143,0.0,-0.5500937909569924,0.00504094710704017
0.01,slow_observer,144.0,-0.34898626111920383,1.5714285714285716,0.0,-0.6441344317864486,0.0050834221990877625
0.01,slow_observer,144.0,-0.34898626111920383,1.7000000000000002,0.0,-0.7382927225111966,0.005092648283419555
0.01,slow_observer,144.0,-0.34898626111920383,1.8285714285714287,0.0,-0.8324997197090309,0.005077323386942699
0.01,slow_observer,144.0,-0.34898626111920383,1.9571428571428573,0.0,-0.9267665701194265,0.00505906534795958
0.01,slow_observer,144.0,-0.34898626111920383,2.085714285714286,0.0,-1.0211085768453427,0.005047818655467084
0.01,slow_observer,144.0,-0.34898626111920383,2.2142857142857144,0.0,-1.1154911290474665,0.005072243519872115
0.01,slow_observer,144.0,-0.34898626111920383,2.3428571428571434,0.0,-1.2098990216839924,0.005126134177601958
0.01,slow_observer,144.0,-0.34898626111920383,2.4714285714285715,0.0,-1.3043636973738415,0.005150935796402352
0.01,slow_observer,144.0,-0.34898626111920383,2.6000000000000005,0.0,-1.3988462038478089,0.00516906467089309
0.01,slow_observer,144.0,-0.34898626111920383,2.7285714285714286,0.0,-1.4933919116094199,0.005169748617586293
0.01,slow_observer,144.0,-0.34898626111920383,2.8571428571428577,0.0,-1.587967996577649,0.005165963971436375
0.01,slow_observer,144.0,-0.34898626111920383,2.9857142857142858,0.0,-1.6825647587446833,0.005165619796200394
0.01,slow_observer,144.0,-0.34898626111920383,3.1142857142857148,0.0,-1.7772464656438645,0.0051831028139756215
0.01,slow_observer,144.0,-0.34898626111920383,3.242857142857143,0.0,-1.8719336767178858,0.005210695661187414
0.01,slow_observer,144.0,-0.34898626111920383,3.371428571428572,0.0,-1.9666215107053837,0.005240483596905718
0.01,slow_observer,144.0,-0.34898626111920383,3.5,0.0,-2.06131395030293,0.005264720557574731
0.01,slow_observer,152.0,-1.4525399538632882,0.8,0.0,-1.4525399538632884,2.220446049250313e-16
0.01,slow_observer,152.0,-1.4525399538632882,0.9285714285714286,0.0,-1.4525399538632884,2.220446049250313e-16
0.01,slow_observer,152.0,-1.4525399538632882,1.0571428571428572,0.0,-1.4525399538632884,2.220446049250313e-16
0.01,slow_observer,152.0,-1.4525399538632882,1.185714285714286,0.0,-1.4525399538632884,2.220446049250313e-16
0.01,slow_observer,152.0,-1.4525399538632882,1.3142857142857145,0.0,-1.4525399538632884,2.220446049250313e-16
0.01,slow_observer,152.0,-1.4525399538632882,1.442857142857143,0.0,-1.4525399538632884,2.220446049250313e-16
0.01,slow_observer,152.0,-1.4525399538632882,1.5714285714285716,0.0,-1.4525399538632884,2.220446049250313e-16
0.01,slow_observer,152.0,-1.4525399538632882,1.7000000000000002,0.0,-1.4525399538632884,2.220446049250313e-16
0.01,slow_observer,152.0,-1.4525399538632882,1.8285714285714287,0.0,-1.4525399538632884,2.220446049250313e-16
0.01,slow_observer,152.0,-1.4525399538632882,1.9571428571428573,0.0,-1.4525399538632884,2.220446049250313e-16
0.01,slow_observer,152.0,-1.4525399538632882,2.085714285714286,0.0,-1.4525399538632884,2.220446049250313e-16
0.01,slow_observer,152.0,-1.4525399538632882,2.2142857142857144,0.0,-1.5174229517316673,0.010966373178592524
0.01,slow_observer,152.0,-1.4525399538632882,2.3428571428571434,0.0,-1.6111880755674008,0.01085995077324173
0.01,slow_observer,152.0,-1.4525399538632882,2.4714285714285715,0.0,-1.7049704681021334,0.01076360603225005
0.01,slow_observer,152.0,-1.4525399538632882,2.6000000000000005,0.0,-1.798831561081566,0.010726023402487631
0.01,slow_observer,152.0,-1.4525399538632882,2.7285714285714286,0.0,-1.8927182381588157,0.010723039163762363
0.01,slow_observer,152.0,-1.4525399538632882,2.8571428571428577,0.0,-1.9866178008569488,0.01070323788186596
0.01,slow_observer,152.0,-1.4525399538632882,2.9857142857142858,0.0,-2.0805739643759664,0.010644593309826188
0.01,slow_observer,152.0,-1.4525399538632882,3.1142857142857148,0.0,-2.1745979970979135,0.010567404619002718
0.01,slow_observer,152.0,-1.4525399538632882,3.242857142857143,0.0,-2.2687088479048847,0.010462934733732434
0.01,slow_observer,152.0,-1.4525399538632882,3.371428571428572,0.0,-2.3628876322318226,0.010435634100149223
0.01,slow_observer,152.0,-1.4525399538632882,3.5,0.0,-2.4570975306335536,0.01042339974113294
0.01,slow_observer,160.0,-1.3255680624824175,0.8,0.0,-1.3255680624824178,2.220446049250313e-16
0.01,slow_observer,160.0,-1.3255680624824175,0.9285714285714286,0.0,-1.3255680624824178,2.220446049250313e-16
0.01,slow_observer,160.0,-1.3255680624824175,1.0571428571428572,0.0,-1.3255680624824178,2.220446049250313e-16
0.01,slow_observer,160.0,-1.3255680624824175,1.185714285714286,0.0,-1.3255680624824178,2.220446049250313e-16
0.01,slow_observer,160.0,-1.3255680624824175,1.3142857142857145,0.0,-1.3255680624824178,2.220446049250313e-16
0.01,slow_observer,160.0,-1.3255680624824175,1.442857142857143,0.0,-1.3255680624824178,2.220446049250313e-16
0.01,slow_observer,160.0,-1.3255680624824175,1.5714285714285716,0.0,-1.3255680624824178,2.220446049250313e-16
0.01,slow_observer,160.0,-1.3255680624824175,1.7000000000000002,0.0,-1.3255680624824178,2.220446049250313e-16
0.01,slow_observer,160.0,-1.3255680624824175,1.8285714285714287,0.0,-1.3255680624824178,2.220446049250313e-16
0.01,slow_observer,160.0,-1.3255680624824175,1.9571428571428573,0.0,-1.3255680624824178,2.220446049250313e-16
0.01,slow_observer,160.0,-1.3255680624824175,2.085714285714286,0.0,-1.3722371767891584,0.003891714120382948
0.01,slow_observer,160.0,-1.3255680624824175,2.2142857142857144,0.0,-1.4659320989978557,0.0039021725804992934
0.01,slow_observer,160.0,-1.3255680624824175,2.3428571428571434,0.0,-1.559798665621407,0.003854751336597492
0.01,slow_observer,160.0,-1.3255680624824175,2.4714285714285715,0.0,-1.6537613508343767,0.0038471606562345806
0.01,slow_observer,160.0,-1.3255680624824175,2.6000000000000005,0.0,-1.747831567089029,0.0038918717344933866
0.01,slow_observer,160.0,-1.3255680624824175,2.7285714285714286,0.0,-1.8420599824638784,0.003928842939894868
0.01,slow_observer,160.0,-1.3255680624824175,2.8571428571428577,0.0,-1.93631433085476,0.003985212555053809
0.01,slow_observer,160.0,-1.3255680624824175,2.9857142857142858,0.0,-2.030569697856842,0.0040451166675809815
0.01,slow_observer,160.0,-1.3255680624824175,3.1142857142857148,0.0,-2.124833223230356,0.004094210327378049
0.01,slow_observer,160.0,-1.3255680624824175,3.242857142857143,0.0,-2.2191505450870284,0.00404764122408453
0.01,slow_observer,160.0,-1.3255680624824175,3.371428571428572,0.0,-2.3134978185970314,0.00400215556575896
0.01,slow_observer,160.0,-1.3255680624824175,3.5,0.0,-2.4078469703204686,0.003957091980239309
0.01,slow_observer,168.0,-0.7867176967783021,0.8,0.0,-0.7867176967783021,0.0
0.01,slow_observer,168.0,-0.7867176967783021,0.9285714285714286,0.0,-0.7867176967783021,0.0
0.01,slow_observer,168.0,-0.7867176967783021,1.0571428571428572,0.0,-0.7867176967783021,0.0
0.01,slow_observer,168.0,-0.7867176967783021,1.185714285714286,0.0,-0.7867176967783021,0.0
0.01,slow_observer,168.0,-0.7867176967783021,1.3142857142857145,0.0,-0.7867176967783021,0.0
0.01,slow_observer,168.0,-0.7867176967783021,1.442857142857143,0.0,-0.7867176967783021,0.0
0.01,slow_observer,168.0,-0.7867176967783021,1.5714285714285716,0.0,-0.8040925932721347,0.00879517908903971
0.01,slow_observer,168.0,-0.7867176967783021,1.7000000000000002,0.0,-0.8978047588886549,0.008855632187665916
0.01,slow_observer,168.0,-0.7867176967783021,1.8285714285714287,0.0,-0.9915534731931563,0.008924790913120493
0.01,slow_observer,168.0,-0.7867176967783021,1.9571428571428573,0.0,-1.085363229188538,0.009064493091136478
0.01,slow_observer,168.0,-0.7867176967783021,2.085714285714286,0.0,-1.1792634630735297,0.00914645214672483
0.01,slow_observer,168.0,-0.7867176967783021,2.2142857142857144,0.0,-1.2732693327473568,0.009153941063234663
0.01,slow_observer,168.0,-0.7867176967783021,2.3428571428571434,0.0,-1.3674673268502595,0.008980561550630779
0.01,slow_observer,168.0,-0.7867176967783021,2.4714285714285715,0.0,-1.461728435704883,0.00882667712140815
0.01,slow_observer,168.0,-0.7867176967783021,2.6000000000000005,0.0,-1.5560214268049541,0.008669559504074857
0.01,slow_observer,168.0,-0.7867176967783021,2.7285714285714286,0.0,-1.6503811524719965,0.00852975501073987
0.01,slow_observer,168.0,-0.7867176967783021,2.8571428571428577,0.0,-1.7448689087079046,0.008506169767017409
0.01,slow_observer,168.0,-0.7867176967783021,2.9857142857142858,0.0,-1.8393714922968247,0.008478053287337011
0.01,slow_observer,168.0,-0.7867176967783021,3.1142857142857148,0.0,-1.933894641887786,0.008449419953543246
0.01,slow_observer,168.0,-0.7867176967783021,3.242857142857143,0.0,-2.0284183904214834,0.008422349653072427
0.01,slow_observer,168.0,-0.7867176967783021,3.371428571428572,0.0,-2.122958753565928,0.008391338784482819
0.01,slow_observer,168.0,-0.7867176967783021,3.5,0.0,-2.2175011619119696,0.00836466513411363
0.01,slow_observer,176.0,-0.42368734981869244,0.8,0.0,-0.42368734981869244,0.0
0.01,slow_observer,176.0,-0.42368734981869244,0.9285714285714286,0.0,-0.42368734981869244,0.0
0.01,slow_observer,176.0,-0.42368734981869244,1.0571428571428572,0.0,-0.42368734981869244,0.0
0.01,slow_observer,176.0,-0.42368734981869244,1.185714285714286,0.0,-0.42368734981869244,0.0
0.01,slow_observer,176.0,-0.42368734981869244,1.3142857142857145,0.0,-0.4834950092915069,0.003995550973190108
0.01,slow_observer,176.0,-0.42368734981869244,1.442857142857143,0.0,-0.577403721869843,0.004010826160892804
0.01,slow_observer,176.0,-0.42368734981869244,1.5714285714285716,0.0,-0.67135880559867,0.004049042923472039
0.01,slow_observer,176.0,-0.42368734981869244,1.7000000000000002,0.0,-0.7655277944454579,0.003856116266338689
0.01,slow_observer,176.0,-0.42368734981869244,1.8285714285714287,0.0,-0.8597593312029929,0.0036703808142802058
0.01,slow_observer,176.0,-0.42368734981869244,1.9571428571428573,0.0,-0.9540547793860722,0.003528566993721825
0.01,slow_observer,176.0,-0.42368734981869244,2.085714285714286,0.0,-1.0484755033152233,0.003411348513973858
0.01,slow_observer,176.0,-0.42368734981869244,2.2142857142857144,0.0,-1.1429649206522765,0.0033518385416586444
0.01,slow_observer,176.0,-0.42368734981869244,2.3428571428571434,0.0,-1.2375091118272967,0.003323503150573691
0.01,slow_observer,176.0,-0.42368734981869244,2.4714285714285715,0.0,-1.3320793379109357,0.0032899826938751907
0.01,slow_observer,176.0,-0.42368734981869244,2.6000000000000005,0.0,-1.4266541920582119,0.0032576190486736534
0.01,slow_observer,176.0,-0.42368734981869244,2.7285714285714286,0.0,-1.5212290462054883,0.0032277848076106026
0.01,slow_observer,176.0,-0.42368734981869244,2.8571428571428577,0.0,-1.6158039003527653,0.003200550705720504
0.01,slow_observer,176.0,-0.42368734981869244,2.9857142857142858,0.0,-1.7103906522254047,0.003185226536679399
0.01,slow_observer,176.0,-0.42368734981869244,3.1142857142857148,0.0,-1.8050021517357073,0.003187636874606649
0.01,slow_observer,176.0,-0.42368734981869244,3.242857142857143,0.0,-1.8996172797901014,0.0031932204692997515
0.01,slow_observer,176.0,-0.42368734981869244,3.371428571428572,0.0,-1.9942349063887201,0.003201223997620561
0.01,slow_observer,176.0,-0.42368734981869244,3.5,0.0,-2.0888562995565705,0.003213511455974745
0.01,slow_observer,184.0,-1.2155127722405288,0.8,0.0,-1.2155127722405288,0.0
0.01,slow_observer,184.0,-1.2155127722405288,0.9285714285714286,0.0,-1.2155127722405288,0.0
0.01,slow_observer,184.0,-1.2155127722405288,1.0571428571428572,0.0,-1.2155127722405288,0.0
0.01,slow_observer,184.0,-1.2155127722405288,1.185714285714286,0.0,-1.2155127722405288,0.0
0.01,slow_observer,184.0,-1.2155127722405288,1.3142857142857145,0.0,-1.2155127722405288,0.0
0.01,slow_observer,184.0,-1.2155127722405288,1.442857142857143,0.0,-1.2155127722405288,0.0
0.01,slow_observer,184.0,-1.2155127722405288,1.5714285714285716,0.0,-1.2155127722405288,0.0
0.01,slow_observer,184.0,-1.2155127722405288,1.7000000000000002,0.0,-1.2155127722405288,0.0
0.01,slow_observer,184.0,-1.2155127722405288,1.8285714285714287,0.0,-1.2155127722405288,0.0
0.01,slow_observer,184.0,-1.2155127722405288,1.9571428571428573,0.0,-1.2455614752732969,0.004159391202507038
0.01,slow_observer,184.0,-1.2155127722405288,2.085714285714286,0.0,-1.339156150713893,0.004185579425319396
0.01,slow_observer,184.0,-1.2155127722405288,2.2142857142857144,0.0,-1.4330854334550802,0.0041465909774746675
0.01,slow_observer,184.0,-1.2155127722405288,2.3428571428571434,0.0,-1.527121512294791,0.004072834870492682
0.01,slow_observer,184.0,-1.2155127722405288,2.4714285714285715,0.0,-1.6212846556727072,0.004024204896840608
0.01,slow_observer,184.0,-1.2155127722405288,2.6000000000000005,0.0,-1.715547299809763,0.004079326721691238
0.01,slow_observer,184.0,-1.2155127722405288,2.7285714285714286,0.0,-1.8098099439468183,0.0041390672268413085
0.01,slow_observer,184.0,-1.2155127722405288,2.8571428571428577,0.0,-1.9040816466201556,0.004202893936088919
0.01,slow_observer,184.0,-1.2155127722405288,2.9857142857142858,0.0,-1.998379333731975,0.004267116176659132
0.01,slow_observer,184.0,-1.2155127722405288,3.1142857142857148,0.0,-2.0927357075596045,0.004313351761952886
0.01,slow_observer,184.0,-1.2155127722405288,3.242857142857143,0.0,-2.1871443210117953,0.004365638396248438
0.01,slow_observer,184.0,-1.2155127722405288,3.371428571428572,0.0,-2.2815850420881123,0.004377407524807874
0.01,slow_observer,184.0,-1.2155127722405288,3.5,0.0,-2.376106084158008,0.004386159787798097
0.01,slow_observer,192.0,-1.751163263841916,0.8,0.0,-1.7511632638419157,2.220446049250313e-16
0.01,slow_observer,192.0,-1.751163263841916,0.9285714285714286,0.0,-1.7511632638419157,2.220446049250313e-16
0.01,slow_observer,192.0,-1.751163263841916,1.0571428571428572,0.0,-1.7511632638419157,2.220446049250313e-16
0.01,slow_observer,192.0,-1.751163263841916,1.185714285714286,0.0,-1.7511632638419157,2.220446049250313e-16
0.01,slow_observer,192.0,-1.751163263841916,1.3142857142857145,0.0,-1.7511632638419157,2.220446049250313e-16
0.01,slow_observer,192.0,-1.751163263841916,1.442857142857143,0.0,-1.7511632638419157,2.220446049250313e-16
0.01,slow_observer,192.0,-1.751163263841916,1.5714285714285716,0.0,-1.7511632638419157,2.220446049250313e-16
0.01,slow_observer,192.0,-1.751163263841916,1.7000000000000002,0.0,-1.7511632638419157,2.220446049250313e-16
0.01,slow_observer,192.0,-1.751163263841916,1.8285714285714287,0.0,-1.7511632638419157,2.220446049250313e-16
0.01,slow_observer,192.0,-1.751163263841916,1.9571428571428573,0.0,-1.7511632638419157,2.220446049250313e-16
0.01,slow_observer,192.0,-1.751163263841916,2.085714285714286,0.0,-1.7511632638419157,2.220446049250313e-16
0.01,slow_observer,192.0,-1.751163263841916,2.2142857142857144,0.0,-1.7511632638419157,2.220446049250313e-16
0.01,slow_observer,192.0,-1.751163263841916,2.3428571428571434,0.0,-1.7511632638419157,2.220446049250313e-16
0.01,slow_observer,192.0,-1.751163263841916,2.4714285714285715,0.0,-1.8146971807705554,0.007252712341623015
0.01,slow_observer,192.0,-1.751163263841916,2.6000000000000005,0.0,-1.9084649316163167,0.0072290227159147276
0.01,slow_observer,192.0,-1.751163263841916,2.7285714285714286,0.0,-2.0023448096225827,0.007251672629704257
0.01,slow_observer,192.0,-1.751163263841916,2.8571428571428577,0.0,-2.0962504929049683,0.0072778122673201094
0.01,slow_observer,192.0,-1.751163263841916,2.9857142857142858,0.0,-2.1902165514767256,0.007268603312420781
0.01,slow_observer,192.0,-1.751163263841916,3.1142857142857148,0.0,-2.2842317971677897,0.0072372679680081315
0.01,slow_observer,192.0,-1.751163263841916,3.242857142857143,0.0,-2.3783480482649466,0.007142510214794316
0.01,slow_observer,192.0,-1.751163263841916,3.371428571428572,0.0,-2.4725289146812233,0.00705980630010336
0.01,slow_observer,192.0,-1.751163263841916,3.5,0.0,-2.5667408580162654,0.006985586357107218
0.01,slow_observer,200.0,-1.1550531933130752,0.8,0.0,-1.1550531933130752,0.0
0.01,slow_observer,200.0,-1.1550531933130752,0.9285714285714286,0.0,-1.1550531933130752,0.0
0.01,slow_observer,200.0,-1.1550531933130752,1.0571428571428572,0.0,-1.1550531933130752,0.0
0.01,slow_observer,200.0,-1.1550531933130752,1.185714285714286,0.0,-1.1550531933130752,0.0
0.01,slow_observer,200.0,-1.1550531933130752,1.3142857142857145,0.0,-1.1550531933130752,0.0
0.01,slow_observer,200.0,-1.1550531933130752,1.442857142857143,0.0,-1.1550531933130752,0.0
0.01,slow_observer,200.0,-1.1550531933130752,1.5714285714285716,0.0,-1.1550531933130752,0.0
0.01,slow_observer,200.0,-1.1550531933130752,1.7000000000000002,0.0,-1.1550531933130752,0.0
0.01,slow_observer,200.0,-1.1550531933130752,1.8285714285714287,0.0,-1.1550531933130752,0.0
0.01,slow_observer,200.0,-1.1550531933130752,1.9571428571428573,0.0,-1.2265290193002312,0.007526655505351103
0.01,slow_observer,200.0,-1.1550531933130752,2.085714285714286,0.0,-1.3204740242182256,0.007470095186684659
0.01,slow_observer,200.0,-1.1550531933130752,2.2142857142857144,0.0,-1.4144867404619224,0.007408949973364318
0.01,slow_observer,200.0,-1.1550531933130752,2.3428571428571434,0.0,-1.5085463767660163,0.00738801952341525
0.01,slow_observer,200.0,-1.1550531933130752,2.4714285714285715,0.0,-1.6026749778872456,0.007313345147065094
0.01,slow_observer,200.0,-1.1550531933130752,2.6000000000000005,0.0,-1.696807566712777,0.007233144542268398
0.01,slow_observer,200.0,-1.1550531933130752,2.7285714285714286,0.0,-1.790967733699769,0.007111835043694952
0.01,slow_observer,200.0,-1.1550531933130752,2.8571428571428577,0.0,-1.8851520053479218,0.0069741716556598055
0.01,slow_observer,200.0,-1.1550531933130752,2.9857142857142858,0.0,-1.9793546682555407,0.006865968296953216
0.01,slow_observer,200.0,-1.1550531933130752,3.1142857142857148,0.0,-2.0736189973277384,0.006805908704123616
0.01,slow_observer,200.0,-1.1550531933130752,3.242857142857143,0.0,-2.1679466373287566,0.006805483898019238
0.01,slow_observer,200.0,-1.1550531933130752,3.371428571428572,0.0,-2.2623465631429673,0.006791484632614531
0.01,slow_observer,200.0,-1.1550531933130752,3.5,0.0,-2.3567522880614398,0.006778283922191951
0.01,slow_observer,208.0,-0.6581883745119012,0.8,0.0,-0.6581883745119012,0.0
0.01,slow_observer,208.0,-0.6581883745119012,0.9285714285714286,0.0,-0.6581883745119012,0.0
0.01,slow_observer,208.0,-0.6581883745119012,1.0571428571428572,0.0,-0.6581883745119012,0.0
0.01,slow_observer,208.0,-0.6581883745119012,1.185714285714286,0.0,-0.6581883745119012,0.0
0.01,slow_observer,208.0,-0.6581883745119012,1.3142857142857145,0.0,-0.6581883745119012,0.0
0.01,slow_observer,208.0,-0.6581883745119012,1.442857142857143,0.0,-0.6668712215255818,0.006460084540590323
0.01,slow_observer,208.0,-0.6581883745119012,1.5714285714285716,0.0,-0.7591066554246763,0.008586726676195878
0.01,slow_observer,208.0,-0.6581883745119012,1.7000000000000002,0.0,-0.8531149332172713,0.008561546184262664
0.01,slow_observer,208.0,-0.6581883745119012,1.8285714285714287,0.0,-0.9473153204341266,0.008630636939272506
0.01,slow_observer,208.0,-0.6581883745119012,1.9571428571428573,0.0,-1.0415650046988774,0.008740308703575178
0.01,slow_observer,208.0,-0.6581883745119012,2.085714285714286,0.0,-1.135854274261184,0.008885033755945971
0.01,slow_observer,208.0,-0.6581883745119012,2.2142857142857144,0.0,-1.230180213066337,0.009056463012525646
0.01,slow_observer,208.0,-0.6581883745119012,2.3428571428571434,0.0,-1.3245708900506394,0.009186277971741933
0.01,slow_observer,208.0,-0.6581883745119012,2.4714285714285715,0.0,-1.4190181307881058,0.009331496235375011
0.01,slow_observer,208.0,-0.6581883745119012,2.6000000000000005,0.0,-1.5134653715255733,0.009479650826528173
0.01,slow_observer,208.0,-0.6581883745119012,2.7285714285714286,0.0,-1.607913935801603,0.009631539970237357
0.01,slow_observer,208.0,-0.6581883745119012,2.8571428571428577,0.0,-1.7024128483011778,0.009740507911099415
0.01,slow_observer,208.0,-0.6581883745119012,2.9857142857142858,0.0,-1.7969297167375196,0.009826542257795622
0.01,slow_observer,208.0,-0.6581883745119012,3.1142857142857148,0.0,-1.8914534295790262,0.009904303421069476
0.01,slow_observer,208.0,-0.6581883745119012,3.242857142857143,0.0,-1.9859771424205324,0.009982929691300282
0.01,slow_observer,208.0,-0.6581883745119012,3.371428571428572,0.0,-2.080508859348059,0.010051645749131975
0.01,slow_observer,208.0,-0.6581883745119012,3.5,0.0,-2.1750833050676173,0.010076658280866863
0.01,slow_observer,216.0,-0.8480236602913911,0.8,0.0,-0.848023660291391,1.1102230246251565e-16
0.01,slow_observer,216.0,-0.8480236602913911,0.9285714285714286,0.0,-0.848023660291391,1.1102230246251565e-16
0.01,slow_observer,216.0,-0.8480236602913911,1.0571428571428572,0.0,-0.848023660291391,1.1102230246251565e-16
0.01,slow_observer,216.0,-0.8480236602913911,1.185714285714286,0.0,-0.848023660291391,1.1102230246251565e-16
0.01,slow_observer,216.0,-0.8480236602913911,1.3142857142857145,0.0,-0.848023660291391,1.1102230246251565e-16
0.01,slow_observer,216.0,-0.8480236602913911,1.442857142857143,0.0,-0.848023660291391,1.1102230246251565e-16
0.01,slow_observer,216.0,-0.8480236602913911,1.5714285714285716,0.0,-0.848023660291391,1.1102230246251565e-16
0.01,slow_observer,216.0,-0.8480236602913911,1.7000000000000002,0.0,-0.9202251193042091,0.00563215418936679
0.01,slow_observer,216.0,-0.8480236602913911,1.8285714285714287,0.0,-1.0137654228587405,0.005744246538462932
0.01,slow_observer,216.0,-0.8480236602913911,1.9571428571428573,0.0,-1.1075206279522012,0.005884626111913052
0.01,slow_observer,216.0,-0.8480236602913911,2.085714285714286,0.0,-1.2014036305746139,0.0060008547562501605
0.01,slow_observer,216.0,-0.8480236602913911,2.2142857142857144,0.0,-1.2953562649616766,0.006130854166593023
0.01,slow_observer,216.0,-0.8480236602913911,2.3428571428571434,0.0,-1.3895086401110273,0.006038809680020208
0.01,slow_observer,216.0,-0.8480236602913911,2.4714285714285715,0.0,-1.4837139716897878,0.005931628370678909
0.01,slow_observer,216.0,-0.8480236602913911,2.6000000000000005,0.0,-1.5779368569265897,0.005848443328716594
0.01,slow_observer,216.0,-0.8480236602913911,2.7285714285714286,0.0,-1.6722773451227626,0.005871605225466573
0.01,slow_observer,216.0,-0.8480236602913911,2.8571428571428577,0.0,-1.7666727885488334,0.005946337799225276
0.01,slow_observer,216.0,-0.8480236602913911,2.9857142857142858,0.0,-1.8610851126075862,0.0060294546478386465
0.01,slow_observer,216.0,-0.8480236602913911,3.1142857142857148,0.0,-1.9554984190655913,0.006117902094621797
0.01,slow_observer,216.0,-0.8480236602913911,3.242857142857143,0.0,-2.0499231719516255,0.006210114364513961
0.01,slow_observer,216.0,-0.8480236602913911,3.371428571428572,0.0,-2.1443538511095053,0.006303409825963232
0.01,slow_observer,216.0,-0.8480236602913911,3.5,0.0,-2.238784530267384,0.00640089845346353
0.01,slow_observer,224.0,-2.0431543941583787,0.8,0.0,-2.0431543941583787,0.0
0.01,slow_observer,224.0,-2.0431543941583787,0.9285714285714286,0.0,-2.0431543941583787,0.0
0.01,slow_observer,224.0,-2.0431543941583787,1.0571428571428572,0.0,-2.0431543941583787,0.0
0.01,slow_observer,224.0,-2.0431543941583787,1.185714285714286,0.0,-2.0431543941583787,0.0
0.01,slow_observer,224.0,-2.0431543941583787,1.3142857142857145,0.0,-2.0431543941583787,0.0
0.01,slow_observer,224.0,-2.0431543941583787,1.442857142857143,0.0,-2.0431543941583787,0.0
0.01,slow_observer,224.0,-2.0431543941583787,1.5714285714285716,0.0,-2.0431543941583787,0.0
0.01,slow_observer,224.0,-2.0431543941583787,1.7000000000000002,0.0,-2.0431543941583787,0.0
0.01,slow_observer,224.0,-2.0431543941583787,1.8285714285714287,0.0,-2.0431543941583787,0.0
0.01,slow_observer,224.0,-2.0431543941583787,1.9571428571428573,0.0,-2.0431543941583787,0.0
0.01,slow_observer,224.0,-2.0431543941583787,2.085714285714286,0.0,-2.0431543941583787,0.0
0.01,slow_observer,224.0,-2.0431543941583787,2.2142857142857144,0.0,-2.0431543941583787,0.0
0.01,slow_observer,224.0,-2.0431543941583787,2.3428571428571434,0.0,-2.0431543941583787,0.0
0.01,slow_observer,224.0,-2.0431543941583787,2.4714285714285715,0.0,-2.0431543941583787,0.0
0.01,slow_observer,224.0,-2.0431543941583787,2.6000000000000005,0.0,-2.0431543941583787,0.0
0.01,slow_observer,224.0,-2.0431543941583787,2.7285714285714286,0.0,-2.111375043323178,0.009371265331999017
0.01,slow_observer,224.0,-2.0431543941583787,2.8571428571428577,0.0,-2.205079448594768,0.009236354545941078
0.01,slow_observer,224.0,-2.0431543941583787,2.9857142857142858,0.0,-2.2989895725095155,0.009247869504805389
0.01,slow_observer,224.0,-2.0431543941583787,3.1142857142857148,0.0,-2.3929790000868034,0.009314093898993911
0.01,slow_observer,224.0,-2.0431543941583787,3.242857142857143,0.0,-2.4870253133641658,0.009307490483280858
0.01,slow_observer,224.0,-2.0431543941583787,3.371428571428572,0.0,-2.5811032220643173,0.009324054122659855
0.01,slow_observer,224.0,-2.0431543941583787,3.5,0.0,-2.675238214947015,0.009376838780561433
0.01,slow_observer,232.0,-1.5733198527207577,0.8,0.0,-1.5733198527207577,0.0
0.01,slow_observer,232.0,-1.5733198527207577,0.9285714285714286,0.0,-1.5733198527207577,0.0
0.01,slow_observer,232.0,-1.5733198527207577,1.0571428571428572,0.0,-1.5733198527207577,0.0
0.01,slow_observer,232.0,-1.5733198527207577,1.185714285714286,0.0,-1.5733198527207577,0.0
0.01,slow_observer,232.0,-1.5733198527207577,1.3142857142857145,0.0,-1.5733198527207577,0.0
0.01,slow_observer,232.0,-1.5733198527207577,1.442857142857143,0.0,-1.5733198527207577,0.0
0.01,slow_observer,232.0,-1.5733198527207577,1.5714285714285716,0.0,-1.5733198527207577,0.0
0.01,slow_observer,232.0,-1.5733198527207577,1.7000000000000002,0.0,-1.5733198527207577,0.0
0.01,slow_observer,232.0,-1.5733198527207577,1.8285714285714287,0.0,-1.5733198527207577,0.0
0.01,slow_observer,232.0,-1.5733198527207577,1.9571428571428573,0.0,-1.5733198527207577,0.0
0.01,slow_observer,232.0,-1.5733198527207577,2.085714285714286,0.0,-1.5733198527207577,0.0
0.01,slow_observer,232.0,-1.5733198527207577,2.2142857142857144,0.0,-1.5733198527207577,0.0
0.01,slow_observer,232.0,-1.5733198527207577,2.3428571428571434,0.0,-1.6571421661486099,0.0030739680892441622
0.01,slow_observer,232.0,-1.5733198527207577,2.4714285714285715,0.0,-1.7509911827158742,0.00311034922337189
0.01,slow_observer,232.0,-1.5733198527207577,2.6000000000000005,0.0,-1.8450228991242674,0.0031266875346673325
0.01,slow_observer,232.0,-1.5733198527207577,2.7285714285714286,0.0,-1.939059745428479,0.00316988546215269
0.01,slow_observer,232.0,-1.5733198527207577,2.8571428571428577,0.0,-2.033183170905821,0.0032546106360109607
0.01,slow_observer,232.0,-1.5733198527207577,2.9857142857142858,0.0,-2.1274628928692345,0.0032933386147466943
0.01,slow_observer,232.0,-1.5733198527207577,3.1142857142857148,0.0,-2.2217742032710017,0.0033318984500818618
0.01,slow_observer,232.0,-1.5733198527207577,3.242857142857143,0.0,-2.31608551367277,0.00337149124386908
0.01,slow_observer,232.0,-1.5733198527207577,3.371428571428572,0.0,-2.410404310706262,0.0034075024227891455
0.01,slow_observer,232.0,-1.5733198527207577,3.5,0.0,-2.5047299487114785,0.003440676006323407
0.01,slow_observer,240.0,-0.9718522149941262,0.8,0.0,-0.9718522149941261,1.1102230246251565e-16
0.01,slow_observer,240.0,-0.9718522149941262,0.9285714285714286,0.0,-0.9718522149941261,1.1102230246251565e-16
0.01,slow_observer,240.0,-0.9718522149941262,1.0571428571428572,0.0,-0.9718522149941261,1.1102230246251565e-16
0.01,slow_observer,240.0,-0.9718522149941262,1.185714285714286,0.0,-0.9718522149941261,1.1102230246251565e-16
0.01,slow_observer,240.0,-0.9718522149941262,1.3142857142857145,0.0,-0.9718522149941261,1.1102230246251565e-16
0.01,slow_observer,240.0,-0.9718522149941262,1.442857142857143,0.0,-0.9718522149941261,1.1102230246251565e-16
0.01,slow_observer,240.0,-0.9718522149941262,1.5714285714285716,0.0,-0.9718522149941261,1.1102230246251565e-16
0.01,slow_observer,240.0,-0.9718522149941262,1.7000000000000002,0.0,-0.9718522149941261,1.1102230246251565e-16
0.01,slow_observer,240.0,-0.9718522149941262,1.8285714285714287,0.0,-1.0600421201866856,0.0050714913862537556
0.01,slow_observer,240.0,-0.9718522149941262,1.9571428571428573,0.0,-1.15384488200565,0.005001442349432872
0.01,slow_observer,240.0,-0.9718522149941262,2.085714285714286,0.0,-1.247793307877215,0.00502149920651836
0.01,slow_observer,240.0,-0.9718522149941262,2.2142857142857144,0.0,-1.3418043172491148,0.00498353105044781
0.01,slow_observer,240.0,-0.9718522149941262,2.3428571428571434,0.0,-1.4358379936769798,0.004971176548488988
0.01,slow_observer,240.0,-0.9718522149941262,2.4714285714285715,0.0,-1.5299305319122345,0.004992191204800118
0.01,slow_observer,240.0,-0.9718522149941262,2.6000000000000005,0.0,-1.6241574157090346,0.00501305847166075
0.01,slow_observer,240.0,-0.9718522149941262,2.7285714285714286,0.0,-1.718431956708678,0.004990003180267134
0.01,slow_observer,240.0,-0.9718522149941262,2.8571428571428577,0.0,-1.8127924417921435,0.004885312285141817
0.01,slow_observer,240.0,-0.9718522149941262,2.9857142857142858,0.0,-1.9071765232092155,0.004776973786962844
0.01,slow_observer,240.0,-0.9718522149941262,3.1142857142857148,0.0,-2.001591064477128,0.004699743743108137
0.01,slow_observer,240.0,-0.9718522149941262,3.242857142857143,0.0,-2.096035176307925,0.004650242795510918
0.01,slow_observer,240.0,-0.9718522149941262,3.371428571428572,0.0,-2.1904860072798455,0.004611495862199506
0.01,slow_observer,240.0,-0.9718522149941262,3.5,0.0,-2.28496374683103,0.004583958179665847
0.01,slow_observer,248.0,-0.5099617057766452,0.8,0.0,-0.5099617057766452,0.0
0.01,slow_observer,248.0,-0.5099617057766452,0.9285714285714286,0.0,-0.5099617057766452,0.0
0.01,slow_observer,248.0,-0.5099617057766452,1.0571428571428572,0.0,-0.5099617057766452,0.0
0.01,slow_observer,248.0,-0.5099617057766452,1.185714285714286,0.0,-0.5099617057766452,0.0
0.01,slow_observer,248.0,-0.5099617057766452,1.3142857142857145,0.0,-0.5203824212935491,0.0067193556223199315
0.01,slow_observer,248.0,-0.5099617057766452,1.442857142857143,0.0,-0.614073544456025,0.007012094057553828
0.01,slow_observer,248.0,-0.5099617057766452,1.5714285714285716,0.0,-0.7079716696627333,0.007030589682634238
0.01,slow_observer,248.0,-0.5099617057766452,1.7000000000000002,0.0,-0.8019647898980925,0.007026259548728473
0.01,slow_observer,248.0,-0.5099617057766452,1.8285714285714287,0.0,-0.8960847196658964,0.006981984847888495
0.01,slow_observer,248.0,-0.5099617057766452,1.9571428571428573,0.0,-0.9902256493037883,0.006943279426825814
0.01,slow_observer,248.0,-0.5099617057766452,2.085714285714286,0.0,-1.0844498285200619,0.006891173241239833
0.01,slow_observer,248.0,-0.5099617057766452,2.2142857142857144,0.0,-1.1787401063891114,0.006836077072281858
0.01,slow_observer,248.0,-0.5099617057766452,2.3428571428571434,0.0,-1.2730772548672447,0.006784402671970032
0.01,slow_observer,248.0,-0.5099617057766452,2.4714285714285715,0.0,-1.3674657850678031,0.006728252696708646
0.01,slow_observer,248.0,-0.5099617057766452,2.6000000000000005,0.0,-1.46189326851876,0.006711675704648205
0.01,slow_observer,248.0,-0.5099617057766452,2.7285714285714286,0.0,-1.5563568603264282,0.006672912944454254
0.01,slow_observer,248.0,-0.5099617057766452,2.8571428571428577,0.0,-1.6508587556660592,0.006650853092614179
0.01,slow_observer,248.0,-0.5099617057766452,2.9857142857142858,0.0,-1.745383183792249,0.006641423382470447
0.01,slow_observer,248.0,-0.5099617057766452,3.1142857142857148,0.0,-1.8399167555678952,0.006620027209844651
0.01,slow_observer,248.0,-0.5099617057766452,3.242857142857143,0.0,-1.9344568168122256,0.006597324803906145
0.01,slow_observer,248.0,-0.5099617057766452,3.371428571428572,0.0,-2.0290608526188074,0.006585073162837739
0.01,slow_observer,248.0,-0.5099617057766452,3.5,0.0,-2.123670785063808,0.0065857888695523455
0.01,slow_observer,256.0,-0.1562651980080868,0.8,0.3333333333333333,-0.1562651980080868,0.0
0.01,slow_observer,256.0,-0.1562651980080868,0.9285714285714286,0.16666666666666666,-0.1562651980080868,0.0
0.01,slow_observer,256.0,-0.1562651980080868,1.0571428571428572,0.0,-0.19667959859340656,0.005530729691063708
0.01,slow_observer,256.0,-0.1562651980080868,1.185714285714286,0.0,-0.2905961238458724,0.005690600108734992
0.01,slow_observer,256.0,-0.1562651980080868,1.3142857142857145,0.0,-0.3846563902981393,0.005750189626598298
0.01,slow_observer,256.0,-0.1562651980080868,1.442857142857143,0.0,-0.4788829395408356,0.0057124189572999385
0.01,slow_observer,256.0,-0.1562651980080868,1.5714285714285716,0.0,-0.5731612493208439,0.005668257347086867
0.01,slow_observer,256.0,-0.1562651980080868,1.7000000000000002,0.0,-0.6675301114470984,0.005646343836441781
0.01,slow_observer,256.0,-0.1562651980080868,1.8285714285714287,0.0,-0.7619613409905069,0.005630406258014884
0.01,slow_observer,256.0,-0.1562651980080868,1.9571428571428573,0.0,-0.8564376261186747,0.005578332551671151
0.01,slow_observer,256.0,-0.1562651980080868,2.085714285714286,0.0,-0.9509446794724998,0.005494387702696654
0.01,slow_observer,256.0,-0.1562651980080868,2.2142857142857144,0.0,-1.0454885373453535,0.005387437439446294
0.01,slow_observer,256.0,-0.1562651980080868,2.3428571428571434,0.0,-1.1400445208444614,0.005272807481217056
0.01,slow_observer,256.0,-0.1562651980080868,2.4714285714285715,0.0,-1.2346005043435708,0.005158920405392439
0.01,slow_observer,256.0,-0.1562651980080868,2.6000000000000005,0.0,-1.3291564878426787,0.005045826514015358
0.01,slow_observer,256.0,-0.1562651980080868,2.7285714285714286,0.0,-1.4237488065800463,0.004991577913115651
0.01,slow_observer,256.0,-0.1562651980080868,2.8571428571428577,0.0,-1.518410377036772,0.004980037423717119
0.01,slow_observer,256.0,-0.1562651980080868,2.9857142857142858,0.0,-1.6130732967264396,0.004968988958340643
0.01,slow_observer,256.0,-0.1562651980080868,3.1142857142857148,0.0,-1.7077362164161063,0.004958242580337684
0.01,slow_observer,256.0,-0.1562651980080868,3.242857142857143,0.0,-1.802399136105773,0.004947800258064474
0.01,slow_observer,256.0,-0.1562651980080868,3.371428571428572,0.0,-1.897074634428135,0.004962542325109964
0.01,slow_observer,256.0,-0.1562651980080868,3.5,0.0,-1.9917519896376374,0.004978796942849465
0.01,slow_observer,264.0,0.11458071882924183,0.8,0.6666666666666666,0.08892261149041726,0.009582304449936881
0.01,slow_observer,264.0,0.11458071882924183,0.9285714285714286,0.5,-0.004641001003860567,0.009650325015890691
0.01,slow_observer,264.0,0.11458071882924183,1.0571428571428572,0.0,-0.09829562788886063,0.009759006059267402
0.01,slow_observer,264.0,0.11458071882924183,1.185714285714286,0.0,-0.19233437395782071,0.009874176725420243
0.01,slow_observer,264.0,0.11458071882924183,1.3142857142857145,0.0,-0.2865946388068807,0.009896900749839233
0.01,slow_observer,264.0,0.11458071882924183,1.442857142857143,0.0,-0.3808940774414098,0.009917416885509714
0.01,slow_observer,264.0,0.11458071882924183,1.5714285714285716,0.0,-0.4752780582277126,0.00992290048704973
0.01,slow_observer,264.0,0.11458071882924183,1.7000000000000002,0.0,-0.5697645603560111,0.009853574775835922
0.01,slow_observer,264.0,0.11458071882924183,1.8285714285714287,0.0,-0.6642904826748908,0.009753533372764097
0.01,slow_observer,264.0,0.11458071882924183,1.9571428571428573,0.0,-0.758841357580197,0.009654431679884817
0.01,slow_observer,264.0,0.11458071882924183,2.085714285714286,0.0,-0.8534413647366955,0.009632744534234522
0.01,slow_observer,264.0,0.11458071882924183,2.2142857142857144,0.0,-0.9481117193661265,0.00962401286096123
0.01,slow_observer,264.0,0.11458071882924183,2.3428571428571434,0.0,-1.042785121241179,0.009610870361102654
0.01,slow_observer,264.0,0.11458071882924183,2.4714285714285715,0.0,-1.1374624083963256,0.009599669887617821
0.01,slow_observer,264.0,0.11458071882924183,2.6000000000000005,0.0,-1.232152046646747,0.00958807654842591
0.01,slow_observer,264.0,0.11458071882924183,2.7285714285714286,0.0,-1.3268458218096135,0.00957568013789198
0.01,slow_observer,264.0,0.11458071882924183,2.8571428571428577,0.0,-1.4215429648256623,0.009562514271622084
0.01,slow_observer,264.0,0.11458071882924183,2.9857142857142858,0.0,-1.5162401078417094,0.009549717865798545
0.01,slow_observer,264.0,0.11458071882924183,3.1142857142857148,0.0,-1.6109518809383367,0.00953599077873022
0.01,slow_observer,264.0,0.11458071882924183,3.242857142857143,0.0,-1.7056783084443647,0.009519976820043416
0.01,slow_observer,264.0,0.11458071882924183,3.371428571428572,0.0,-1.8004141653791113,0.00949431005941167
0.01,slow_observer,264.0,0.11458071882924183,3.5,0.0,-1.8951500223138567,0.009468963093046585
0.01,slow_observer,272.0,0.3219831360318611,0.8,1.0,0.16660442387771957,0.007021415832985574
0.01,slow_observer,272.0,0.3219831360318611,0.9285714285714286,0.3333333333333333,0.07239984405973887,0.007075047041725371
0.01,slow_observer,272.0,0.3219831360318611,1.0571428571428572,0.16666666666666666,-0.021897163221432887,0.007029785834297154
0.01,slow_observer,272.0,0.3219831360318611,1.185714285714286,0.0,-0.11625447788081684,0.007043002004314496
0.01,slow_observer,272.0,0.3219831360318611,1.3142857142857145,0.0,-0.21062534926317,0.007072328294070355
0.01,slow_observer,272.0,0.3219831360318611,1.442857142857143,0.0,-0.3050622035318909,0.007169623680426101
0.01,slow_observer,272.0,0.3219831360318611,1.5714285714285716,0.0,-0.3996115972188703,0.007190328472789395
0.01,slow_observer,272.0,0.3219831360318611,1.7000000000000002,0.0,-0.4942329042764188,0.007140500181999273
0.01,slow_observer,272.0,0.3219831360318611,1.8285714285714287,0.0,-0.5888741272514937,0.0071070981278544805
0.01,slow_observer,272.0,0.3219831360318611,1.9571428571428573,0.0,-0.6835579074342085,0.007099453332380801
0.01,slow_observer,272.0,0.3219831360318611,2.085714285714286,0.0,-0.7782670037282101,0.007092053709833389
0.01,slow_observer,272.0,0.3219831360318611,2.2142857142857144,0.0,-0.8729803334022597,0.007088890723497037
0.01,slow_observer,272.0,0.3219831360318611,2.3428571428571434,0.0,-0.9676951658903961,0.007088550073886003
0.01,slow_observer,272.0,0.3219831360318611,2.4714285714285715,0.0,-1.0624246716825776,0.007098607637776973
0.01,slow_observer,272.0,0.3219831360318611,2.6000000000000005,0.0,-1.1571595192977358,0.007112237912512313
0.01,slow_observer,272.0,0.3219831360318611,2.7285714285714286,0.0,-1.2518943669128941,0.007126401555981191
0.01,slow_observer,272.0,0.3219831360318611,2.8571428571428577,0.0,-1.3466439092686633,0.00714849483107742
0.01,slow_observer,272.0,0.3219831360318611,2.9857142857142858,0.0,-1.4413939449366824,0.00717100884332864
0.01,slow_observer,272.0,0.3219831360318611,3.1142857142857148,0.0,-1.5361488735532156,0.007196670656784399
0.01,slow_observer,272.0,0.3219831360318611,3.242857142857143,0.0,-1.6309129413168664,0.007227550391181913
0.01,slow_observer,272.0,0.3219831360318611,3.371428571428572,0.0,-1.725677009080517,0.007258528442844234
0.01,slow_observer,272.0,0.3219831360318611,3.5,0.0,-1.8204410768441657,0.007289603558338272
0.01,slow_observer,280.0,0.4808031882733162,0.8,1.0,0.22264434969485747,0.005738947877943799
0.01,slow_observer,280.0,0.4808031882733162,0.9285714285714286,0.8333333333333334,0.1283752424843305,0.005475003382792282
0.01,slow_observer,280.0,0.4808031882733162,1.0571428571428572,0.5,0.03404768913135585,0.005254147861382598
0.01,slow_observer,280.0,0.4808031882733162,1.185714285714286,0.16666666666666666,-0.0604339025236989,0.005181371124889345
0.01,slow_observer,280.0,0.4808031882733162,1.3142857142857145,0.0,-0.15504454662363085,0.0051676579703664
0.01,slow_observer,280.0,0.4808031882733162,1.442857142857143,0.0,-0.24975741454514055,0.005129034543779674
0.01,slow_observer,280.0,0.4808031882733162,1.5714285714285716,0.0,-0.3444806675631995,0.005092463274854731
0.01,slow_observer,280.0,0.4808031882733162,1.7000000000000002,0.0,-0.43920392058125785,0.005056497986335521
0.01,slow_observer,280.0,0.4808031882733162,1.8285714285714287,0.0,-0.5339370124847905,0.005032765649998819
0.01,slow_observer,280.0,0.4808031882733162,1.9571428571428573,0.0,-0.6286770445891273,0.005017500193838134
0.01,slow_observer,280.0,0.4808031882733162,2.085714285714286,0.0,-0.7234209174419797,0.0050053730778301326
0.01,slow_observer,280.0,0.4808031882733162,2.2142857142857144,0.0,-0.8181674487135376,0.004994023111384675
0.01,slow_observer,280.0,0.4808031882733162,2.3428571428571434,0.0,-0.9129139799850953,0.004982912826052437
0.01,slow_observer,280.0,0.4808031882733162,2.4714285714285715,0.0,-1.0076605112566526,0.004972043828572494
0.01,slow_observer,280.0,0.4808031882733162,2.6000000000000005,0.0,-1.1024140365806467,0.004955388361621428
0.01,slow_observer,280.0,0.4808031882733162,2.7285714285714286,0.0,-1.1971712396471312,0.004935621949456073
0.01,slow_observer,280.0,0.4808031882733162,2.8571428571428577,0.0,-1.291938917189294,0.0049022253586311635
0.01,slow_observer,280.0,0.4808031882733162,2.9857142857142858,0.0,-1.386706594731456,0.0048689565620025
0.01,slow_observer,280.0,0.4808031882733162,3.1142857142857148,0.0,-1.4814742722736183,0.004835818197114381
0.01,slow_observer,280.0,0.4808031882733162,3.242857142857143,0.0,-1.5762419498157811,0.004802812963819341
0.01,slow_observer,280.0,0.4808031882733162,3.371428571428572,0.0,-1.6710096273579442,0.004769943625697243
0.01,slow_observer,280.0,0.4808031882733162,3.5,0.0,-1.765777304900106,0.004737213011489933
0.01,slow_observer,288.0,0.6024209077492486,0.8,1.0,0.2668685935723985,0.008966500799562798
0.01,slow_observer,288.0,0.6024209077492486,0.9285714285714286,1.0,0.17242799062556682,0.009040779770588595
0.01,slow_observer,288.0,0.6024209077492486,1.0571428571428572,0.5,0.0779517359671321,0.00907742483033664
0.01,slow_observer,288.0,0.6024209077492486,1.185714285714286,0.0,-0.01663835745517839,0.009127500810556006
0.01,slow_observer,288.0,0.6024209077492486,1.3142857142857145,0.0,-0.11126103799592633,0.009181430044212863
0.01,slow_observer,288.0,0.6024209077492486,1.442857142857143,0.0,-0.2059462736376109,0.009235713543020366
0.01,slow_observer,288.0,0.6024209077492486,1.5714285714285716,0.0,-0.3006583436820092,0.009280594272380248
0.01,slow_observer,288.0,0.6024209077492486,1.7000000000000002,0.0,-0.39539565993884884,0.009305322478016466
0.01,slow_observer,288.0,0.6024209077492486,1.8285714285714287,0.0,-0.4901561642076205,0.009310906743456445
0.01,slow_observer,288.0,0.6024209077492486,1.9571428571428573,0.0,-0.5849189884375491,0.009315829987307327
0.01,slow_observer,288.0,0.6024209077492486,2.085714285714286,0.0,-0.679681812667477,0.009320871005222128
0.01,slow_observer,288.0,0.6024209077492486,2.2142857142857144,0.0,-0.7744556777348626,0.009323586419250815
0.01,slow_observer,288.0,0.6024209077492486,2.3428571428571434,0.0,-0.8692323643538397,0.00932575522361098
0.01,slow_observer,288.0,0.6024209077492486,2.4714285714285715,0.0,-0.9640109104059441,0.00932766812976374
0.01,slow_observer,288.0,0.6024209077492486,2.6000000000000005,0.0,-1.058793752269609,0.009329519684831115
0.01,slow_observer,288.0,0.6024209077492486,2.7285714285714286,0.0,-1.153576807389122,0.009331258907717396
0.01,slow_observer,288.0,0.6024209077492486,2.8571428571428577,0.0,-1.248362142937464,0.009331192269256588
0.01,slow_observer,288.0,0.6024209077492486,2.9857142857142858,0.0,-1.343147478485806,0.009331187825955219
0.01,slow_observer,288.0,0.6024209077492486,3.1142857142857148,0.0,-1.437932814034147,0.00933124557790005
0.01,slow_observer,288.0,0.6024209077492486,3.242857142857143,0.0,-1.532722019510123,0.009331515862462328
0.01,slow_observer,288.0,0.6024209077492486,3.371428571428572,0.0,-1.6275224280791936,0.009345717642174914
0.01,slow_observer,288.0,0.6024209077492486,3.5,0.0,-1.7223228849218861,0.009359909188364114
0.01,slow_observer,296.0,0.6955506447174754,0.8,1.0,0.30165397744032474,0.00662743826328586
0.01,slow_observer,296.0,0.6955506447174754,0.9285714285714286,1.0,0.2069928806724521,0.0066572000415609095
0.01,slow_observer,296.0,0.6955506447174754,1.0571428571428572,0.5,0.11230530891395213,0.006662965254295645
0.01,slow_observer,296.0,0.6955506447174754,1.185714285714286,0.0,0.0175677387388337,0.00670600479386974
0.01,slow_observer,296.0,0.6955506447174754,1.3142857142857145,0.0,-0.07717168845943627,0.006749721041243662
0.01,slow_observer,296.0,0.6955506447174754,1.442857142857143,0.0,-0.1719111156577066,0.006793832493583581
0.01,slow_observer,296.0,0.6955506447174754,1.5714285714285716,0.0,-0.2666505428559767,0.006838331502947289
0.01,slow_observer,296.0,0.6955506447174754,1.7000000000000002,0.0,-0.3613921519277059,0.006879943833324435
0.01,slow_observer,296.0,0.6955506447174754,1.8285714285714287,0.0,-0.45614658633088156,0.006902879824349484
0.01,slow_observer,296.0,0.6955506447174754,1.9571428571428573,0.0,-0.5509109034710297,0.006920524350006481
0.01,slow_observer,296.0,0.6955506447174754,2.085714285714286,0.0,-0.6456845428504262,0.006932896554954429
0.01,slow_observer,296.0,0.6955506447174754,2.2142857142857144,0.0,-0.7404581822298227,0.006945483876267633
0.01,slow_observer,296.0,0.6955506447174754,2.3428571428571434,0.0,-0.8352318216092188,0.006958285146529927
0.01,slow_observer,296.0,0.6955506447174754,2.4714285714285715,0.0,-0.9300063411575525,0.006971489337525539
0.01,slow_observer,296.0,0.6955506447174754,2.6000000000000005,0.0,-1.0247839974603081,0.006985544880457962
0.01,slow_observer,296.0,0.6955506447174754,2.7285714285714286,0.0,-1.119564232208879,0.00699953760016166
0.01,slow_observer,296.0,0.6955506447174754,2.8571428571428577,0.0,-1.2143488954356674,0.0070123813678020395
0.01,slow_observer,296.0,0.6955506447174754,2.9857142857142858,0.0,-1.3091338278170417,0.007025140886840321
0.01,slow_observer,296.0,0.6955506447174754,3.1142857142857148,0.0,-1.4039214867490353,0.007036268272539226
0.01,slow_observer,296.0,0.6955506447174754,3.242857142857143,0.0,-1.4987091456810278,0.007047469237794922
0.01,slow_observer,296.0,0.6955506447174754,3.371428571428572,0.0,-1.5934970118569127,0.007058616120586031
0.01,slow_observer,296.0,0.6955506447174754,3.5,0.0,-1.688292157608436,0.007065357701332578
0.02,slow_observer,0.0,1.0,0.8,1.0,0.394775197424702,0.011093673874188947
0.02,slow_observer,0.0,1.0,0.9285714285714286,1.0,0.3000985417766551,0.01108225394652017
0.02,slow_observer,0.0,1.0,1.0571428571428572,0.8333333333333334,0.20541564589235092,0.011070468940470275
0.02,slow_observer,0.0,1.0,1.185714285714286,0.6666666666666666,0.11070603400213341,0.011074655591955132
0.02,slow_observer,0.0,1.0,1.3142857142857145,0.5,0.015941591477068067,0.011078503690001889
0.02,slow_observer,0.0,1.0,1.442857142857143,0.16666666666666666,-0.07886336557527886,0.011077906408771918
0.02,slow_observer,0.0,1.0,1.5714285714285716,0.0,-0.17367097208437202,0.011082491914286828
0.02,slow_observer,0.0,1.0,1.7000000000000002,0.0,-0.26847857859346497,0.011087082961898746
0.02,slow_observer,0.0,1.0,1.8285714285714287,0.0,-0.3632861851025579,0.011091679544725912
0.02,slow_observer,0.0,1.0,1.9571428571428573,0.0,-0.4580937916116512,0.011096281655889146
0.02,slow_observer,0.0,1.0,2.085714285714286,0.0,-0.5529013981207443,0.011100889288513301
0.02,slow_observer,0.0,1.0,2.2142857142857144,0.0,-0.6477090046298374,0.011105502435725572
0.02,slow_observer,0.0,1.0,2.3428571428571434,0.0,-0.7425166111389309,0.011110121090656252
0.02,slow_observer,0.0,1.0,2.4714285714285715,0.0,-0.8373242176480234,0.011114745246440513
0.02,slow_observer,0.0,1.0,2.6000000000000005,0.0,-0.9321318241571168,0.011119374896214358
0.02,slow_observer,0.0,1.0,2.7285714285714286,0.0,-1.0269394306662099,0.011124010033118914
0.02,slow_observer,0.0,1.0,2.8571428571428577,0.0,-1.121747037175303,0.011128650650297243
0.02,slow_observer,0.0,1.0,2.9857142857142858,0.0,-1.2165546436843966,0.011133296740896734
0.02,slow_observer,0.0,1.0,3.1142857142857148,0.0,-1.3113622501934896,0.011137948298068759
0.02,slow_observer,0.0,1.0,3.242857142857143,0.0,-1.4061698567025827,0.01114260531496536
0.02,slow_observer,0.0,1.0,3.371428571428572,0.0,-1.5009774632116757,0.011147267784744628
0.02,slow_observer,0.0,1.0,3.5,0.0,-1.595785069720768,0.011151935700568265
0.02,slow_observer,8.0,1.0,0.8,1.0,0.4007728001597442,0.013237393266135562
0.02,slow_observer,8.0,1.0,0.9285714285714286,1.0,0.3061630372635282,0.01327361796638749
0.02,slow_observer,8.0,1.0,1.0571428571428572,1.0,0.21154334058786087,0.013313448793769
0.02,slow_observer,8.0,1.0,1.185714285714286,0.5,0.11692364391219312,0.013355833919295113
0.02,slow_observer,8.0,1.0,1.3142857142857145,0.5,0.0222394147370828,0.013373192565374798
0.02,slow_observer,8.0,1.0,1.442857142857143,0.3333333333333333,-0.07245546938980212,0.0133878077385516
0.02,slow_observer,8.0,1.0,1.5714285714285716,0.16666666666666666,-0.16715035351668694,0.013404169346153414
0.02,slow_observer,8.0,1.0,1.7000000000000002,0.16666666666666666,-0.2618788540238772,0.013399011116948344
0.02,slow_observer,8.0,1.0,1.8285714285714287,0.0,-0.3566127149686326,0.013390744606161256
0.02,slow_observer,8.0,1.0,1.9571428571428573,0.0,-0.4513503148594198,0.013380364495918699
0.02,slow_observer,8.0,1.0,2.085714285714286,0.0,-0.5460893199120339,0.013369441447700248
0.02,slow_observer,8.0,1.0,2.2142857142857144,0.0,-0.6408283249646483,0.01335895390149827
0.02,slow_observer,8.0,1.0,2.3428571428571434,0.0,-0.7355673300172628,0.013348902883768722
0.02,slow_observer,8.0,1.0,2.4714285714285715,0.0,-0.8303063350698765,0.0133392893812695
0.02,slow_observer,8.0,1.0,2.6000000000000005,0.0,-0.9250453401224913,0.013330114340590976
0.02,slow_observer,8.0,1.0,2.7285714285714286,0.0,-1.0197843451751052,0.013321378667700239
0.02,slow_observer,8.0,1.0,2.8571428571428577,0.0,-1.11452430817969,0.013313984517860877
0.02,slow_observer,8.0,1.0,2.9857142857142858,0.0,-1.2092683740520165,0.01331086164114637
0.02,slow_observer,8.0,1.0,3.1142857142857148,0.0,-1.3040124399243436,0.013308129831316611
0.02,slow_observer,8.0,1.0,3.242857142857143,0.0,-1.3987565057966693,0.013305789329240581
0.02,slow_observer,8.0,1.0,3.371428571428572,0.0,-1.4935005716689973,0.013303840341444762
0.02,slow_observer,8.0,1.0,3.5,0.0,-1.5882446375413233,0.013302283040016391
0.02,slow_observer,16.0,0.9999999999978356,0.8,1.0,0.41173772863784636,0.019723240495251777
0.02,slow_observer,16.0,0.9999999999978356,0.9285714285714286,1.0,0.3170220885156674,0.01963758251909978
0.02,slow_observer,16.0,0.9999999999978356,1.0571428571428572,0.8333333333333334,0.22228754999187872,0.019571932093009732
0.02,slow_observer,16.0,0.9999999999978356,1.185714285714286,0.8333333333333334,0.1275530114680904,0.01950668909151459
0.02,slow_observer,16.0,0.9999999999978356,1.3142857142857145,0.8333333333333334,0.03281847294430215,0.019441857616324134
0.02,slow_observer,16.0,0.9999999999978356,1.442857142857143,0.6666666666666666,-0.06191606557948642,0.01937744179799092
0.02,slow_observer,16.0,0.9999999999978356,1.5714285714285716,0.6666666666666666,-0.1566506041032743,0.01931344579551721
0.02,slow_observer,16.0,0.9999999999978356,1.7000000000000002,0.3333333333333333,-0.25138514262706285,0.019249873795922984
0.02,slow_observer,16.0,0.9999999999978356,1.8285714285714287,0.0,-0.34611968115085157,0.019186730013795287
0.02,slow_observer,16.0,0.9999999999978356,1.9571428571428573,0.0,-0.4408542196746396,0.019124018690806245
0.02,slow_observer,16.0,0.9999999999978356,2.085714285714286,0.0,-0.5355887581984278,0.019061744095205172
0.02,slow_observer,16.0,0.9999999999978356,2.2142857142857144,0.0,-0.6303232967222164,0.018999910521278186
0.02,slow_observer,16.0,0.9999999999978356,2.3428571428571434,0.0,-0.7250637751325479,0.018934605492714283
0.02,slow_observer,16.0,0.9999999999978356,2.4714285714285715,0.0,-0.8198058004758663,0.018868730086829617
0.02,slow_observer,16.0,0.9999999999978356,2.6000000000000005,0.0,-0.9145478258191853,0.018803309061365264
0.02,slow_observer,16.0,0.9999999999978356,2.7285714285714286,0.0,-1.0092898511625035,0.018738347175445105
0.02,slow_observer,16.0,0.9999999999978356,2.8571428571428577,0.0,-1.1040318765058228,0.018673849220781615
0.02,slow_observer,16.0,0.9999999999978356,2.9857142857142858,0.0,-1.198773901849141,0.018609820021057284
0.02,slow_observer,16.0,0.9999999999978356,3.1142857142857148,0.0,-1.2935159271924597,0.018546264431268014
0.02,slow_observer,16.0,0.9999999999978356,3.242857142857143,0.0,-1.3882579525357785,0.01848318733702501
0.02,slow_observer,16.0,0.9999999999978356,3.371428571428572,0.0,-1.4829999778790965,0.01842059365382413
0.02,slow_observer,16.0,0.9999999999978356,3.5,0.0,-1.5777745555662959,0.018386346286563025
0.02,slow_observer,24.0,0.9999995122996735,0.8,1.0,0.41613409672417895,0.021977201905176654
0.02,slow_observer,24.0,0.9999995122996735,0.9285714285714286,0.8333333333333334,0.3214482768757038,0.02192162672227725
0.02,slow_observer,24.0,0.9999995122996735,1.0571428571428572,0.6666666666666666,0.22674281178521705,0.021890369464189652
0.02,slow_observer,24.0,0.9999995122996735,1.185714285714286,0.5,0.13203698096244523,0.02185983836312092
0.02,slow_observer,24.0,0.9999995122996735,1.3142857142857145,0.3333333333333333,0.03733115013967356,0.02182958847240756
0.02,slow_observer,24.0,0.9999995122996735,1.442857142857143,0.16666666666666666,-0.057379547003103326,0.021804945952020947
0.02,slow_observer,24.0,0.9999995122996735,1.5714285714285716,0.0,-0.15209279884520946,0.021783407352964957
0.02,slow_observer,24.0,0.9999995122996735,1.7000000000000002,0.0,-0.24682590766890802,0.02178613306780363
0.02,slow_observer,24.0,0.9999995122996735,1.8285714285714287,0.0,-0.34157283780413494,0.021795969558567385
0.02,slow_observer,24.0,0.9999995122996735,1.9571428571428573,0.0,-0.4363237247503166,0.021809821847893717
0.02,slow_observer,24.0,0.9999995122996735,2.085714285714286,0.0,-0.5310766056607011,0.021826168527320895
0.02,slow_observer,24.0,0.9999995122996735,2.2142857142857144,0.0,-0.625829486571086,0.021842821000369328
0.02,slow_observer,24.0,0.9999995122996735,2.3428571428571434,0.0,-0.7205978593382731,0.021849105286393302
0.02,slow_observer,24.0,0.9999995122996735,2.4714285714285715,0.0,-0.8153672544203769,0.021855002625374414
0.02,slow_observer,24.0,0.9999995122996735,2.6000000000000005,0.0,-0.9101366495024811,0.021861217500737266
0.02,slow_observer,24.0,0.9999995122996735,2.7285714285714286,0.0,-1.0049060445845848,0.021867749641744337
0.02,slow_observer,24.0,0.9999995122996735,2.8571428571428577,0.0,-1.0996754396666886,0.021874598764174285
0.02,slow_observer,24.0,0.9999995122996735,2.9857142857142858,0.0,-1.1944448347487928,0.02188176457037628
0.02,slow_observer,24.0,0.9999995122996735,3.1142857142857148,0.0,-1.2892142298308966,0.021889246749333523
0.02,slow_observer,24.0,0.9999995122996735,3.242857142857143,0.0,-1.3839836249130004,0.021897044976734927
0.02,slow_observer,24.0,0.9999995122996735,3.371428571428572,0.0,-1.4787530199951051,0.021905158915042258
0.02,slow_observer,24.0,0.9999995122996735,3.5,0.0,-1.5735322721669351,0.02190915321708986
0.02,slow_observer,32.0,0.9977045301088113,0.8,1.0,0.40225655040059566,0.01128340738715532
0.02,slow_observer,32.0,0.9977045301088113,0.9285714285714286,1.0,0.30746558573893484,0.01124541188541131
0.02,slow_observer,32.0,0.9977045301088113,1.0571428571428572,0.8333333333333334,0.21267462107727375,0.011207521143225568
0.02,slow_observer,32.0,0.9977045301088113,1.185714285714286,0.8333333333333334,0.1178832324150731,0.01117047097062066
0.02,slow_observer,32.0,0.9977045301088113,1.3142857142857145,0.8333333333333334,0.02308401316027657,0.011147066008441262
0.02,slow_observer,32.0,0.9977045301088113,1.442857142857143,0.3333333333333333,-0.07171520609452037,0.011123709139072076
0.02,slow_observer,32.0,0.9977045301088113,1.5714285714285716,0.16666666666666666,-0.16651442534931718,0.011100400666096202
0.02,slow_observer,32.0,0.9977045301088113,1.7000000000000002,0.0,-0.2613136446041136,0.01107714089502053
0.02,slow_observer,32.0,0.9977045301088113,1.8285714285714287,0.0,-0.35611286385891033,0.011053930133281266
0.02,slow_observer,32.0,0.9977045301088113,1.9571428571428573,0.0,-0.4509120831137074,0.011030768690252393
0.02,slow_observer,32.0,0.9977045301088113,2.085714285714286,0.0,-0.5457113023685042,0.011007656877251557
0.02,slow_observer,32.0,0.9977045301088113,2.2142857142857144,0.0,-0.6405105216233014,0.010984595007546762
0.02,slow_observer,32.0,0.9977045301088113,2.3428571428571434,0.0,-0.7353097408780975,0.010961583396362802
0.02,slow_observer,32.0,0.9977045301088113,2.4714285714285715,0.0,-0.8301089601328938,0.010938622360885891
0.02,slow_observer,32.0,0.9977045301088113,2.6000000000000005,0.0,-0.9249081793876904,0.010915712220271576
0.02,slow_observer,32.0,0.9977045301088113,2.7285714285714286,0.0,-1.0197073986424876,0.010892853295650283
0.02,slow_observer,32.0,0.9977045301088113,2.8571428571428577,0.0,-1.1145066178972847,0.010870045910133156
0.02,slow_observer,32.0,0.9977045301088113,2.9857142857142858,0.0,-1.2093058371520817,0.010847290388816627
0.02,slow_observer,32.0,0.9977045301088113,3.1142857142857148,0.0,-1.3041066994904829,0.01082601033885594
0.02,slow_observer,32.0,0.9977045301088113,3.242857142857143,0.0,-1.398915567138249,0.010811723878017345
0.02,slow_observer,32.0,0.9977045301088113,3.371428571428572,0.0,-1.4937244347860166,0.010797453227350654
0.02,slow_observer,32.0,0.9977045301088113,3.5,0.0,-1.5885333024337827,0.010783198449624951
0.02,slow_observer,40.0,0.7355625191315234,0.8,0.8333333333333334,0.3033131613977481,0.0167312303743556
0.02,slow_observer,40.0,0.7355625191315234,0.9285714285714286,0.8333333333333334,0.20906023845017452,0.017114210068096183
0.02,slow_observer,40.0,0.7355625191315234,1.0571428571428572,0.6666666666666666,0.1146097359251857,0.017371788265896325
0.02,slow_observer,40.0,0.7355625191315234,1.185714285714286,0.3333333333333333,0.019967953952945892,0.01749573769293669
0.02,slow_observer,40.0,0.7355625191315234,1.3142857142857145,0.3333333333333333,-0.0746738280192932,0.017621075438529955
0.02,slow_observer,40.0,0.7355625191315234,1.442857142857143,0.16666666666666666,-0.1693870557469004,0.01767148863660636
0.02,slow_observer,40.0,0.7355625191315234,1.5714285714285716,0.0,-0.2641200224792135,0.017715881588803647
0.02,slow_observer,40.0,0.7355625191315234,1.7000000000000002,0.0,-0.35885597194970903,0.0177670245453746
0.02,slow_observer,40.0,0.7355625191315234,1.8285714285714287,0.0,-0.45359192142020516,0.017819042559278873
0.02,slow_observer,40.0,0.7355625191315234,1.9571428571428573,0.0,-0.5483537507516562,0.01784971505314384
0.02,slow_observer,40.0,0.7355625191315234,2.085714285714286,0.0,-0.643117478862118,0.017879089630991746
0.02,slow_observer,40.0,0.7355625191315234,2.2142857142857144,0.0,-0.7378812069725798,0.017908775672002993
0.02,slow_observer,40.0,0.7355625191315234,2.3428571428571434,0.0,-0.8326512164177301,0.01793328150035216
0.02,slow_observer,40.0,0.7355625191315234,2.4714285714285715,0.0,-0.9274484157667819,0.017938836438380488
0.02,slow_observer,40.0,0.7355625191315234,2.6000000000000005,0.0,-1.022252398145638,0.017944454671101062
0.02,slow_observer,40.0,0.7355625191315234,2.7285714285714286,0.0,-1.1170563805244935,0.017950101420236234
0.02,slow_observer,40.0,0.7355625191315234,2.8571428571428577,0.0,-1.211860362903349,0.017955776658883375
0.02,slow_observer,40.0,0.7355625191315234,2.9857142857142858,0.0,-1.3066643452822047,0.01796148036003719
0.02,slow_observer,40.0,0.7355625191315234,3.1142857142857148,0.0,-1.4014683276610602,0.017967212496590564
0.02,slow_observer,40.0,0.7355625191315234,3.242857142857143,0.0,-1.496272310039916,0.01797297304133788
0.02,slow_observer,40.0,0.7355625191315234,3.371428571428572,0.0,-1.5910762924187718,0.01797876196697144
0.02,slow_observer,40.0,0.7355625191315234,3.5,0.0,-1.6858802747976271,0.017984579246084327
0.02,slow_observer,48.0,-0.281765415063314,0.8,0.16666666666666666,-0.281765415063314,0.0
0.02,slow_observer,48.0,-0.281765415063314,0.9285714285714286,0.16666666666666666,-0.281765415063314,0.0
0.02,slow_observer,48.0,-0.281765415063314,1.0571428571428572,0.0,-0.28377249665313803,0.004487970871234914
0.02,slow_observer,48.0,-0.281765415063314,1.185714285714286,0.0,-0.3563449919105191,0.019238357932733166
0.02,slow_observer,48.0,-0.281765415063314,1.3142857142857145,0.0,-0.4504270910442851,0.019291551113565664
0.02,slow_observer,48.0,-0.281765415063314,1.442857142857143,0.0,-0.5445833937100538,0.019321126090658995
0.02,slow_observer,48.0,-0.281765415063314,1.5714285714285716,0.0,-0.638815330185424,0.01930451047391174
0.02,slow_observer,48.0,-0.281765415063314,1.7000000000000002,0.0,-0.7330914067971387,0.019318455601877997
0.02,slow_observer,48.0,-0.281765415063314,1.8285714285714287,0.0,-0.8273835187730785,0.019330324098715605
0.02,slow_observer,48.0,-0.281765415063314,1.9571428571428573,0.0,-0.9217040628264906,0.01933808253613592
0.02,slow_observer,48.0,-0.281765415063314,2.085714285714286,0.0,-1.0160246068799021,0.0193470085686889
0.02,slow_observer,48.0,-0.281765415063314,2.2142857142857144,0.0,-1.1103451509333142,0.019357100581155286
0.02,slow_observer,48.0,-0.281765415063314,2.3428571428571434,0.0,-1.2047101678975445,0.019335140198816048
0.02,slow_observer,48.0,-0.281765415063314,2.4714285714285715,0.0,-1.299093003045937,0.01930102223557804
0.02,slow_observer,48.0,-0.281765415063314,2.6000000000000005,0.0,-1.393495903832438,0.019302424195638074
0.02,slow_observer,48.0,-0.281765415063314,2.7285714285714286,0.0,-1.4880264259619898,0.019375437336532415
0.02,slow_observer,48.0,-0.281765415063314,2.8571428571428577,0.0,-1.582601368868481,0.019416202023400355
0.02,slow_observer,48.0,-0.281765415063314,2.9857142857142858,0.0,-1.6771763117749712,0.019459231053720796
0.02,slow_observer,48.0,-0.281765415063314,3.1142857142857148,0.0,-1.7717619926003148,0.019499302426318775
0.02,slow_observer,48.0,-0.281765415063314,3.242857142857143,0.0,-1.8664258786747652,0.019502819832301184
0.02,slow_observer,48.0,-0.281765415063314,3.371428571428572,0.0,-1.9610910963224708,0.01950638529113723
0.02,slow_observer,48.0,-0.281765415063314,3.5,0.0,-2.0557662147352818,0.01952734897922458
0.02,slow_observer,56.0,-0.2164131259346465,0.8,0.3333333333333333,-0.21641312593464648,2.7755575615628914e-17
0.02,slow_observer,56.0,-0.2164131259346465,0.9285714285714286,0.16666666666666666,-0.21641312593464648,2.7755575615628914e-17
0.02,slow_observer,56.0,-0.2164131259346465,1.0571428571428572,0.0,-0.22872606217306568,0.013707899919619812
0.02,slow_observer,56.0,-0.2164131259346465,1.185714285714286,0.0,-0.31974001840618044,0.01598193291215526
0.02,slow_observer,56.0,-0.2164131259346465,1.3142857142857145,0.0,-0.4132530228434362,0.015986257882064127
0.02,slow_observer,56.0,-0.2164131259346465,1.442857142857143,0.0,-0.5068975342757328,0.015876600685988767
0.02,slow_observer,56.0,-0.2164131259346465,1.5714285714285716,0.0,-0.6008749653773666,0.015457817579107963
0.02,slow_observer,56.0,-0.2164131259346465,1.7000000000000002,0.0,-0.6949740152046814,0.015197439557956648
0.02,slow_observer,56.0,-0.2164131259346465,1.8285714285714287,0.0,-0.7892540538158866,0.014960763561019535
0.02,slow_observer,56.0,-0.2164131259346465,1.9571428571428573,0.0,-0.883645162255026,0.014723454050664279
0.02,slow_observer,56.0,-0.2164131259346465,2.085714285714286,0.0,-0.9780523070739643,0.014475854374717056
0.02,slow_observer,56.0,-0.2164131259346465,2.2142857142857144,0.0,-1.072486563867912,0.014208383692468364
0.02,slow_observer,56.0,-0.2164131259346465,2.3428571428571434,0.0,-1.1669208206618604,0.013944121271297757
0.02,slow_observer,56.0,-0.2164131259346465,2.4714285714285715,0.0,-1.2613609873166207,0.013678233914468154
0.02,slow_observer,56.0,-0.2164131259346465,2.6000000000000005,0.0,-1.3558885900533575,0.013526282386561648
0.02,slow_observer,56.0,-0.2164131259346465,2.7285714285714286,0.0,-1.4504987939211686,0.013487992897521959
0.02,slow_observer,56.0,-0.2164131259346465,2.8571428571428577,0.0,-1.5451089977889811,0.013450831550286977
0.02,slow_observer,56.0,-0.2164131259346465,2.9857142857142858,0.0,-1.6397192016567919,0.013414807720304985
0.02,slow_observer,56.0,-0.2164131259346465,3.1142857142857148,0.0,-1.7343503361775092,0.013386123544891982
0.02,slow_observer,56.0,-0.2164131259346465,3.242857142857143,0.0,-1.8289866510916513,0.013360546228337343
0.02,slow_observer,56.0,-0.2164131259346465,3.371428571428572,0.0,-1.9236352439430362,0.013349766862723333
0.02,slow_observer,56.0,-0.2164131259346465,3.5,0.0,-2.018331385262735,0.013390838004111186
0.02,slow_observer,64.0,0.0663799976499353,0.8,0.5,0.047590615620227095,0.019148542749165103
0.02,slow_observer,64.0,0.0663799976499353,0.9285714285714286,0.16666666666666666,-0.041944019675205245,0.02343969497096501
0.02,slow_observer,64.0,0.0663799976499353,1.0571428571428572,0.0,-0.13552374041818396,0.023435567451427847
0.02,slow_observer,64.0,0.0663799976499353,1.185714285714286,0.0,-0.2293332499320977,0.023609955805070228
0.02,slow_observer,64.0,0.0663799976499353,1.3142857142857145,0.0,-0.32336628713116955,0.024012000208483958
0.02,slow_observer,64.0,0.0663799976499353,1.442857142857143,0.0,-0.4175859456178728,0.024237178530854622
0.02,slow_observer,64.0,0.0663799976499353,1.5714285714285716,0.0,-0.5119396760739415,0.024358407222959604
0.02,slow_observer,64.0,0.0663799976499353,1.7000000000000002,0.0,-0.6063891513800083,0.02440375964001385
0.02,slow_observer,64.0,0.0663799976499353,1.8285714285714287,0.0,-0.7008386266860746,0.024449832810752834
0.02,slow_observer,64.0,0.0663799976499353,1.9571428571428573,0.0,-0.7952881019921411,0.02449662266840261
0.02,slow_observer,64.0,0.0663799976499353,2.085714285714286,0.0,-0.8897808825163306,0.024588667473816363
0.02,slow_observer,64.0,0.0663799976499353,2.2142857142857144,0.0,-0.9843107714987895,0.0246857412221945
0.02,slow_observer,64.0,0.0663799976499353,2.3428571428571434,0.0,-1.078849833534549,0.02477651553578171
0.02,slow_observer,64.0,0.0663799976499353,2.4714285714285715,0.0,-1.1733888955703073,0.024868324353706946
0.02,slow_observer,64.0,0.0663799976499353,2.6000000000000005,0.0,-1.2679683214484467,0.02496136455405191
0.02,slow_observer,64.0,0.0663799976499353,2.7285714285714286,0.0,-1.362653157700713,0.025006339280147755
0.02,slow_observer,64.0,0.0663799976499353,2.8571428571428577,0.0,-1.4573455028349815,0.025042916643862143
0.02,slow_observer,64.0,0.0663799976499353,2.9857142857142858,0.0,-1.5520378479692492,0.02507979754778065
0.02,slow_observer,64.0,0.0663799976499353,3.1142857142857148,0.0,-1.6467301931035168,0.025116980654780477
0.02,slow_observer,64.0,0.0663799976499353,3.242857142857143,0.0,-1.741422538237784,0.025154464624718747
0.02,slow_observer,64.0,0.0663799976499353,3.371428571428572,0.0,-1.836114883372052,0.02519224811461896
0.02,slow_observer,64.0,0.0663799976499353,3.5,0.0,-1.9308249099752766,0.025224210857579008
0.02,slow_observer,72.0,0.21014780913719353,0.8,0.5,0.1129192518273675,0.012490326149143367
0.02,slow_observer,72.0,0.21014780913719353,0.9285714285714286,0.3333333333333333,0.018885406977088785,0.012240713245292339
0.02,slow_observer,72.0,0.21014780913719353,1.0571428571428572,0.16666666666666666,-0.07516634578568025,0.012010422223860309
0.02,slow_observer,72.0,0.21014780913719353,1.185714285714286,0.0,-0.16926091184446568,0.011815907421533791
0.02,slow_observer,72.0,0.21014780913719353,1.3142857142857145,0.0,-0.26337341998210256,0.011659760587111743
0.02,slow_observer,72.0,0.21014780913719353,1.442857142857143,0.0,-0.3575382210614899,0.011567806265657107
0.02,slow_observer,72.0,0.21014780913719353,1.5714285714285716,0.0,-0.45171930499802504,0.011495119431355706
0.02,slow_observer,72.0,0.21014780913719353,1.7000000000000002,0.0,-0.5461462211300163,0.01146140933741635
0.02,slow_observer,72.0,0.21014780913719353,1.8285714285714287,0.0,-0.6405922527272845,0.011436549308857983
0.02,slow_observer,72.0,0.21014780913719353,1.9571428571428573,0.0,-0.7350777789008371,0.011413110178008284
0.02,slow_observer,72.0,0.21014780913719353,2.085714285714286,0.0,-0.8295979202138147,0.011389435635296097
0.02,slow_observer,72.0,0.21014780913719353,2.2142857142857144,0.0,-0.9241395376352711,0.011363262314195289
0.02,slow_observer,72.0,0.21014780913719353,2.3428571428571434,0.0,-1.018745898849389,0.011374573740917503
0.02,slow_observer,72.0,0.21014780913719353,2.4714285714285715,0.0,-1.1133522600635066,0.011388503343368215
0.02,slow_observer,72.0,0.21014780913719353,2.6000000000000005,0.0,-1.2079612308724863,0.011408070209716124
0.02,slow_observer,72.0,0.21014780913719353,2.7285714285714286,0.0,-1.3025898983475483,0.011453306184529473
0.02,slow_observer,72.0,0.21014780913719353,2.8571428571428577,0.0,-1.3972189461819668,0.011501940975492383
0.02,slow_observer,72.0,0.21014780913719353,2.9857142857142858,0.0,-1.4918524990091517,0.011554338210288399
0.02,slow_observer,72.0,0.21014780913719353,3.1142857142857148,0.0,-1.586497297400047,0.011609451962439898
0.02,slow_observer,72.0,0.21014780913719353,3.242857142857143,0.0,-1.6811706360345722,0.011668055754283637
0.02,slow_observer,72.0,0.21014780913719353,3.371428571428572,0.0,-1.7758439746690995,0.011729164034823871
0.02,slow_observer,72.0,0.21014780913719353,3.5,0.0,-1.8705326813662226,0.011786302731556644
0.02,slow_observer,80.0,-0.6106859722051887,0.8,0.16666666666666666,-0.6106859722051886,1.1102230246251565e-16
0.02,slow_observer,80.0,-0.6106859722051887,0.9285714285714286,0.16666666666666666,-0.6106859722051886,1.1102230246251565e-16
0.02,slow_observer,80.0,-0.6106859722051887,1.0571428571428572,0.16666666666666666,-0.6106859722051886,1.1102230246251565e-16
0.02,slow_observer,80.0,-0.6106859722051887,1.185714285714286,0.0,-0.6106859722051886,1.1102230246251565e-16
0.02,slow_observer,80.0,-0.6106859722051887,1.3142857142857145,0.0,-0.6106859722051886,1.1102230246251565e-16
0.02,slow_observer,80.0,-0.6106859722051887,1.442857142857143,0.0,-0.6504288948794531,0.012808740666297249
0.02,slow_observer,80.0,-0.6106859722051887,1.5714285714285716,0.0,-0.744041229938161,0.012486716615590426
0.02,slow_observer,80.0,-0.6106859722051887,1.7000000000000002,0.0,-0.837881284554824,0.012213485346720475
0.02,slow_observer,80.0,-0.6106859722051887,1.8285714285714287,0.0,-0.9318164062695997,0.012063129609881424
0.02,slow_observer,80.0,-0.6106859722051887,1.9571428571428573,0.0,-1.0259186138629561,0.01205444362817983
0.02,slow_observer,80.0,-0.6106859722051887,2.085714285714286,0.0,-1.1200406638594096,0.012093127374698165
0.02,slow_observer,80.0,-0.6106859722051887,2.2142857142857144,0.0,-1.2141627138558633,0.01215393719940319
0.02,slow_observer,80.0,-0.6106859722051887,2.3428571428571434,0.0,-1.308284763852317,0.01223654323835144
0.02,slow_observer,80.0,-0.6106859722051887,2.4714285714285715,0.0,-1.40245715610472,0.012276445599202613
0.02,slow_observer,80.0,-0.6106859722051887,2.6000000000000005,0.0,-1.496705071747967,0.012232069635357825
0.02,slow_observer,80.0,-0.6106859722051887,2.7285714285714286,0.0,-1.590952987391214,0.01219561816300805
0.02,slow_observer,80.0,-0.6106859722051887,2.8571428571428577,0.0,-1.685209377539507,0.012155583179109928
0.02,slow_observer,80.0,-0.6106859722051887,2.9857142857142858,0.0,-1.7795916562641088,0.012003311250628227
0.02,slow_observer,80.0,-0.6106859722051887,3.1142857142857148,0.0,-1.8741825685388258,0.011959171937375869
0.02,slow_observer,80.0,-0.6106859722051887,3.242857142857143,0.0,-1.9688063845442947,0.011916080952852195
0.02,slow_observer,80.0,-0.6106859722051887,3.371428571428572,0.0,-2.0634314885576033,0.011873960705217023
0.02,slow_observer,80.0,-0.6106859722051887,3.5,0.0,-2.1580565925709108,0.011832812176092725
0.02,slow_observer,88.0,-0.8900850480399806,0.8,0.0,-0.8900850480399806,0.0
0.02,slow_observer,88.0,-0.8900850480399806,0.9285714285714286,0.0,-0.8900850480399806,0.0
0.02,slow_observer,88.0,-0.8900850480399806,1.0571428571428572,0.0,-0.8900850480399806,0.0
0.02,slow_observer,88.0,-0.8900850480399806,1.185714285714286,0.0,-0.8900850480399806,0.0
0.02,slow_observer,88.0,-0.8900850480399806,1.3142857142857145,0.0,-0.8900850480399806,0.0
0.02,slow_observer,88.0,-0.8900850480399806,1.442857142857143,0.0,-0.8900850480399806,0.0
0.02,slow_observer,88.0,-0.8900850480399806,1.5714285714285716,0.0,-0.8900850480399806,0.0
0.02,slow_observer,88.0,-0.8900850480399806,1.7000000000000002,0.0,-0.930464945005784,0.007539036519082181
0.02,slow_observer,88.0,-0.8900850480399806,1.8285714285714287,0.0,-1.024463095255817,0.007662995589391451
0.02,slow_observer,88.0,-0.8900850480399806,1.9571428571428573,0.0,-1.11853319202592,0.007719764856180151
0.02,slow_observer,88.0,-0.8900850480399806,2.085714285714286,0.0,-1.2126595744594153,0.007771777175103648
0.02,slow_observer,88.0,-0.8900850480399806,2.2142857142857144,0.0,-1.3068559906316306,0.00786971443129524
0.02,slow_observer,88.0,-0.8900850480399806,2.3428571428571434,0.0,-1.401099639076839,0.0080064234075604
0.02,slow_observer,88.0,-0.8900850480399806,2.4714285714285715,0.0,-1.4953576815465686,0.008146940943370757
0.02,slow_observer,88.0,-0.8900850480399806,2.6000000000000005,0.0,-1.5896594020414045,0.008262124521358537
0.02,slow_observer,88.0,-0.8900850480399806,2.7285714285714286,0.0,-1.6840018182116958,0.008353241076512438
0.02,slow_observer,88.0,-0.8900850480399806,2.8571428571428577,0.0,-1.7783501844667056,0.008447428992389058
0.02,slow_observer,88.0,-0.8900850480399806,2.9857142857142858,0.0,-1.8727393536492778,0.008525532916150597
0.02,slow_observer,88.0,-0.8900850480399806,3.1142857142857148,0.0,-1.9671660727101294,0.008617600890603126
0.02,slow_observer,88.0,-0.8900850480399806,3.242857142857143,0.0,-2.0615927917709813,0.008711200925143412
0.02,slow_observer,88.0,-0.8900850480399806,3.371428571428572,0.0,-2.1560195108318334,0.008806284168131362
0.02,slow_observer,88.0,-0.8900850480399806,3.5,0.0,-2.2504852911282254,0.008891628263712155
0.02,slow_observer,96.0,-0.4672962159551587,0.8,0.0,-0.46729621595515874,5.551115123125783e-17
0.02,slow_observer,96.0,-0.4672962159551587,0.9285714285714286,0.0,-0.46729621595515874,5.551115123125783e-17
0.02,slow_observer,96.0,-0.4672962159551587,1.0571428571428572,0.0,-0.46729621595515874,5.551115123125783e-17
0.02,slow_observer,96.0,-0.4672962159551587,1.185714285714286,0.0,-0.46729621595515874,5.551115123125783e-17
0.02,slow_observer,96.0,-0.4672962159551587,1.3142857142857145,0.0,-0.501312844033076,0.015536653708581512
0.02,slow_observer,96.0,-0.4672962159551587,1.442857142857143,0.0,-0.5953590471258784,0.015242498857702777
0.02,slow_observer,96.0,-0.4672962159551587,1.5714285714285716,0.0,-0.6894155340413133,0.014965561632009248
0.02,slow_observer,96.0,-0.4672962159551587,1.7000000000000002,0.0,-0.7834796591217043,0.014703493607903835
0.02,slow_observer,96.0,-0.4672962159551587,1.8285714285714287,0.0,-0.8777716030246371,0.014595764088859757
0.02,slow_observer,96.0,-0.4672962159551587,1.9571428571428573,0.0,-0.9721342909371092,0.014564597213921386
0.02,slow_observer,96.0,-0.4672962159551587,2.085714285714286,0.0,-1.0665008117132537,0.014532824144849446
0.02,slow_observer,96.0,-0.4672962159551587,2.2142857142857144,0.0,-1.1608878535112817,0.014496918686016458
0.02,slow_observer,96.0,-0.4672962159551587,2.3428571428571434,0.0,-1.2553600711334216,0.01446479214519486
0.02,slow_observer,96.0,-0.4672962159551587,2.4714285714285715,0.0,-1.3498515913316194,0.01444979682277422
0.02,slow_observer,96.0,-0.4672962159551587,2.6000000000000005,0.0,-1.444357946320494,0.014438752883631232
0.02,slow_observer,96.0,-0.4672962159551587,2.7285714285714286,0.0,-1.5388681771446377,0.014426921783589279
0.02,slow_observer,96.0,-0.4672962159551587,2.8571428571428577,0.0,-1.633378407968782,0.01441555961265675
0.02,slow_observer,96.0,-0.4672962159551587,2.9857142857142858,0.0,-1.7279081910864222,0.014373208403744057
0.02,slow_observer,96.0,-0.4672962159551587,3.1142857142857148,0.0,-1.8224483987685354,0.014314257531887949
0.02,slow_observer,96.0,-0.4672962159551587,3.242857142857143,0.0,-1.9170018140577982,0.014249876166214983
0.02,slow_observer,96.0,-0.4672962159551587,3.371428571428572,0.0,-2.011562065312797,0.014183544685076207
0.02,slow_observer,96.0,-0.4672962159551587,3.5,0.0,-2.1061250786754733,0.014118931590384012
0.02,slow_observer,104.0,-0.13648299187962618,0.8,0.6666666666666666,-0.13661565444691892,0.000249736847937131
0.02,slow_observer,104.0,-0.13648299187962618,0.9285714285714286,0.5,-0.1366156545734095,0.0002497369823231226
0.02,slow_observer,104.0,-0.13648299187962618,1.0571428571428572,0.3333333333333333,-0.1887110370108017,0.01669737042489429
0.02,slow_observer,104.0,-0.13648299187962618,1.185714285714286,0.0,-0.2827149207731442,0.016723569345128045
0.02,slow_observer,104.0,-0.13648299187962618,1.3142857142857145,0.0,-0.37692233073269504,0.016797346721705263
0.02,slow_observer,104.0,-0.13648299187962618,1.442857142857143,0.0,-0.4713140920143606,0.016953945594223613
0.02,slow_observer,104.0,-0.13648299187962618,1.5714285714285716,0.0,-0.5658652345673186,0.016956373135676824
0.02,slow_observer,104.0,-0.13648299187962618,1.7000000000000002,0.0,-0.6605056252311975,0.01691394465147698
0.02,slow_observer,104.0,-0.13648299187962618,1.8285714285714287,0.0,-0.7551649751276107,0.016865116915510386
0.02,slow_observer,104.0,-0.13648299187962618,1.9571428571428573,0.0,-0.8498381157966745,0.016809281717708156
0.02,slow_observer,104.0,-0.13648299187962618,2.085714285714286,0.0,-0.9445137719200488,0.016752455732178595
0.02,slow_observer,104.0,-0.13648299187962618,2.2142857142857144,0.0,-1.0392062562106148,0.016704697040091213
0.02,slow_observer,104.0,-0.13648299187962618,2.3428571428571434,0.0,-1.133906893553143,0.016661438665349394
0.02,slow_observer,104.0,-0.13648299187962618,2.4714285714285715,0.0,-1.2286075308956717,0.01661882952572875
0.02,slow_observer,104.0,-0.13648299187962618,2.6000000000000005,0.0,-1.3233081682382002,0.016576874627602833
0.02,slow_observer,104.0,-0.13648299187962618,2.7285714285714286,0.0,-1.4180088055807287,0.016535578950897314
0.02,slow_observer,104.0,-0.13648299187962618,2.8571428571428577,0.0,-1.5127094429232573,0.01649494744676299
0.02,slow_observer,104.0,-0.13648299187962618,2.9857142857142858,0.0,-1.6074100802657856,0.01645498503522999
0.02,slow_observer,104.0,-0.13648299187962618,3.1142857142857148,0.0,-1.7021107176083143,0.01641569660282014
0.02,slow_observer,104.0,-0.13648299187962618,3.242857142857143,0.0,-1.796811354950842,0.016377087000139002
0.02,slow_observer,104.0,-0.13648299187962618,3.371428571428572,0.0,-1.8915292482946997,0.01634544568038951
0.02,slow_observer,104.0,-0.13648299187962618,3.5,0.0,-1.9862650846643852,0.016320705891089717
0.02,slow_observer,112.0,-0.48119045544939015,0.8,0.16666666666666666,-0.48119045544939015,0.0
0.02,slow_observer,112.0,-0.48119045544939015,0.9285714285714286,0.0,-0.48119045544939015,0.0
0.02,slow_observer,112.0,-0.48119045544939015,1.0571428571428572,0.0,-0.48119045544939015,0.0
0.02,slow_observer,112.0,-0.48119045544939015,1.185714285714286,0.0,-0.48119045544939015,0.0
0.02,slow_observer,112.0,-0.48119045544939015,1.3142857142857145,0.0,-0.5091383138276637,0.00900153291386515
0.02,slow_observer,112.0,-0.48119045544939015,1.442857142857143,0.0,-0.6025912758035508,0.008990651957824154
0.02,slow_observer,112.0,-0.48119045544939015,1.5714285714285716,0.0,-0.6961315162649763,0.008973687199962855
0.02,slow_observer,112.0,-0.48119045544939015,1.7000000000000002,0.0,-0.7899015243663028,0.008828220055758859
0.02,slow_observer,112.0,-0.48119045544939015,1.8285714285714287,0.0,-0.8838756443978152,0.008717627285864494
0.02,slow_observer,112.0,-0.48119045544939015,1.9571428571428573,0.0,-0.9779430841823112,0.008651338690381805
0.02,slow_observer,112.0,-0.48119045544939015,2.085714285714286,0.0,-1.0721244198781694,0.00850200104444722
0.02,slow_observer,112.0,-0.48119045544939015,2.2142857142857144,0.0,-1.1663522265663515,0.008314389175560627
0.02,slow_observer,112.0,-0.48119045544939015,2.3428571428571434,0.0,-1.260587817946415,0.008124344676636962
0.02,slow_observer,112.0,-0.48119045544939015,2.4714285714285715,0.0,-1.3550676282785163,0.008189232877016396
0.02,slow_observer,112.0,-0.48119045544939015,2.6000000000000005,0.0,-1.4496280979202218,0.008240536420797674
0.02,slow_observer,112.0,-0.48119045544939015,2.7285714285714286,0.0,-1.5442052683802896,0.008301110366498912
0.02,slow_observer,112.0,-0.48119045544939015,2.8571428571428577,0.0,-1.6387951673058234,0.00835321687762282
0.02,slow_observer,112.0,-0.48119045544939015,2.9857142857142858,0.0,-1.7334066626823266,0.008390830939496975
0.02,slow_observer,112.0,-0.48119045544939015,3.1142857142857148,0.0,-1.82801815805883,0.008430660608794403
0.02,slow_observer,112.0,-0.48119045544939015,3.242857142857143,0.0,-1.9226296534353324,0.008472674639155612
0.02,slow_observer,112.0,-0.48119045544939015,3.371428571428572,0.0,-2.0172411488118356,0.008516840703931399
0.02,slow_observer,112.0,-0.48119045544939015,3.5,0.0,-2.111852644188338,0.008563125504518907
0.02,slow_observer,120.0,-1.3208139252022122,0.8,0.0,-1.3208139252022122,0.0
0.02,slow_observer,120.0,-1.3208139252022122,0.9285714285714286,0.0,-1.3208139252022122,0.0
0.02,slow_observer,120.0,-1.3208139252022122,1.0571428571428572,0.0,-1.3208139252022122,0.0
0.02,slow_observer,120.0,-1.3208139252022122,1.185714285714286,0.0,-1.3208139252022122,0.0
0.02,slow_observer,120.0,-1.3208139252022122,1.3142857142857145,0.0,-1.3208139252022122,0.0
0.02,slow_observer,120.0,-1.3208139252022122,1.442857142857143,0.0,-1.3208139252022122,0.0
0.02,slow_observer,120.0,-1.3208139252022122,1.5714285714285716,0.0,-1.3208139252022122,0.0
0.02,slow_observer,120.0,-1.3208139252022122,1.7000000000000002,0.0,-1.3208139252022122,0.0
0.02,slow_observer,120.0,-1.3208139252022122,1.8285714285714287,0.0,-1.3208139252022122,0.0
0.02,slow_observer,120.0,-1.3208139252022122,1.9571428571428573,0.0,-1.3208139252022122,0.0
0.02,slow_observer,120.0,-1.3208139252022122,2.085714285714286,0.0,-1.3715636804089024,0.01279011033312583
0.02,slow_observer,120.0,-1.3208139252022122,2.2142857142857144,0.0,-1.4653630433826887,0.012593187179681855
0.02,slow_observer,120.0,-1.3208139252022122,2.3428571428571434,0.0,-1.5592919904015838,0.012389590876758826
0.02,slow_observer,120.0,-1.3208139252022122,2.4714285714285715,0.0,-1.6532805059179638,0.012236290836868769
0.02,slow_observer,120.0,-1.3208139252022122,2.6000000000000005,0.0,-1.7473417890841578,0.012071576268859885
0.02,slow_observer,120.0,-1.3208139252022122,2.7285714285714286,0.0,-1.8415383582506937,0.01187866291891337
0.02,slow_observer,120.0,-1.3208139252022122,2.8571428571428577,0.0,-1.9357640278866022,0.011701174592030307
0.02,slow_observer,120.0,-1.3208139252022122,2.9857142857142858,0.0,-2.030102840186735,0.011603662444614405
0.02,slow_observer,120.0,-1.3208139252022122,3.1142857142857148,0.0,-2.1244416524868677,0.011509477226767586
0.02,slow_observer,120.0,-1.3208139252022122,3.242857142857143,0.0,-2.218802365089347,0.01143064908218351
0.02,slow_observer,120.0,-1.3208139252022122,3.371428571428572,0.0,-2.3131825254400327,0.011367244647305748
0.02,slow_observer,120.0,-1.3208139252022122,3.5,0.0,-2.4075626857907158,0.011306534151121345
0.02,slow_observer,128.0,-0.8977048400275199,0.8,0.16666666666666666,-0.8977048400275199,0.0
0.02,slow_observer,128.0,-0.8977048400275199,0.9285714285714286,0.0,-0.8977048400275199,0.0
0.02,slow_observer,128.0,-0.8977048400275199,1.0571428571428572,0.0,-0.8977048400275199,0.0
0.02,slow_observer,128.0,-0.8977048400275199,1.185714285714286,0.0,-0.8977048400275199,0.0
0.02,slow_observer,128.0,-0.8977048400275199,1.3142857142857145,0.0,-0.8977048400275199,0.0
0.02,slow_observer,128.0,-0.8977048400275199,1.442857142857143,0.0,-0.8977048400275199,0.0
0.02,slow_observer,128.0,-0.8977048400275199,1.5714285714285716,0.0,-0.8977048400275199,0.0
0.02,slow_observer,128.0,-0.8977048400275199,1.7000000000000002,0.0,-0.9284941034900068,0.016324982248963345
0.02,slow_observer,128.0,-0.8977048400275199,1.8285714285714287,0.0,-1.022510298391954,0.016178884454893194
0.02,slow_observer,128.0,-0.8977048400275199,1.9571428571428573,0.0,-1.1166292230244224,0.0158980597926716
0.02,slow_observer,128.0,-0.8977048400275199,2.085714285714286,0.0,-1.2107601825515897,0.015617391569618382
0.02,slow_observer,128.0,-0.8977048400275199,2.2142857142857144,0.0,-1.3049114429674014,0.015345815678504371
0.02,slow_observer,128.0,-0.8977048400275199,2.3428571428571434,0.0,-1.3991248513425827,0.015176443825029263
0.02,slow_observer,128.0,-0.8977048400275199,2.4714285714285715,0.0,-1.4934030319051075,0.015113180857206995
0.02,slow_observer,128.0,-0.8977048400275199,2.6000000000000005,0.0,-1.587681212467632,0.015051568449594165
0.02,slow_observer,128.0,-0.8977048400275199,2.7285714285714286,0.0,-1.6819593930301562,0.014991626952560342
0.02,slow_observer,128.0,-0.8977048400275199,2.8571428571428577,0.0,-1.7762375735926803,0.014933376486863081
0.02,slow_observer,128.0,-0.8977048400275199,2.9857142857142858,0.0,-1.8705271220057007,0.01487271696387747
0.02,slow_observer,128.0,-0.8977048400275199,3.1142857142857148,0.0,-1.9648816456803353,0.014779056090333859
0.02,slow_observer,128.0,-0.8977048400275199,3.242857142857143,0.0,-2.0592817892263913,0.014656676578036522
0.02,slow_observer,128.0,-0.8977048400275199,3.371428571428572,0.0,-2.153681932772446,0.014534687884587583
0.02,slow_observer,128.0,-0.8977048400275199,3.5,0.0,-2.2481585119142857,0.014475551696744488
0.02,slow_observer,136.0,-0.45490703537195326,0.8,0.16666666666666666,-0.45490703537195326,0.0
0.02,slow_observer,136.0,-0.45490703537195326,0.9285714285714286,0.0,-0.45490703537195326,0.0
0.02,slow_observer,136.0,-0.45490703537195326,1.0571428571428572,0.0,-0.45490703537195326,0.0
0.02,slow_observer,136.0,-0.45490703537195326,1.185714285714286,0.0,-0.45490703537195326,0.0
0.02,slow_observer,136.0,-0.45490703537195326,1.3142857142857145,0.0,-0.5012528231822247,0.009990245624560043
0.02,slow_observer,136.0,-0.45490703537195326,1.442857142857143,0.0,-0.5949143693434403,0.009898565421383319
0.02,slow_observer,136.0,-0.45490703537195326,1.5714285714285716,0.0,-0.6887091897646482,0.00977532210571011
0.02,slow_observer,136.0,-0.45490703537195326,1.7000000000000002,0.0,-0.7829577480886337,0.00952714243406488
0.02,slow_observer,136.0,-0.45490703537195326,1.8285714285714287,0.0,-0.8772063064126198,0.009286113356885577
0.02,slow_observer,136.0,-0.45490703537195326,1.9571428571428573,0.0,-0.9714800610972905,0.009085639020611472
0.02,slow_observer,136.0,-0.45490703537195326,2.085714285714286,0.0,-1.065836338772743,0.009003076076493682
0.02,slow_observer,136.0,-0.45490703537195326,2.2142857142857144,0.0,-1.160262567495603,0.0090195198749399
0.02,slow_observer,136.0,-0.45490703537195326,2.3428571428571434,0.0,-1.2546887962184636,0.009051222264738102
0.02,slow_observer,136.0,-0.45490703537195326,2.4714285714285715,0.0,-1.3491481708987456,0.00906040050792116
0.02,slow_observer,136.0,-0.45490703537195326,2.6000000000000005,0.0,-1.4436391489568663,0.009077346380289389
0.02,slow_observer,136.0,-0.45490703537195326,2.7285714285714286,0.0,-1.538181160208749,0.009094193092142629
0.02,slow_observer,136.0,-0.45490703537195326,2.8571428571428577,0.0,-1.6327700170363293,0.009104504685616707
0.02,slow_observer,136.0,-0.45490703537195326,2.9857142857142858,0.0,-1.7274022513380014,0.009104603295701681
0.02,slow_observer,136.0,-0.45490703537195326,3.1142857142857148,0.0,-1.822043336673209,0.009100025573349435
0.02,slow_observer,136.0,-0.45490703537195326,3.242857142857143,0.0,-1.916684422008416,0.009095654605139976
0.02,slow_observer,136.0,-0.45490703537195326,3.371428571428572,0.0,-2.011325507343624,0.009091490689280645
0.02,slow_observer,136.0,-0.45490703537195326,3.5,0.0,-2.1059665926788305,0.00908753411038506
0.02,slow_observer,144.0,-0.34898626111920383,0.8,0.3333333333333333,-0.34898626111920383,0.0
0.02,slow_observer,144.0,-0.34898626111920383,0.9285714285714286,0.0,-0.34898626111920383,0.0
0.02,slow_observer,144.0,-0.34898626111920383,1.0571428571428572,0.0,-0.34898626111920383,0.0
0.02,slow_observer,144.0,-0.34898626111920383,1.185714285714286,0.0,-0.3654605165159528,0.010013255682007373
0.02,slow_observer,144.0,-0.34898626111920383,1.3142857142857145,0.0,-0.4594841550332438,0.010083138959404719
0.02,slow_observer,144.0,-0.34898626111920383,1.442857142857143,0.0,-0.5535178996186491,0.010176691535601313
0.02,slow_observer,144.0,-0.34898626111920383,1.5714285714285716,0.0,-0.6475617946974187,0.010298156273987528
0.02,slow_observer,144.0,-0.34898626111920383,1.7000000000000002,0.0,-0.741608511260233,0.010439368884748867
0.02,slow_observer,144.0,-0.34898626111920383,1.8285714285714287,0.0,-0.8358487077189802,0.010499931141167804
0.02,slow_observer,144.0,-0.34898626111920383,1.9571428571428573,0.0,-0.9301094498402911,0.010548524323002422
0.02,slow_observer,144.0,-0.34898626111920383,2.085714285714286,0.0,-1.0243878690378612,0.010622162328190143
0.02,slow_observer,144.0,-0.34898626111920383,2.2142857142857144,0.0,-1.1187128519688023,0.010697917388372488
0.02,slow_observer,144.0,-0.34898626111920383,2.3428571428571434,0.0,-1.2131175566536156,0.010746236682373306
0.02,slow_observer,144.0,-0.34898626111920383,2.4714285714285715,0.0,-1.30760477612954,0.010761093038733079
0.02,slow_observer,144.0,-0.34898626111920383,2.6000000000000005,0.0,-1.402168010890164,0.010758022418196593
0.02,slow_observer,144.0,-0.34898626111920383,2.7285714285714286,0.0,-1.4967985744021275,0.010806206630710446
0.02,slow_observer,144.0,-0.34898626111920383,2.8571428571428577,0.0,-1.5914374327032703,0.010862195689042385
0.02,slow_observer,144.0,-0.34898626111920383,2.9857142857142858,0.0,-1.6860762910044116,0.010919908981628436
0.02,slow_observer,144.0,-0.34898626111920383,3.1142857142857148,0.0,-1.7807151493055535,0.01097931931795653
0.02,slow_observer,144.0,-0.34898626111920383,3.242857142857143,0.0,-1.8753544692612343,0.011040244715986974
0.02,slow_observer,144.0,-0.34898626111920383,3.371428571428572,0.0,-1.9700043178439248,0.01109943690945867
0.02,slow_observer,144.0,-0.34898626111920383,3.5,0.0,-2.0646578967987863,0.011164864060552608
0.02,slow_observer,152.0,-1.4525399538632882,0.8,0.0,-1.4525399538632884,2.220446049250313e-16
0.02,slow_observer,152.0,-1.4525399538632882,0.9285714285714286,0.0,-1.4525399538632884,2.220446049250313e-16
0.02,slow_observer,152.0,-1.4525399538632882,1.0571428571428572,0.0,-1.4525399538632884,2.220446049250313e-16
0.02,slow_observer,152.0,-1.4525399538632882,1.185714285714286,0.0,-1.4525399538632884,2.220446049250313e-16
0.02,slow_observer,152.0,-1.4525399538632882,1.3142857142857145,0.0,-1.4525399538632884,2.220446049250313e-16
0.02,slow_observer,152.0,-1.4525399538632882,1.442857142857143,0.0,-1.4525399538632884,2.220446049250313e-16
0.02,slow_observer,152.0,-1.4525399538632882,1.5714285714285716,0.0,-1.4525399538632884,2.220446049250313e-16
0.02,slow_observer,152.0,-1.4525399538632882,1.7000000000000002,0.0,-1.4525399538632884,2.220446049250313e-16
0.02,slow_observer,152.0,-1.4525399538632882,1.8285714285714287,0.0,-1.4525399538632884,2.220446049250313e-16
0.02,slow_observer,152.0,-1.4525399538632882,1.9571428571428573,0.0,-1.4525399538632884,2.220446049250313e-16
0.02,slow_observer,152.0,-1.4525399538632882,2.085714285714286,0.0,-1.4527029554734296,0.00036448268071795717
0.02,slow_observer,152.0,-1.4525399538632882,2.2142857142857144,0.0,-1.508769932131858,0.019470944559686783
0.02,slow_observer,152.0,-1.4525399538632882,2.3428571428571434,0.0,-1.602453828320822,0.019061831639007536
0.02,slow_observer,152.0,-1.4525399538632882,2.4714285714285715,0.0,-1.696164535696805,0.018636671466047205
0.02,slow_observer,152.0,-1.4525399538632882,2.6000000000000005,0.0,-1.7898752430727878,0.018213824265144493
0.02,slow_observer,152.0,-1.4525399538632882,2.7285714285714286,0.0,-1.8836167838103524,0.01785211840612445
0.02,slow_observer,152.0,-1.4525399538632882,2.8571428571428577,0.0,-1.9774223641715105,0.017607660974255854
0.02,slow_observer,152.0,-1.4525399538632882,2.9857142857142858,0.0,-2.071329634807022,0.017335369876977334
0.02,slow_observer,152.0,-1.4525399538632882,3.1142857142857148,0.0,-2.16528348759149,0.017146022856498872
0.02,slow_observer,152.0,-1.4525399538632882,3.242857142857143,0.0,-2.2592373403759565,0.016957788981881657
0.02,slow_observer,152.0,-1.4525399538632882,3.371428571428572,0.0,-2.353330260803242,0.0167912120680501
0.02,slow_observer,152.0,-1.4525399538632882,3.5,0.0,-2.4474478833393847,0.01663052906282762
0.02,slow_observer,160.0,-1.3255680624824175,0.8,0.0,-1.3255680624824178,2.220446049250313e-16
0.02,slow_observer,160.0,-1.3255680624824175,0.9285714285714286,0.0,-1.3255680624824178,2.220446049250313e-16
0.02,slow_observer,160.0,-1.3255680624824175,1.0571428571428572,0.0,-1.3255680624824178,2.220446049250313e-16
0.02,slow_observer,160.0,-1.3255680624824175,1.185714285714286,0.0,-1.3255680624824178,2.220446049250313e-16
0.02,slow_observer,160.0,-1.3255680624824175,1.3142857142857145,0.0,-1.3255680624824178,2.220446049250313e-16
0.02,slow_observer,160.0,-1.3255680624824175,1.442857142857143,0.0,-1.3255680624824178,2.220446049250313e-16
0.02,slow_observer,160.0,-1.3255680624824175,1.5714285714285716,0.0,-1.3255680624824178,2.220446049250313e-16
0.02,slow_observer,160.0,-1.3255680624824175,1.7000000000000002,0.0,-1.3255680624824178,2.220446049250313e-16
0.02,slow_observer,160.0,-1.3255680624824175,1.8285714285714287,0.0,-1.3255680624824178,2.220446049250313e-16
0.02,slow_observer,160.0,-1.3255680624824175,1.9571428571428573,0.0,-1.3255680624824178,2.220446049250313e-16
0.02,slow_observer,160.0,-1.3255680624824175,2.085714285714286,0.0,-1.3655444302506157,0.008018323998003351
0.02,slow_observer,160.0,-1.3255680624824175,2.2142857142857144,0.0,-1.4591291530413377,0.008055750766083222
0.02,slow_observer,160.0,-1.3255680624824175,2.3428571428571434,0.0,-1.5529100803454459,0.008015287358268314
0.02,slow_observer,160.0,-1.3255680624824175,2.4714285714285715,0.0,-1.6468247122416697,0.007922948447217039
0.02,slow_observer,160.0,-1.3255680624824175,2.6000000000000005,0.0,-1.7410204488595815,0.007876019543148803
0.02,slow_observer,160.0,-1.3255680624824175,2.7285714285714286,0.0,-1.835284704108828,0.007909392256900885
0.02,slow_observer,160.0,-1.3255680624824175,2.8571428571428577,0.0,-1.929548959358076,0.007945501251227529
0.02,slow_observer,160.0,-1.3255680624824175,2.9857142857142858,0.0,-2.0238132146073227,0.007984309401774413
0.02,slow_observer,160.0,-1.3255680624824175,3.1142857142857148,0.0,-2.1180774698565705,0.00802577755383065
0.02,slow_observer,160.0,-1.3255680624824175,3.242857142857143,0.0,-2.2123417251058166,0.008069864701105846
0.02,slow_observer,160.0,-1.3255680624824175,3.371428571428572,0.0,-2.306706993057592,0.008088623806600902
0.02,slow_observer,160.0,-1.3255680624824175,3.5,0.0,-2.4010932429628653,0.008113035732218754
0.02,slow_observer,168.0,-0.7867176967783021,0.8,0.0,-0.7867176967783021,0.0
0.02,slow_observer,168.0,-0.7867176967783021,0.9285714285714286,0.0,-0.7867176967783021,0.0
0.02,slow_observer,168.0,-0.7867176967783021,1.0571428571428572,0.0,-0.7867176967783021,0.0
0.02,slow_observer,168.0,-0.7867176967783021,1.185714285714286,0.0,-0.7867176967783021,0.0
0.02,slow_observer,168.0,-0.7867176967783021,1.3142857142857145,0.0,-0.7867176967783021,0.0
0.02,slow_observer,168.0,-0.7867176967783021,1.442857142857143,0.0,-0.7867176967783021,0.0
0.02,slow_observer,168.0,-0.7867176967783021,1.5714285714285716,0.0,-0.8058769958506474,0.014902117807277234
0.02,slow_observer,168.0,-0.7867176967783021,1.7000000000000002,0.0,-0.8976596417447825,0.017803041672237268
0.02,slow_observer,168.0,-0.7867176967783021,1.8285714285714287,0.0,-0.9915632727146989,0.017783245028302055
0.02,slow_observer,168.0,-0.7867176967783021,1.9571428571428573,0.0,-1.085513188263711,0.017774392965843877
0.02,slow_observer,168.0,-0.7867176967783021,2.085714285714286,0.0,-1.179548682710964,0.01772221254695788
0.02,slow_observer,168.0,-0.7867176967783021,2.2142857142857144,0.0,-1.273665041206119,0.017541382489764293
0.02,slow_observer,168.0,-0.7867176967783021,2.3428571428571434,0.0,-1.367781399701274,0.017365690228968875
0.02,slow_observer,168.0,-0.7867176967783021,2.4714285714285715,0.0,-1.4618977581964276,0.017195293251015924
0.02,slow_observer,168.0,-0.7867176967783021,2.6000000000000005,0.0,-1.556037077497954,0.017050546588097664
0.02,slow_observer,168.0,-0.7867176967783021,2.7285714285714286,0.0,-1.6502356122637059,0.01697722352190981
0.02,slow_observer,168.0,-0.7867176967783021,2.8571428571428577,0.0,-1.7445123679265813,0.016905963086846526
0.02,slow_observer,168.0,-0.7867176967783021,2.9857142857142858,0.0,-1.8388453066808017,0.016828527622004902
0.02,slow_observer,168.0,-0.7867176967783021,3.1142857142857148,0.0,-1.9332640644940238,0.01677293378215263
0.02,slow_observer,168.0,-0.7867176967783021,3.242857142857143,0.0,-2.0277315029322254,0.016769477503055946
0.02,slow_observer,168.0,-0.7867176967783021,3.371428571428572,0.0,-2.1222190800963956,0.016760072226582292
0.02,slow_observer,168.0,-0.7867176967783021,3.5,0.0,-2.2167115667150976,0.016749012110533406
0.02,slow_observer,176.0,-0.42368734981869244,0.8,0.16666666666666666,-0.42368734981869244,0.0
0.02,slow_observer,176.0,-0.42368734981869244,0.9285714285714286,0.0,-0.42368734981869244,0.0
0.02,slow_observer,176.0,-0.42368734981869244,1.0571428571428572,0.0,-0.42368734981869244,0.0
0.02,slow_observer,176.0,-0.42368734981869244,1.185714285714286,0.0,-0.42368734981869244,0.0
0.02,slow_observer,176.0,-0.42368734981869244,1.3142857142857145,0.0,-0.4841851316464814,0.007898106104991432
0.02,slow_observer,176.0,-0.42368734981869244,1.442857142857143,0.0,-0.5783894448114879,0.007658652850157776
0.02,slow_observer,176.0,-0.42368734981869244,1.5714285714285716,0.0,-0.6726064678317729,0.0074364975271746835
0.02,slow_observer,176.0,-0.42368734981869244,1.7000000000000002,0.0,-0.7668672289528925,0.007253158991823975
0.02,slow_observer,176.0,-0.42368734981869244,1.8285714285714287,0.0,-0.8612336111819002,0.00708570389267178
0.02,slow_observer,176.0,-0.42368734981869244,1.9571428571428573,0.0,-0.9556048701337926,0.006934159885738984
0.02,slow_observer,176.0,-0.42368734981869244,2.085714285714286,0.0,-1.0500061574949349,0.006806699464624532
0.02,slow_observer,176.0,-0.42368734981869244,2.2142857142857144,0.0,-1.1444517048729284,0.006701456248311968
0.02,slow_observer,176.0,-0.42368734981869244,2.3428571428571434,0.0,-1.2389438869577203,0.006614552665937526
0.02,slow_observer,176.0,-0.42368734981869244,2.4714285714285715,0.0,-1.3334634017661158,0.0065465931549986206
0.02,slow_observer,176.0,-0.42368734981869244,2.6000000000000005,0.0,-1.4280331950936802,0.00652030302685238
0.02,slow_observer,176.0,-0.42368734981869244,2.7285714285714286,0.0,-1.522602988421245,0.006495171975700425
0.02,slow_observer,176.0,-0.42368734981869244,2.8571428571428577,0.0,-1.6171727817488082,0.0064712135054342665
0.02,slow_observer,176.0,-0.42368734981869244,2.9857142857142858,0.0,-1.7117425750763724,0.006448440685851324
0.02,slow_observer,176.0,-0.42368734981869244,3.1142857142857148,0.0,-1.8063174890784968,0.006431424884099324
0.02,slow_observer,176.0,-0.42368734981869244,3.242857142857143,0.0,-1.9008939509111162,0.006417010217107967
0.02,slow_observer,176.0,-0.42368734981869244,3.371428571428572,0.0,-1.9954704127437368,0.006403828907048773
0.02,slow_observer,176.0,-0.42368734981869244,3.5,0.0,-2.0900636278374023,0.006401632974952389
0.02,slow_observer,184.0,-1.2155127722405288,0.8,0.0,-1.2155127722405288,0.0
0.02,slow_observer,184.0,-1.2155127722405288,0.9285714285714286,0.0,-1.2155127722405288,0.0
0.02,slow_observer,184.0,-1.2155127722405288,1.0571428571428572,0.0,-1.2155127722405288,0.0
0.02,slow_observer,184.0,-1.2155127722405288,1.185714285714286,0.0,-1.2155127722405288,0.0
0.02,slow_observer,184.0,-1.2155127722405288,1.3142857142857145,0.0,-1.2155127722405288,0.0
0.02,slow_observer,184.0,-1.2155127722405288,1.442857142857143,0.0,-1.2155127722405288,0.0
0.02,slow_observer,184.0,-1.2155127722405288,1.5714285714285716,0.0,-1.2155127722405288,0.0
0.02,slow_observer,184.0,-1.2155127722405288,1.7000000000000002,0.0,-1.2155127722405288,0.0
0.02,slow_observer,184.0,-1.2155127722405288,1.8285714285714287,0.0,-1.2155127722405288,0.0
0.02,slow_observer,184.0,-1.2155127722405288,1.9571428571428573,0.0,-1.246680239922722,0.0047293820733719585
0.02,slow_observer,184.0,-1.2155127722405288,2.085714285714286,0.0,-1.3404499009802375,0.004885407640251278
0.02,slow_observer,184.0,-1.2155127722405288,2.2142857142857144,0.0,-1.434326764425978,0.0050556258462591
0.02,slow_observer,184.0,-1.2155127722405288,2.3428571428571434,0.0,-1.5283043767859679,0.005218551182034495
0.02,slow_observer,184.0,-1.2155127722405288,2.4714285714285715,0.0,-1.6224473711681755,0.005401353288011603
0.02,slow_observer,184.0,-1.2155127722405288,2.6000000000000005,0.0,-1.7166815663307495,0.00553521152381406
0.02,slow_observer,184.0,-1.2155127722405288,2.7285714285714286,0.0,-1.8110289884129462,0.005675163346055454
0.02,slow_observer,184.0,-1.2155127722405288,2.8571428571428577,0.0,-1.905390978609362,0.005818504947167568
0.02,slow_observer,184.0,-1.2155127722405288,2.9857142857142858,0.0,-1.99976145902127,0.0059760104348395935
0.02,slow_observer,184.0,-1.2155127722405288,3.1142857142857148,0.0,-2.0941540256802473,0.006124464114024901
0.02,slow_observer,184.0,-1.2155127722405288,3.242857142857143,0.0,-2.1885830059421427,0.006255401592773465
0.02,slow_observer,184.0,-1.2155127722405288,3.371428571428572,0.0,-2.283011986204038,0.006388061519913289
0.02,slow_observer,184.0,-1.2155127722405288,3.5,0.0,-2.377452255648287,0.0065351633842019715
0.02,slow_observer,192.0,-1.751163263841916,0.8,0.0,-1.7511632638419157,2.220446049250313e-16
0.02,slow_observer,192.0,-1.751163263841916,0.9285714285714286,0.0,-1.7511632638419157,2.220446049250313e-16
0.02,slow_observer,192.0,-1.751163263841916,1.0571428571428572,0.0,-1.7511632638419157,2.220446049250313e-16
0.02,slow_observer,192.0,-1.751163263841916,1.185714285714286,0.0,-1.7511632638419157,2.220446049250313e-16
0.02,slow_observer,192.0,-1.751163263841916,1.3142857142857145,0.0,-1.7511632638419157,2.220446049250313e-16
0.02,slow_observer,192.0,-1.751163263841916,1.442857142857143,0.0,-1.7511632638419157,2.220446049250313e-16
0.02,slow_observer,192.0,-1.751163263841916,1.5714285714285716,0.0,-1.7511632638419157,2.220446049250313e-16
0.02,slow_observer,192.0,-1.751163263841916,1.7000000000000002,0.0,-1.7511632638419157,2.220446049250313e-16
0.02,slow_observer,192.0,-1.751163263841916,1.8285714285714287,0.0,-1.7511632638419157,2.220446049250313e-16
0.02,slow_observer,192.0,-1.751163263841916,1.9571428571428573,0.0,-1.7511632638419157,2.220446049250313e-16
0.02,slow_observer,192.0,-1.751163263841916,2.085714285714286,0.0,-1.7511632638419157,2.220446049250313e-16
0.02,slow_observer,192.0,-1.751163263841916,2.2142857142857144,0.0,-1.7511632638419157,2.220446049250313e-16
0.02,slow_observer,192.0,-1.751163263841916,2.3428571428571434,0.0,-1.7511632638419157,2.220446049250313e-16
0.02,slow_observer,192.0,-1.751163263841916,2.4714285714285715,0.0,-1.8163793232276246,0.014756410140560082
0.02,slow_observer,192.0,-1.751163263841916,2.6000000000000005,0.0,-1.9097869172188826,0.014897794940452897
0.02,slow_observer,192.0,-1.751163263841916,2.7285714285714286,0.0,-2.0034067094587873,0.014919581260425715
0.02,slow_observer,192.0,-1.751163263841916,2.8571428571428577,0.0,-2.097366012561768,0.01486342343012504
0.02,slow_observer,192.0,-1.751163263841916,2.9857142857142858,0.0,-2.1914250113336013,0.014837377157289885
0.02,slow_observer,192.0,-1.751163263841916,3.1142857142857148,0.0,-2.2855133820253717,0.014773357840444592
0.02,slow_observer,192.0,-1.751163263841916,3.242857142857143,0.0,-2.379641303034592,0.014648501356069448
0.02,slow_observer,192.0,-1.751163263841916,3.371428571428572,0.0,-2.473769224043814,0.014524244961178552
0.02,slow_observer,192.0,-1.751163263841916,3.5,0.0,-2.5679101635165082,0.014420840085837872
0.02,slow_observer,200.0,-1.1550531933130752,0.8,0.0,-1.1550531933130752,0.0
0.02,slow_observer,200.0,-1.1550531933130752,0.9285714285714286,0.0,-1.1550531933130752,0.0
0.02,slow_observer,200.0,-1.1550531933130752,1.0571428571428572,0.0,-1.1550531933130752,0.0
0.02,slow_observer,200.0,-1.1550531933130752,1.185714285714286,0.0,-1.1550531933130752,0.0
0.02,slow_observer,200.0,-1.1550531933130752,1.3142857142857145,0.0,-1.1550531933130752,0.0
0.02,slow_observer,200.0,-1.1550531933130752,1.442857142857143,0.0,-1.1550531933130752,0.0
0.02,slow_observer,200.0,-1.1550531933130752,1.5714285714285716,0.0,-1.1550531933130752,0.0
0.02,slow_observer,200.0,-1.1550531933130752,1.7000000000000002,0.0,-1.1550531933130752,0.0
0.02,slow_observer,200.0,-1.1550531933130752,1.8285714285714287,0.0,-1.1566207045546488,0.0035050616916536157
0.02,slow_observer,200.0,-1.1550531933130752,1.9571428571428573,0.0,-1.2267550670691285,0.017095936847070344
0.02,slow_observer,200.0,-1.1550531933130752,2.085714285714286,0.0,-1.320699439895497,0.016985215157756098
0.02,slow_observer,200.0,-1.1550531933130752,2.2142857142857144,0.0,-1.4148176579215177,0.016778601610605914
0.02,slow_observer,200.0,-1.1550531933130752,2.3428571428571434,0.0,-1.508951170159281,0.016555048972308483
0.02,slow_observer,200.0,-1.1550531933130752,2.4714285714285715,0.0,-1.6030919680503928,0.016345545018534798
0.02,slow_observer,200.0,-1.1550531933130752,2.6000000000000005,0.0,-1.6972662099057398,0.016198154009044004
0.02,slow_observer,200.0,-1.1550531933130752,2.7285714285714286,0.0,-1.7914404517610867,0.016051612439091218
0.02,slow_observer,200.0,-1.1550531933130752,2.8571428571428577,0.0,-1.8856294738552968,0.015891132148715337
0.02,slow_observer,200.0,-1.1550531933130752,2.9857142857142858,0.0,-1.9798271633019768,0.01572352482716701
0.02,slow_observer,200.0,-1.1550531933130752,3.1142857142857148,0.0,-2.0740248527486584,0.015557677720956484
0.02,slow_observer,200.0,-1.1550531933130752,3.242857142857143,0.0,-2.168232816490899,0.015380963879917433
0.02,slow_observer,200.0,-1.1550531933130752,3.371428571428572,0.0,-2.2624821046397394,0.015226844835017057
0.02,slow_observer,200.0,-1.1550531933130752,3.5,0.0,-2.3568603973322775,0.015154406579271699
0.02,slow_observer,208.0,-0.6581883745119012,0.8,0.0,-0.6581883745119012,0.0
0.02,slow_observer,208.0,-0.6581883745119012,0.9285714285714286,0.0,-0.6581883745119012,0.0
0.02,slow_observer,208.0,-0.6581883745119012,1.0571428571428572,0.0,-0.6581883745119012,0.0
0.02,slow_observer,208.0,-0.6581883745119012,1.185714285714286,0.0,-0.6581883745119012,0.0
0.02,slow_observer,208.0,-0.6581883745119012,1.3142857142857145,0.0,-0.6581883745119012,0.0
0.02,slow_observer,208.0,-0.6581883745119012,1.442857142857143,0.0,-0.671189507206452,0.009795015536050737
0.02,slow_observer,208.0,-0.6581883745119012,1.5714285714285716,0.0,-0.7603820158653088,0.016306479280835035
0.02,slow_observer,208.0,-0.6581883745119012,1.7000000000000002,0.0,-0.8544578161456239,0.016397988660841585
0.02,slow_observer,208.0,-0.6581883745119012,1.8285714285714287,0.0,-0.9486742611419098,0.016538243055156318
0.02,slow_observer,208.0,-0.6581883745119012,1.9571428571428573,0.0,-1.0429308806629731,0.016692003919526407
0.02,slow_observer,208.0,-0.6581883745119012,2.085714285714286,0.0,-1.1372211462253754,0.01686204811523922
0.02,slow_observer,208.0,-0.6581883745119012,2.2142857142857144,0.0,-1.231538113975142,0.016993980848422758
0.02,slow_observer,208.0,-0.6581883745119012,2.3428571428571434,0.0,-1.3258834552516017,0.01708631024314024
0.02,slow_observer,208.0,-0.6581883745119012,2.4714285714285715,0.0,-1.420232749509963,0.01718212580874412
0.02,slow_observer,208.0,-0.6581883745119012,2.6000000000000005,0.0,-1.5145881205792284,0.017281727247032096
0.02,slow_observer,208.0,-0.6581883745119012,2.7285714285714286,0.0,-1.6089434916484944,0.017383804751091397
0.02,slow_observer,208.0,-0.6581883745119012,2.8571428571428577,0.0,-1.7032988627177608,0.017488314963348555
0.02,slow_observer,208.0,-0.6581883745119012,2.9857142857142858,0.0,-1.7976612840680728,0.017597276837740677
0.02,slow_observer,208.0,-0.6581883745119012,3.1142857142857148,0.0,-1.8920751549873247,0.01772311714266534
0.02,slow_observer,208.0,-0.6581883745119012,3.242857142857143,0.0,-1.9864945160881025,0.017851272251885143
0.02,slow_observer,208.0,-0.6581883745119012,3.371428571428572,0.0,-2.0809212546453377,0.017982359893579384
0.02,slow_observer,208.0,-0.6581883745119012,3.5,0.0,-2.175361433646561,0.018115614278348124
0.02,slow_observer,216.0,-0.8480236602913911,0.8,0.5,-0.848023660291391,1.1102230246251565e-16
0.02,slow_observer,216.0,-0.8480236602913911,0.9285714285714286,0.16666666666666666,-0.848023660291391,1.1102230246251565e-16
0.02,slow_observer,216.0,-0.8480236602913911,1.0571428571428572,0.0,-0.848023660291391,1.1102230246251565e-16
0.02,slow_observer,216.0,-0.8480236602913911,1.185714285714286,0.0,-0.848023660291391,1.1102230246251565e-16
0.02,slow_observer,216.0,-0.8480236602913911,1.3142857142857145,0.0,-0.848023660291391,1.1102230246251565e-16
0.02,slow_observer,216.0,-0.8480236602913911,1.442857142857143,0.0,-0.848023660291391,1.1102230246251565e-16
0.02,slow_observer,216.0,-0.8480236602913911,1.5714285714285716,0.0,-0.848023660291391,1.1102230246251565e-16
0.02,slow_observer,216.0,-0.8480236602913911,1.7000000000000002,0.0,-0.9164087643262943,0.0076669174510137425
0.02,slow_observer,216.0,-0.8480236602913911,1.8285714285714287,0.0,-1.0097459619188953,0.007475115743505901
0.02,slow_observer,216.0,-0.8480236602913911,1.9571428571428573,0.0,-1.1032850810344204,0.007369016825986485
0.02,slow_observer,216.0,-0.8480236602913911,2.085714285714286,0.0,-1.1969386520871879,0.007461787409061286
0.02,slow_observer,216.0,-0.8480236602913911,2.2142857142857144,0.0,-1.2906266408631624,0.0076213695099788935
0.02,slow_observer,216.0,-0.8480236602913911,2.3428571428571434,0.0,-1.3847269771248232,0.007886627319565596
0.02,slow_observer,216.0,-0.8480236602913911,2.4714285714285715,0.0,-1.4790383026178322,0.00795951971062773
0.02,slow_observer,216.0,-0.8480236602913911,2.6000000000000005,0.0,-1.573349628110843,0.008039793022798777
0.02,slow_observer,216.0,-0.8480236602913911,2.7285714285714286,0.0,-1.6676609536038522,0.00812722855310483
0.02,slow_observer,216.0,-0.8480236602913911,2.8571428571428577,0.0,-1.761972279096863,0.008221597797189626
0.02,slow_observer,216.0,-0.8480236602913911,2.9857142857142858,0.0,-1.8563621466734512,0.008314799891599455
0.02,slow_observer,216.0,-0.8480236602913911,3.1142857142857148,0.0,-1.9507620689290681,0.008418890031379543
0.02,slow_observer,216.0,-0.8480236602913911,3.242857142857143,0.0,-2.045218009586809,0.0085236981990913
0.02,slow_observer,216.0,-0.8480236602913911,3.371428571428572,0.0,-2.139681338928189,0.008636772864006317
0.02,slow_observer,216.0,-0.8480236602913911,3.5,0.0,-2.23415403272916,0.008765161302847515
0.02,slow_observer,224.0,-2.0431543941583787,0.8,0.0,-2.0431543941583787,0.0
0.02,slow_observer,224.0,-2.0431543941583787,0.9285714285714286,0.0,-2.0431543941583787,0.0
0.02,slow_observer,224.0,-2.0431543941583787,1.0571428571428572,0.0,-2.0431543941583787,0.0
0.02,slow_observer,224.0,-2.0431543941583787,1.185714285714286,0.0,-2.0431543941583787,0.0
0.02,slow_observer,224.0,-2.0431543941583787,1.3142857142857145,0.0,-2.0431543941583787,0.0
0.02,slow_observer,224.0,-2.0431543941583787,1.442857142857143,0.0,-2.0431543941583787,0.0
0.02,slow_observer,224.0,-2.0431543941583787,1.5714285714285716,0.0,-2.0431543941583787,0.0
0.02,slow_observer,224.0,-2.0431543941583787,1.7000000000000002,0.0,-2.0431543941583787,0.0
0.02,slow_observer,224.0,-2.0431543941583787,1.8285714285714287,0.0,-2.0431543941583787,0.0
0.02,slow_observer,224.0,-2.0431543941583787,1.9571428571428573,0.0,-2.0431543941583787,0.0
0.02,slow_observer,224.0,-2.0431543941583787,2.085714285714286,0.0,-2.0431543941583787,0.0
0.02,slow_observer,224.0,-2.0431543941583787,2.2142857142857144,0.0,-2.0431543941583787,0.0
0.02,slow_observer,224.0,-2.0431543941583787,2.3428571428571434,0.0,-2.0431543941583787,0.0
0.02,slow_observer,224.0,-2.0431543941583787,2.4714285714285715,0.0,-2.0431543941583787,0.0
0.02,slow_observer,224.0,-2.0431543941583787,2.6000000000000005,0.0,-2.0431543941583787,0.0
0.02,slow_observer,224.0,-2.0431543941583787,2.7285714285714286,0.0,-2.1154630781249506,0.018692312622969713
0.02,slow_observer,224.0,-2.0431543941583787,2.8571428571428577,0.0,-2.2091571466934115,0.01856237020324253
0.02,slow_observer,224.0,-2.0431543941583787,2.9857142857142858,0.0,-2.3031085757773644,0.01845143150582649
0.02,slow_observer,224.0,-2.0431543941583787,3.1142857142857148,0.0,-2.3971020658763975,0.018337012310086394
0.02,slow_observer,224.0,-2.0431543941583787,3.242857142857143,0.0,-2.491171577930545,0.018300516697496935
0.02,slow_observer,224.0,-2.0431543941583787,3.371428571428572,0.0,-2.5853526355337415,0.018138337687040196
0.02,slow_observer,224.0,-2.0431543941583787,3.5,0.0,-2.679534747158583,0.017976882133033386
0.02,slow_observer,232.0,-1.5733198527207577,0.8,0.0,-1.5733198527207577,0.0
0.02,slow_observer,232.0,-1.5733198527207577,0.9285714285714286,0.0,-1.5733198527207577,0.0
0.02,slow_observer,232.0,-1.5733198527207577,1.0571428571428572,0.0,-1.5733198527207577,0.0
0.02,slow_observer,232.0,-1.5733198527207577,1.185714285714286,0.0,-1.5733198527207577,0.0
0.02,slow_observer,232.0,-1.5733198527207577,1.3142857142857145,0.0,-1.5733198527207577,0.0
0.02,slow_observer,232.0,-1.5733198527207577,1.442857142857143,0.0,-1.5733198527207577,0.0
0.02,slow_observer,232.0,-1.5733198527207577,1.5714285714285716,0.0,-1.5733198527207577,0.0
0.02,slow_observer,232.0,-1.5733198527207577,1.7000000000000002,0.0,-1.5733198527207577,0.0
0.02,slow_observer,232.0,-1.5733198527207577,1.8285714285714287,0.0,-1.5733198527207577,0.0
0.02,slow_observer,232.0,-1.5733198527207577,1.9571428571428573,0.0,-1.5733198527207577,0.0
0.02,slow_observer,232.0,-1.5733198527207577,2.085714285714286,0.0,-1.5733198527207577,0.0
0.02,slow_observer,232.0,-1.5733198527207577,2.2142857142857144,0.0,-1.5746247928220403,0.0029179347730335357
0.02,slow_observer,232.0,-1.5733198527207577,2.3428571428571434,0.0,-1.6614942179470458,0.008512570231744529
0.02,slow_observer,232.0,-1.5733198527207577,2.4714285714285715,0.0,-1.7555378632598186,0.008393375769575396
0.02,slow_observer,232.0,-1.5733198527207577,2.6000000000000005,0.0,-1.8497031122237955,0.008382678698463956
0.02,slow_observer,232.0,-1.5733198527207577,2.7285714285714286,0.0,-1.9439496437448953,0.008503541597149925
0.02,slow_observer,232.0,-1.5733198527207577,2.8571428571428577,0.0,-2.0382150401532937,0.008645175015742313
0.02,slow_observer,232.0,-1.5733198527207577,2.9857142857142858,0.0,-2.1324959464678828,0.008801079557385783
0.02,slow_observer,232.0,-1.5733198527207577,3.1142857142857148,0.0,-2.2267899415417047,0.00895559525471862
0.02,slow_observer,232.0,-1.5733198527207577,3.242857142857143,0.0,-2.321176253883789,0.00903234394679352
0.02,slow_observer,232.0,-1.5733198527207577,3.371428571428572,0.0,-2.415562566225874,0.009110065475170053
0.02,slow_observer,232.0,-1.5733198527207577,3.5,0.0,-2.509955107247965,0.009179665627767737
0.02,slow_observer,240.0,-0.9718522149941262,0.8,0.3333333333333333,-0.9718522149941261,1.1102230246251565e-16
0.02,slow_observer,240.0,-0.9718522149941262,0.9285714285714286,0.0,-0.9718522149941261,1.1102230246251565e-16
0.02,slow_observer,240.0,-0.9718522149941262,1.0571428571428572,0.0,-0.9718522149941261,1.1102230246251565e-16
0.02,slow_observer,240.0,-0.9718522149941262,1.185714285714286,0.0,-0.9718522149941261,1.1102230246251565e-16
0.02,slow_observer,240.0,-0.9718522149941262,1.3142857142857145,0.0,-0.9718522149941261,1.1102230246251565e-16
0.02,slow_observer,240.0,-0.9718522149941262,1.442857142857143,0.0,-0.9718522149941261,1.1102230246251565e-16
0.02,slow_observer,240.0,-0.9718522149941262,1.5714285714285716,0.0,-0.9718522149941261,1.1102230246251565e-16
0.02,slow_observer,240.0,-0.9718522149941262,1.7000000000000002,0.0,-0.9746914438808867,0.002512897357905966
0.02,slow_observer,240.0,-0.9718522149941262,1.8285714285714287,0.0,-1.0623263249880932,0.010816877290081593
0.02,slow_observer,240.0,-0.9718522149941262,1.9571428571428573,0.0,-1.1560180939647657,0.01100501096966291
0.02,slow_observer,240.0,-0.9718522149941262,2.085714285714286,0.0,-1.2498068435015366,0.011270953028528725
0.02,slow_observer,240.0,-0.9718522149941262,2.2142857142857144,0.0,-1.3439765343098136,0.011300529970425006
0.02,slow_observer,240.0,-0.9718522149941262,2.3428571428571434,0.0,-1.4382634443733917,0.011229012139603457
0.02,slow_observer,240.0,-0.9718522149941262,2.4714285714285715,0.0,-1.5325617882344702,0.011144050351296382
0.02,slow_observer,240.0,-0.9718522149941262,2.6000000000000005,0.0,-1.62686013209555,0.011062656003724263
0.02,slow_observer,240.0,-0.9718522149941262,2.7285714285714286,0.0,-1.721176557524622,0.010997550723911832
0.02,slow_observer,240.0,-0.9718522149941262,2.8571428571428577,0.0,-1.8155572266090045,0.010936426947473063
0.02,slow_observer,240.0,-0.9718522149941262,2.9857142857142858,0.0,-1.9099619777144872,0.010856190642274456
0.02,slow_observer,240.0,-0.9718522149941262,3.1142857142857148,0.0,-2.004388344392506,0.010783931003474185
0.02,slow_observer,240.0,-0.9718522149941262,3.242857142857143,0.0,-2.0988249253647537,0.010716794267143672
0.02,slow_observer,240.0,-0.9718522149941262,3.371428571428572,0.0,-2.1932636314418765,0.010653256347287194
0.02,slow_observer,240.0,-0.9718522149941262,3.5,0.0,-2.287718557091024,0.0105952875368373
0.02,slow_observer,248.0,-0.5099617057766452,0.8,0.0,-0.5099617057766452,0.0
0.02,slow_observer,248.0,-0.5099617057766452,0.9285714285714286,0.0,-0.5099617057766452,0.0
0.02,slow_observer,248.0,-0.5099617057766452,1.0571428571428572,0.0,-0.5099617057766452,0.0
0.02,slow_observer,248.0,-0.5099617057766452,1.185714285714286,0.0,-0.5099617057766452,0.0
0.02,slow_observer,248.0,-0.5099617057766452,1.3142857142857145,0.0,-0.5239104128926365,0.013917179626148513
0.02,slow_observer,248.0,-0.5099617057766452,1.442857142857143,0.0,-0.6150469993995268,0.016746277181296208
0.02,slow_observer,248.0,-0.5099617057766452,1.5714285714285716,0.0,-0.7089800057395865,0.016611514931486746
0.02,slow_observer,248.0,-0.5099617057766452,1.7000000000000002,0.0,-0.8029130120796463,0.0164889359457386
0.02,slow_observer,248.0,-0.5099617057766452,1.8285714285714287,0.0,-0.8968695947335407,0.016378539960389918
0.02,slow_observer,248.0,-0.5099617057766452,1.9571428571428573,0.0,-0.9909478444303836,0.016272416374562292
0.02,slow_observer,248.0,-0.5099617057766452,2.085714285714286,0.0,-1.0851069050814035,0.01615952493245118
0.02,slow_observer,248.0,-0.5099617057766452,2.2142857142857144,0.0,-1.1792764331106314,0.01604808565970624
0.02,slow_observer,248.0,-0.5099617057766452,2.3428571428571434,0.0,-1.2734479321272858,0.015941577402084826
0.02,slow_observer,248.0,-0.5099617057766452,2.4714285714285715,0.0,-1.3677491402229123,0.01585149467055433
0.02,slow_observer,248.0,-0.5099617057766452,2.6000000000000005,0.0,-1.4621216808338335,0.015766866625731124
0.02,slow_observer,248.0,-0.5099617057766452,2.7285714285714286,0.0,-1.55658784241244,0.01568946470521113
0.02,slow_observer,248.0,-0.5099617057766452,2.8571428571428577,0.0,-1.651100875802526,0.015584877674707641
0.02,slow_observer,248.0,-0.5099617057766452,2.9857142857142858,0.0,-1.7456358060779438,0.015500924718849231
0.02,slow_observer,248.0,-0.5099617057766452,3.1142857142857148,0.0,-1.8401873874855756,0.01545047281573491
0.02,slow_observer,248.0,-0.5099617057766452,3.242857142857143,0.0,-1.9347677923851059,0.015456600596637511
0.02,slow_observer,248.0,-0.5099617057766452,3.371428571428572,0.0,-2.029410939415476,0.015557240334685784
0.02,slow_observer,248.0,-0.5099617057766452,3.5,0.0,-2.1240812309830037,0.01565808215703677
0.02,slow_observer,256.0,-0.1562651980080868,0.8,0.6666666666666666,-0.1562651980080868,0.0
0.02,slow_observer,256.0,-0.1562651980080868,0.9285714285714286,0.3333333333333333,-0.1562651980080868,0.0
0.02,slow_observer,256.0,-0.1562651980080868,1.0571428571428572,0.16666666666666666,-0.18860784255292462,0.01087090986076564
0.02,slow_observer,256.0,-0.1562651980080868,1.185714285714286,0.0,-0.2824968297473665,0.010906942426156523
0.02,slow_observer,256.0,-0.1562651980080868,1.3142857142857145,0.0,-0.3764231051642441,0.010950389469468835
0.02,slow_observer,256.0,-0.1562651980080868,1.442857142857143,0.0,-0.4704587895468637,0.011039242595201068
0.02,slow_observer,256.0,-0.1562651980080868,1.5714285714285716,0.0,-0.5646296292965367,0.011175887155357212
0.02,slow_observer,256.0,-0.1562651980080868,1.7000000000000002,0.0,-0.6589400111494166,0.011109759132748594
0.02,slow_observer,256.0,-0.1562651980080868,1.8285714285714287,0.0,-0.7534544478512206,0.010969956189621013
0.02,slow_observer,256.0,-0.1562651980080868,1.9571428571428573,0.0,-0.8480380127768399,0.010891124936594554
0.02,slow_observer,256.0,-0.1562651980080868,2.085714285714286,0.0,-0.9426541765222595,0.010817232521821523
0.02,slow_observer,256.0,-0.1562651980080868,2.2142857142857144,0.0,-1.037270340267679,0.010743805407148824
0.02,slow_observer,256.0,-0.1562651980080868,2.3428571428571434,0.0,-1.1318948061194924,0.0106720999332528
0.02,slow_observer,256.0,-0.1562651980080868,2.4714285714285715,0.0,-1.226536139816505,0.010570793340572308
0.02,slow_observer,256.0,-0.1562651980080868,2.6000000000000005,0.0,-1.321179980440705,0.010465094780080864
0.02,slow_observer,256.0,-0.1562651980080868,2.7285714285714286,0.0,-1.4158238210649046,0.010359904172097222
0.02,slow_observer,256.0,-0.1562651980080868,2.8571428571428577,0.0,-1.5104676616891053,0.01025523714723275
0.02,slow_observer,256.0,-0.1562651980080868,2.9857142857142858,0.0,-1.6051115023133047,0.010151109901329608
0.02,slow_observer,256.0,-0.1562651980080868,3.1142857142857148,0.0,-1.699755342937504,0.010047539216333464
0.02,slow_observer,256.0,-0.1562651980080868,3.242857142857143,0.0,-1.7944026343096955,0.009947767947647398
0.02,slow_observer,256.0,-0.1562651980080868,3.371428571428572,0.0,-1.8890932308781425,0.009888828511097654
0.02,slow_observer,256.0,-0.1562651980080868,3.5,0.0,-1.9837838274465895,0.00983004504583293
0.02,slow_observer,264.0,0.11458071882924183,0.8,0.8333333333333334,0.09327810596269315,0.01069817904358648
0.02,slow_observer,264.0,0.11458071882924183,0.9285714285714286,0.5,0.0010812654786396497,0.011799254106020361
0.02,slow_observer,264.0,0.11458071882924183,1.0571428571428572,0.3333333333333333,-0.09231503658568423,0.011590579366970834
0.02,slow_observer,264.0,0.11458071882924183,1.185714285714286,0.0,-0.18605285810521174,0.01159940271715983
0.02,slow_observer,264.0,0.11458071882924183,1.3142857142857145,0.0,-0.27988228340641746,0.01165122404386795
0.02,slow_observer,264.0,0.11458071882924183,1.442857142857143,0.0,-0.37391754928639026,0.011696575217433124
0.02,slow_observer,264.0,0.11458071882924183,1.5714285714285716,0.0,-0.46820622253898786,0.011803931129128566
0.02,slow_observer,264.0,0.11458071882924183,1.7000000000000002,0.0,-0.5625741193350209,0.011798064211998135
0.02,slow_observer,264.0,0.11458071882924183,1.8285714285714287,0.0,-0.6570045910949492,0.011795439823795446
0.02,slow_observer,264.0,0.11458071882924183,1.9571428571428573,0.0,-0.7514860332510988,0.011811926618651271
0.02,slow_observer,264.0,0.11458071882924183,2.085714285714286,0.0,-0.8459776464522929,0.011840776562422748
0.02,slow_observer,264.0,0.11458071882924183,2.2142857142857144,0.0,-0.9404868672484081,0.011886238553721604
0.02,slow_observer,264.0,0.11458071882924183,2.3428571428571434,0.0,-1.0350812029086984,0.011895258225458515
0.02,slow_observer,264.0,0.11458071882924183,2.4714285714285715,0.0,-1.1297390357021853,0.011886703437716235
0.02,slow_observer,264.0,0.11458071882924183,2.6000000000000005,0.0,-1.2244561542538068,0.011886389893468158
0.02,slow_observer,264.0,0.11458071882924183,2.7285714285714286,0.0,-1.3191732728054277,0.011886715306132434
0.02,slow_observer,264.0,0.11458071882924183,2.8571428571428577,0.0,-1.4138923751748598,0.011884007215381992
0.02,slow_observer,264.0,0.11458071882924183,2.9857142857142858,0.0,-1.5086236273685227,0.01185949195797719
0.02,slow_observer,264.0,0.11458071882924183,3.1142857142857148,0.0,-1.6033593602950578,0.011836596684441177
0.02,slow_observer,264.0,0.11458071882924183,3.242857142857143,0.0,-1.698102330755286,0.011815723467237062
0.02,slow_observer,264.0,0.11458071882924183,3.371428571428572,0.0,-1.7928643877980417,0.01180527889499677
0.02,slow_observer,264.0,0.11458071882924183,3.5,0.0,-1.8876381332476255,0.011801783576204114
0.02,slow_observer,272.0,0.3219831360318611,0.8,0.6666666666666666,0.1570958209268695,0.019432563016471862
0.02,slow_observer,272.0,0.3219831360318611,0.9285714285714286,0.5,0.06293581520048609,0.01968809007367003
0.02,slow_observer,272.0,0.3219831360318611,1.0571428571428572,0.5,-0.03124927000301671,0.01993922507734163
0.02,slow_observer,272.0,0.3219831360318611,1.185714285714286,0.3333333333333333,-0.1255578703442597,0.02003126156633163
0.02,slow_observer,272.0,0.3219831360318611,1.3142857142857145,0.0,-0.2198715091983965,0.020121054093049144
0.02,slow_observer,272.0,0.3219831360318611,1.442857142857143,0.0,-0.31419647509345416,0.020216386076797085
0.02,slow_observer,272.0,0.3219831360318611,1.5714285714285716,0.0,-0.40858261501914184,0.020320847697065998
0.02,slow_observer,272.0,0.3219831360318611,1.7000000000000002,0.0,-0.5029716381736639,0.020423414234942677
0.02,slow_observer,272.0,0.3219831360318611,1.8285714285714287,0.0,-0.5975232128204311,0.02045771070038322
0.02,slow_observer,272.0,0.3219831360318611,1.9571428571428573,0.0,-0.6921521099848787,0.020449913629991594
0.02,slow_observer,272.0,0.3219831360318611,2.085714285714286,0.0,-0.7867810071493267,0.020443450805298097
0.02,slow_observer,272.0,0.3219831360318611,2.2142857142857144,0.0,-0.8814677322790875,0.02043931234163818
0.02,slow_observer,272.0,0.3219831360318611,2.3428571428571434,0.0,-0.9761554418280586,0.020436087400348538
0.02,slow_observer,272.0,0.3219831360318611,2.4714285714285715,0.0,-1.070843151377029,0.020433755861150524
0.02,slow_observer,272.0,0.3219831360318611,2.6000000000000005,0.0,-1.165530860926,0.020432318029883212
0.02,slow_observer,272.0,0.3219831360318611,2.7285714285714286,0.0,-1.2602185704749698,0.020431774095224075
0.02,slow_observer,272.0,0.3219831360318611,2.8571428571428577,0.0,-1.3549062800239413,0.02043212412856446
0.02,slow_observer,272.0,0.3219831360318611,2.9857142857142858,0.0,-1.4496058024110194,0.02043291218279017
0.02,slow_observer,272.0,0.3219831360318611,3.1142857142857148,0.0,-1.5443096049319784,0.020434097426705905
0.02,slow_observer,272.0,0.3219831360318611,3.242857142857143,0.0,-1.6390134074529386,0.020435794118517776
0.02,slow_observer,272.0,0.3219831360318611,3.371428571428572,0.0,-1.7337290457540273,0.02045750517921555
0.02,slow_observer,272.0,0.3219831360318611,3.5,0.0,-1.8284555302480172,0.020479267551428107
0.02,slow_observer,280.0,0.4808031882733162,0.8,1.0,0.21587203784576217,0.009612155331837208
0.02,slow_observer,280.0,0.4808031882733162,0.9285714285714286,0.5,0.12160993309550965,0.009477667785777959
0.02,slow_observer,280.0,0.4808031882733162,1.0571428571428572,0.5,0.027311206809078076,0.009395892012432508
0.02,slow_observer,280.0,0.4808031882733162,1.185714285714286,0.5,-0.06707484543489178,0.009306235673685274
0.02,slow_observer,280.0,0.4808031882733162,1.3142857142857145,0.16666666666666666,-0.16149617244748357,0.009237254949234356
0.02,slow_observer,280.0,0.4808031882733162,1.442857142857143,0.16666666666666666,-0.25591749946007575,0.009192688713771706
0.02,slow_observer,280.0,0.4808031882733162,1.5714285714285716,0.0,-0.3503574511947644,0.009188900824804004
0.02,slow_observer,280.0,0.4808031882733162,1.7000000000000002,0.0,-0.44488938712019954,0.009284802512998349
0.02,slow_observer,280.0,0.4808031882733162,1.8285714285714287,0.0,-0.5395030206144056,0.00933405261946758
0.02,slow_observer,280.0,0.4808031882733162,1.9571428571428573,0.0,-0.6342325955774307,0.009292151497976573
0.02,slow_observer,280.0,0.4808031882733162,2.085714285714286,0.0,-0.7289628612240519,0.009249967178976951
0.02,slow_observer,280.0,0.4808031882733162,2.2142857142857144,0.0,-0.8236965536447484,0.009211226040614829
0.02,slow_observer,280.0,0.4808031882733162,2.3428571428571434,0.0,-0.9184341050614778,0.009175927586573976
0.02,slow_observer,280.0,0.4808031882733162,2.4714285714285715,0.0,-1.013184653256394,0.0091511803953778
0.02,slow_observer,280.0,0.4808031882733162,2.6000000000000005,0.0,-1.1079352014513104,0.009126489957997667
0.02,slow_observer,280.0,0.4808031882733162,2.7285714285714286,0.0,-1.2026857496462264,0.00910185673629944
0.02,slow_observer,280.0,0.4808031882733162,2.8571428571428577,0.0,-1.2974371731363898,0.009077086448833049
0.02,slow_observer,280.0,0.4808031882733162,2.9857142857142858,0.0,-1.3921907170365098,0.009051906399547146
0.02,slow_observer,280.0,0.4808031882733162,3.1142857142857148,0.0,-1.4869442609366306,0.009026791003528517
0.02,slow_observer,280.0,0.4808031882733162,3.242857142857143,0.0,-1.5816978048367512,0.009001740801936508
0.02,slow_observer,280.0,0.4808031882733162,3.371428571428572,0.0,-1.6764513487368715,0.008976756340557574
0.02,slow_observer,280.0,0.4808031882733162,3.5,0.0,-1.7712048926369912,0.008951838169832702
0.02,slow_observer,288.0,0.6024209077492486,0.8,1.0,0.2657917746568043,0.018456364048769446
0.02,slow_observer,288.0,0.6024209077492486,0.9285714285714286,0.8333333333333334,0.17119937916766478,0.018401890718651878
0.02,slow_observer,288.0,0.6024209077492486,1.0571428571428572,0.5,0.07660265712846538,0.018343463726001465
0.02,slow_observer,288.0,0.6024209077492486,1.185714285714286,0.3333333333333333,-0.018017402230104618,0.018333286768825997
0.02,slow_observer,288.0,0.6024209077492486,1.3142857142857145,0.16666666666666666,-0.11265983938704166,0.0183695803692274
0.02,slow_observer,288.0,0.6024209077492486,1.442857142857143,0.0,-0.2073022765439788,0.018407212506458947
0.02,slow_observer,288.0,0.6024209077492486,1.5714285714285716,0.0,-0.30194471370091647,0.018446174988254734
0.02,slow_observer,288.0,0.6024209077492486,1.7000000000000002,0.0,-0.39658715085785357,0.018486459403023375
0.02,slow_observer,288.0,0.6024209077492486,1.8285714285714287,0.0,-0.4912719950160352,0.018529013226108004
0.02,slow_observer,288.0,0.6024209077492486,1.9571428571428573,0.0,-0.5859770333411262,0.01856911301804085
0.02,slow_observer,288.0,0.6024209077492486,2.085714285714286,0.0,-0.6806944377604833,0.018607210341071323
0.02,slow_observer,288.0,0.6024209077492486,2.2142857142857144,0.0,-0.7754118421798407,0.018646042954963585
0.02,slow_observer,288.0,0.6024209077492486,2.3428571428571434,0.0,-0.8701705103306875,0.018650979147832206
0.02,slow_observer,288.0,0.6024209077492486,2.4714285714285715,0.0,-0.9649413975334514,0.018645808236955455
0.02,slow_observer,288.0,0.6024209077492486,2.6000000000000005,0.0,-1.0597325649351934,0.018645887741700954
0.02,slow_observer,288.0,0.6024209077492486,2.7285714285714286,0.0,-1.154527600784497,0.018652545614375526
0.02,slow_observer,288.0,0.6024209077492486,2.8571428571428577,0.0,-1.2493226366338013,0.018659249856209564
0.02,slow_observer,288.0,0.6024209077492486,2.9857142857142858,0.0,-1.3441176724831045,0.01866600041723943
0.02,slow_observer,288.0,0.6024209077492486,3.1142857142857148,0.0,-1.4389127083324087,0.018672797247229304
0.02,slow_observer,288.0,0.6024209077492486,3.242857142857143,0.0,-1.5337077441817126,0.018679640295672637
0.02,slow_observer,288.0,0.6024209077492486,3.371428571428572,0.0,-1.6285027800310168,0.018686529511793806
0.02,slow_observer,288.0,0.6024209077492486,3.5,0.0,-1.723300314292687,0.018691959569729476
0.02,slow_observer,296.0,0.6955506447174754,0.8,1.0,0.30009983608686497,0.014774496428583426
0.02,slow_observer,296.0,0.6955506447174754,0.9285714285714286,0.8333333333333334,0.2054957829352587,0.014846843399727751
0.02,slow_observer,296.0,0.6955506447174754,1.0571428571428572,0.6666666666666666,0.11081632930056705,0.014911608861956097
0.02,slow_observer,296.0,0.6955506447174754,1.185714285714286,0.5,0.01608163183334829,0.014958789240457447
0.02,slow_observer,296.0,0.6955506447174754,1.3142857142857145,0.16666666666666666,-0.07865661170814066,0.015003789475292196
0.02,slow_observer,296.0,0.6955506447174754,1.442857142857143,0.0,-0.17339485524962997,0.015048948187808251
0.02,slow_observer,296.0,0.6955506447174754,1.5714285714285716,0.0,-0.26813309879111935,0.01509426395561531
0.02,slow_observer,296.0,0.6955506447174754,1.7000000000000002,0.0,-0.36287134233260826,0.015139735368435412
0.02,slow_observer,296.0,0.6955506447174754,1.8285714285714287,0.0,-0.45760958587409734,0.015185361028065997
0.02,slow_observer,296.0,0.6955506447174754,1.9571428571428573,0.0,-0.5523478294155866,0.015231139548345683
0.02,slow_observer,296.0,0.6955506447174754,2.085714285714286,0.0,-0.6470878595604446,0.015274490521974915
0.02,slow_observer,296.0,0.6955506447174754,2.2142857142857144,0.0,-0.7418411103068401,0.015298975934813
0.02,slow_observer,296.0,0.6955506447174754,2.3428571428571434,0.0,-0.8365943610532357,0.015323733073668678
0.02,slow_observer,296.0,0.6955506447174754,2.4714285714285715,0.0,-0.9313476117996305,0.015348760623682992
0.02,slow_observer,296.0,0.6955506447174754,2.6000000000000005,0.0,-1.026100862546026,0.015374057264242284
0.02,slow_observer,296.0,0.6955506447174754,2.7285714285714286,0.0,-1.1208541132924212,0.015399621669257447
0.02,slow_observer,296.0,0.6955506447174754,2.8571428571428577,0.0,-1.2156073640388165,0.015425452507441541
0.02,slow_observer,296.0,0.6955506447174754,2.9857142857142858,0.0,-1.3103630479186268,0.01545000724589473
0.02,slow_observer,296.0,0.6955506447174754,3.1142857142857148,0.0,-1.405135503641242,0.015464102733797962
0.02,slow_observer,296.0,0.6955506447174754,3.242857142857143,0.0,-1.4999079593638578,0.01547828501361612
0.02,slow_observer,296.0,0.6955506447174754,3.371428571428572,0.0,-1.594680415086474,0.015492553846992788
0.02,slow_observer,296.0,0.6955506447174754,3.5,0.0,-1.689452870809088,0.015506908995000316
0.05,slow_observer,0.0,1.0,0.8,0.8333333333333334,0.3764980637327431,0.031527083563385926
0.05,slow_observer,0.0,1.0,0.9285714285714286,0.8333333333333334,0.2819098834700422,0.03157320525551438
0.05,slow_observer,0.0,1.0,1.0571428571428572,0.8333333333333334,0.18731763465270798,0.03162123695677985
0.05,slow_observer,0.0,1.0,1.185714285714286,0.6666666666666666,0.09267331946111595,0.03164042869538532
0.05,slow_observer,0.0,1.0,1.3142857142857145,0.3333333333333333,-0.001970995730475737,0.031661288659354886
0.05,slow_observer,0.0,1.0,1.442857142857143,0.16666666666666666,-0.09661531092206815,0.031683813553714246
0.05,slow_observer,0.0,1.0,1.5714285714285716,0.16666666666666666,-0.1912596261136601,0.03170799983023718
0.05,slow_observer,0.0,1.0,1.7000000000000002,0.0,-0.2859039413052517,0.031733843690205495
0.05,slow_observer,0.0,1.0,1.8285714285714287,0.0,-0.38054825649684404,0.03176134108734649
0.05,slow_observer,0.0,1.0,1.9571428571428573,0.0,-0.47519257168843576,0.0317904877309455
0.05,slow_observer,0.0,1.0,2.085714285714286,0.0,-0.5698368868800278,0.03182127908913074
0.05,slow_observer,0.0,1.0,2.2142857142857144,0.0,-0.6644812020716196,0.031853710392316104
0.05,slow_observer,0.0,1.0,2.3428571428571434,0.0,-0.7591255172632122,0.031887776636809015
0.05,slow_observer,0.0,1.0,2.4714285714285715,0.0,-0.8537698324548034,0.03192347258856388
0.05,slow_observer,0.0,1.0,2.6000000000000005,0.0,-0.948414147646396,0.03196079278708264
0.05,slow_observer,0.0,1.0,2.7285714285714286,0.0,-1.0430744811515362,0.03201049273704883
0.05,slow_observer,0.0,1.0,2.8571428571428577,0.0,-1.1377444873694633,0.03206822039453463
0.05,slow_observer,0.0,1.0,2.9857142857142858,0.0,-1.2324162854520508,0.03212865579828709
0.05,slow_observer,0.0,1.0,3.1142857142857148,0.0,-1.3270938612497758,0.03219447474624929
0.05,slow_observer,0.0,1.0,3.242857142857143,0.0,-1.4217803988314668,0.032267833374107054
0.05,slow_observer,0.0,1.0,3.371428571428572,0.0,-1.5164669364131578,0.03234269735629287
0.05,slow_observer,0.0,1.0,3.5,0.0,-1.6111534739948479,0.03241905626405113
0.05,slow_observer,8.0,1.0,0.8,1.0,0.39066054787974475,0.047145768645514285
0.05,slow_observer,8.0,1.0,0.9285714285714286,1.0,0.29610153395339256,0.04730311487707388
0.05,slow_observer,8.0,1.0,1.0571428571428572,0.8333333333333334,0.20154252002704073,0.047461792000350694
0.05,slow_observer,8.0,1.0,1.185714285714286,0.8333333333333334,0.10690069247265759,0.04750814607632676
0.05,slow_observer,8.0,1.0,1.3142857142857145,0.6666666666666666,0.012222534832092775,0.04750544493497046
0.05,slow_observer,8.0,1.0,1.442857142857143,0.5,-0.0824556228084725,0.04750345015683716
0.05,slow_observer,8.0,1.0,1.5714285714285716,0.5,-0.17713378044903774,0.04750216183091448
0.05,slow_observer,8.0,1.0,1.7000000000000002,0.3333333333333333,-0.27181502228348525,0.047504760516568656
0.05,slow_observer,8.0,1.0,1.8285714285714287,0.16666666666666666,-0.36649825015296084,0.047510134772364106
0.05,slow_observer,8.0,1.0,1.9571428571428573,0.0,-0.46118147802243686,0.047516241440112975
0.05,slow_observer,8.0,1.0,2.085714285714286,0.0,-0.5558647058919127,0.04752308023747377
0.05,slow_observer,8.0,1.0,2.2142857142857144,0.0,-0.6505488208135036,0.047531371745559596
0.05,slow_observer,8.0,1.0,2.3428571428571434,0.0,-0.7452464541368671,0.04754279484754877
0.05,slow_observer,8.0,1.0,2.4714285714285715,0.0,-0.8399447296143284,0.04755469094858095
0.05,slow_observer,8.0,1.0,2.6000000000000005,0.0,-0.9346430050917912,0.04756715774117
0.05,slow_observer,8.0,1.0,2.7285714285714286,0.0,-1.0293412805692528,0.0475801947767246
0.05,slow_observer,8.0,1.0,2.8571428571428577,0.0,-1.1240395560467147,0.047593801586637015
0.05,slow_observer,8.0,1.0,2.9857142857142858,0.0,-1.2187378315241766,0.04760797768236597
0.05,slow_observer,8.0,1.0,3.1142857142857148,0.0,-1.3134971883152897,0.0476104852987061
0.05,slow_observer,8.0,1.0,3.242857142857143,0.0,-1.408270651243969,0.04761028478904621
0.05,slow_observer,8.0,1.0,3.371428571428572,0.0,-1.5030441141726492,0.047610155583061635
0.05,slow_observer,8.0,1.0,3.5,0.0,-1.5978175771013279,0.047610097681331884
0.05,slow_observer,16.0,0.9999999999978356,0.8,1.0,0.4124555549443689,0.028829620494527277
0.05,slow_observer,16.0,0.9999999999978356,0.9285714285714286,0.8333333333333334,0.31829967650675056,0.028928658403728515
0.05,slow_observer,16.0,0.9999999999978356,1.0571428571428572,0.8333333333333334,0.22401627059434762,0.029052381711710866
0.05,slow_observer,16.0,0.9999999999978356,1.185714285714286,0.8333333333333334,0.12944356590532086,0.029186075981529558
0.05,slow_observer,16.0,0.9999999999978356,1.3142857142857145,0.8333333333333334,0.03485322154787999,0.029319941974481747
0.05,slow_observer,16.0,0.9999999999978356,1.442857142857143,0.8333333333333334,-0.05973712280956147,0.029455241277447235
0.05,slow_observer,16.0,0.9999999999978356,1.5714285714285716,0.8333333333333334,-0.1543274671670028,0.029591954230440306
0.05,slow_observer,16.0,0.9999999999978356,1.7000000000000002,0.6666666666666666,-0.24891781152444306,0.029730061331564347
0.05,slow_observer,16.0,0.9999999999978356,1.8285714285714287,0.6666666666666666,-0.34350815588188394,0.029869543242555096
0.05,slow_observer,16.0,0.9999999999978356,1.9571428571428573,0.6666666666666666,-0.4380985002393252,0.030010380793942082
0.05,slow_observer,16.0,0.9999999999978356,2.085714285714286,0.6666666666666666,-0.5326888445967665,0.030152554989820914
0.05,slow_observer,16.0,0.9999999999978356,2.2142857142857144,0.6666666666666666,-0.6272791889542073,0.030296047012261563
0.05,slow_observer,16.0,0.9999999999978356,2.3428571428571434,0.3333333333333333,-0.7218695333116484,0.0304408382253573
0.05,slow_observer,16.0,0.9999999999978356,2.4714285714285715,0.3333333333333333,-0.8164598776690891,0.030586910178927937
0.05,slow_observer,16.0,0.9999999999978356,2.6000000000000005,0.16666666666666666,-0.9110502220265301,0.03073424461188944
0.05,slow_observer,16.0,0.9999999999978356,2.7285714285714286,0.16666666666666666,-1.005640566383971,0.03088282345530231
0.05,slow_observer,16.0,0.9999999999978356,2.8571428571428577,0.0,-1.1002379274744254,0.031031690803968833
0.05,slow_observer,16.0,0.9999999999978356,2.9857142857142858,0.0,-1.1948667024697937,0.0311775386989337
0.05,slow_observer,16.0,0.9999999999978356,3.1142857142857148,0.0,-1.289495477465162,0.03132453027990239
0.05,slow_observer,16.0,0.9999999999978356,3.242857142857143,0.0,-1.3841242524605306,0.03147264952228157
0.05,slow_observer,16.0,0.9999999999978356,3.371428571428572,0.0,-1.4787530274558984,0.03162188057992179
0.05,slow_observer,16.0,0.9999999999978356,3.5,0.0,-1.573472673107734,0.0316412614658924
0.05,slow_observer,24.0,0.9999995122996735,0.8,1.0,0.3970027569409566,0.050137252923235495
0.05,slow_observer,24.0,0.9999995122996735,0.9285714285714286,0.6666666666666666,0.3031436095884934,0.049379282533625356
0.05,slow_observer,24.0,0.9999995122996735,1.0571428571428572,0.6666666666666666,0.20928446223602912,0.04863463054836415
0.05,slow_observer,24.0,0.9999995122996735,1.185714285714286,0.5,0.11542531488356524,0.04790391806323698
0.05,slow_observer,24.0,0.9999995122996735,1.3142857142857145,0.5,0.021144289870878057,0.04749312253162144
0.05,slow_observer,24.0,0.9999995122996735,1.442857142857143,0.5,-0.0731661909764518,0.04711248628101247
0.05,slow_observer,24.0,0.9999995122996735,1.5714285714285716,0.3333333333333333,-0.16747667182378212,0.04674069557354045
0.05,slow_observer,24.0,0.9999995122996735,1.7000000000000002,0.3333333333333333,-0.26197136127870235,0.04657270233238788
0.05,slow_observer,24.0,0.9999995122996735,1.8285714285714287,0.3333333333333333,-0.35657779740473955,0.046524796866518704
0.05,slow_observer,24.0,0.9999995122996735,1.9571428571428573,0.3333333333333333,-0.4511842335307777,0.04647716863902479
0.05,slow_observer,24.0,0.9999995122996735,2.085714285714286,0.16666666666666666,-0.5457906696568151,0.0464298185030883
0.05,slow_observer,24.0,0.9999995122996735,2.2142857142857144,0.16666666666666666,-0.6403971057828529,0.046382747310384206
0.05,slow_observer,24.0,0.9999995122996735,2.3428571428571434,0.16666666666666666,-0.7350059629605695,0.046338253994615254
0.05,slow_observer,24.0,0.9999995122996735,2.4714285714285715,0.0,-0.8296324100609035,0.04631072815784289
0.05,slow_observer,24.0,0.9999995122996735,2.6000000000000005,0.0,-0.9242588571612379,0.0462834662861124
0.05,slow_observer,24.0,0.9999995122996735,2.7285714285714286,0.0,-1.0188853042615718,0.0462564688461382
0.05,slow_observer,24.0,0.9999995122996735,2.8571428571428577,0.0,-1.1135117513619064,0.04622973630119277
0.05,slow_observer,24.0,0.9999995122996735,2.9857142857142858,0.0,-1.2081381984622406,0.04620326911106764
0.05,slow_observer,24.0,0.9999995122996735,3.1142857142857148,0.0,-1.302764645562574,0.04617706773204324
0.05,slow_observer,24.0,0.9999995122996735,3.242857142857143,0.0,-1.3973910926629083,0.04615113261684484
0.05,slow_observer,24.0,0.9999995122996735,3.371428571428572,0.0,-1.4920175397632434,0.046125464214612444
0.05,slow_observer,24.0,0.9999995122996735,3.5,0.0,-1.5866499683393058,0.04610492841317325
0.05,slow_observer,32.0,0.9977045301088113,0.8,1.0,0.4015305433340654,0.017195123641450274
0.05,slow_observer,32.0,0.9977045301088113,0.9285714285714286,1.0,0.3069978841897268,0.017123794009841757
0.05,slow_observer,32.0,0.9977045301088113,1.0571428571428572,0.8333333333333334,0.21244496819141181,0.01703784478454721
0.05,slow_observer,32.0,0.9977045301088113,1.185714285714286,0.8333333333333334,0.11780368431451009,0.016974077095578004
0.05,slow_observer,32.0,0.9977045301088113,1.3142857142857145,0.8333333333333334,0.023084797051464434,0.016902258372351726
0.05,slow_observer,32.0,0.9977045301088113,1.442857142857143,0.8333333333333334,-0.07163409021158154,0.01683087007745142
0.05,slow_observer,32.0,0.9977045301088113,1.5714285714285716,0.6666666666666666,-0.16635297747462796,0.016759917711061157
0.05,slow_observer,32.0,0.9977045301088113,1.7000000000000002,0.5,-0.26107186473767346,0.016689406833025174
0.05,slow_observer,32.0,0.9977045301088113,1.8285714285714287,0.3333333333333333,-0.3557907520007193,0.016619343062651608
0.05,slow_observer,32.0,0.9977045301088113,1.9571428571428573,0.3333333333333333,-0.45054358965760816,0.016607739413602073
0.05,slow_observer,32.0,0.9977045301088113,2.085714285714286,0.0,-0.545303038079684,0.016603668080234762
0.05,slow_observer,32.0,0.9977045301088113,2.2142857142857144,0.0,-0.6400635238212597,0.016598944979946767
0.05,slow_observer,32.0,0.9977045301088113,2.3428571428571434,0.0,-0.7348240095628352,0.0165948110704029
0.05,slow_observer,32.0,0.9977045301088113,2.4714285714285715,0.0,-0.8295844953044109,0.016591266792014853
0.05,slow_observer,32.0,0.9977045301088113,2.6000000000000005,0.0,-0.9243449810459867,0.016588312522725277
0.05,slow_observer,32.0,0.9977045301088113,2.7285714285714286,0.0,-1.0191054667875619,0.01658594857781034
0.05,slow_observer,32.0,0.9977045301088113,2.8571428571428577,0.0,-1.1138659525291377,0.01658417520970849
0.05,slow_observer,32.0,0.9977045301088113,2.9857142857142858,0.0,-1.208626438270713,0.016582992607885802
0.05,slow_observer,32.0,0.9977045301088113,3.1142857142857148,0.0,-1.3033869240122884,0.016582400898738175
0.05,slow_observer,32.0,0.9977045301088113,3.242857142857143,0.0,-1.3981474097538644,0.016582400145519118
0.05,slow_observer,32.0,0.9977045301088113,3.371428571428572,0.0,-1.4929078954954393,0.01658299034830827
0.05,slow_observer,32.0,0.9977045301088113,3.5,0.0,-1.5876683812370145,0.016584171444014178
0.05,slow_observer,40.0,0.7355625191315234,0.8,0.8333333333333334,0.30961772783057434,0.02400477511150724
0.05,slow_observer,40.0,0.7355625191315234,0.9285714285714286,0.8333333333333334,0.21589001196245974,0.023762238822900034
0.05,slow_observer,40.0,0.7355625191315234,1.0571428571428572,0.6666666666666666,0.1220732228836481,0.02345723807226667
0.05,slow_observer,40.0,0.7355625191315234,1.185714285714286,0.6666666666666666,0.028256433804835515,0.023193643231827963
0.05,slow_observer,40.0,0.7355625191315234,1.3142857142857145,0.6666666666666666,-0.06556035527397637,0.022972879641774958
0.05,slow_observer,40.0,0.7355625191315234,1.442857142857143,0.5,-0.15954830394164699,0.02284723927446936
0.05,slow_observer,40.0,0.7355625191315234,1.5714285714285716,0.5,-0.2536885665405775,0.022780574685669013
0.05,slow_observer,40.0,0.7355625191315234,1.7000000000000002,0.5,-0.3479976172996822,0.022768573464183844
0.05,slow_observer,40.0,0.7355625191315234,1.8285714285714287,0.3333333333333333,-0.44230666805878666,0.02277347542665233
0.05,slow_observer,40.0,0.7355625191315234,1.9571428571428573,0.3333333333333333,-0.536615718817892,0.022795269668343547
0.05,slow_observer,40.0,0.7355625191315234,2.085714285714286,0.3333333333333333,-0.6309247695769967,0.02283390781987279
0.05,slow_observer,40.0,0.7355625191315234,2.2142857142857144,0.3333333333333333,-0.7254026741033357,0.022852937162013563
0.05,slow_observer,40.0,0.7355625191315234,2.3428571428571434,0.16666666666666666,-0.8199517762558927,0.022861027840068437
0.05,slow_observer,40.0,0.7355625191315234,2.4714285714285715,0.0,-0.9145008784084493,0.022871367471824437
0.05,slow_observer,40.0,0.7355625191315234,2.6000000000000005,0.0,-1.009049980561006,0.022883953008856255
0.05,slow_observer,40.0,0.7355625191315234,2.7285714285714286,0.0,-1.1036293026927113,0.02285166704723193
0.05,slow_observer,40.0,0.7355625191315234,2.8571428571428577,0.0,-1.198225160789515,0.022795644183376235
0.05,slow_observer,40.0,0.7355625191315234,2.9857142857142858,0.0,-1.2928210188863194,0.022741635021265628
0.05,slow_observer,40.0,0.7355625191315234,3.1142857142857148,0.0,-1.387434929842537,0.02270256964180008
0.05,slow_observer,40.0,0.7355625191315234,3.242857142857143,0.0,-1.4821058746276954,0.022705444851222945
0.05,slow_observer,40.0,0.7355625191315234,3.371428571428572,0.0,-1.5767768194128526,0.02270890524067673
0.05,slow_observer,40.0,0.7355625191315234,3.5,0.0,-1.6714477641980094,0.02271295054269931
0.05,slow_observer,48.0,-0.281765415063314,0.8,0.0,-0.2822367281042189,0.000643312075601214
0.05,slow_observer,48.0,-0.281765415063314,0.9285714285714286,0.0,-0.2822367283609517,0.0006433122799371134
0.05,slow_observer,48.0,-0.281765415063314,1.0571428571428572,0.0,-0.2913952601575817,0.019806098644965638
0.05,slow_observer,48.0,-0.281765415063314,1.185714285714286,0.0,-0.36777875217290784,0.03393660657786522
0.05,slow_observer,48.0,-0.281765415063314,1.3142857142857145,0.0,-0.46148767442859073,0.033945475385973735
0.05,slow_observer,48.0,-0.281765415063314,1.442857142857143,0.0,-0.555221265594386,0.03396541795700368
0.05,slow_observer,48.0,-0.281765415063314,1.5714285714285716,0.0,-0.6489700195697549,0.03399964727420344
0.05,slow_observer,48.0,-0.281765415063314,1.7000000000000002,0.0,-0.7428716262862483,0.03401031337210702
0.05,slow_observer,48.0,-0.281765415063314,1.8285714285714287,0.0,-0.836863292234824,0.03402312172555566
0.05,slow_observer,48.0,-0.281765415063314,1.9571428571428573,0.0,-0.9309561626939417,0.034014204621971994
0.05,slow_observer,48.0,-0.281765415063314,2.085714285714286,0.0,-1.0250490331530597,0.034015328829972845
0.05,slow_observer,48.0,-0.281765415063314,2.2142857142857144,0.0,-1.1192603232832727,0.03415147918624334
0.05,slow_observer,48.0,-0.281765415063314,2.3428571428571434,0.0,-1.2136311934444002,0.034256169290425645
0.05,slow_observer,48.0,-0.281765415063314,2.4714285714285715,0.0,-1.308269160109486,0.03427481658552273
0.05,slow_observer,48.0,-0.281765415063314,2.6000000000000005,0.0,-1.4029530658007345,0.03427228037161237
0.05,slow_observer,48.0,-0.281765415063314,2.7285714285714286,0.0,-1.4976496272894035,0.03427793530383765
0.05,slow_observer,48.0,-0.281765415063314,2.8571428571428577,0.0,-1.5923529402779373,0.034294863565720736
0.05,slow_observer,48.0,-0.281765415063314,2.9857142857142858,0.0,-1.6870562532664692,0.034312384427326016
0.05,slow_observer,48.0,-0.281765415063314,3.1142857142857148,0.0,-1.7817595662550019,0.03433049698133808
0.05,slow_observer,48.0,-0.281765415063314,3.242857142857143,0.0,-1.8764628792435338,0.03434920029174767
0.05,slow_observer,48.0,-0.281765415063314,3.371428571428572,0.0,-1.9711661922320676,0.03436849339408617
0.05,slow_observer,48.0,-0.281765415063314,3.5,0.0,-2.065869505220599,0.034388375295673415
0.05,slow_observer,56.0,-0.2164131259346465,0.8,0.8333333333333334,-0.21650094738810585,0.000196374739817942
0.05,slow_observer,56.0,-0.2164131259346465,0.9285714285714286,0.8333333333333334,-0.21650094745135115,0.00019637488123869627
0.05,slow_observer,56.0,-0.2164131259346465,1.0571428571428572,0.3333333333333333,-0.22956823905347049,0.019837785297893512
0.05,slow_observer,56.0,-0.2164131259346465,1.185714285714286,0.3333333333333333,-0.3135252865037377,0.028105984161668686
0.05,slow_observer,56.0,-0.2164131259346465,1.3142857142857145,0.3333333333333333,-0.40760968185695773,0.028100749986021675
0.05,slow_observer,56.0,-0.2164131259346465,1.442857142857143,0.16666666666666666,-0.5017260312558841,0.02811015197622396
0.05,slow_observer,56.0,-0.2164131259346465,1.5714285714285716,0.16666666666666666,-0.5959034297024374,0.028123882065576672
0.05,slow_observer,56.0,-0.2164131259346465,1.7000000000000002,0.16666666666666666,-0.6903262343397207,0.027972538500643813
0.05,slow_observer,56.0,-0.2164131259346465,1.8285714285714287,0.0,-0.7847609623142134,0.02781609958369101
0.05,slow_observer,56.0,-0.2164131259346465,1.9571428571428573,0.0,-0.8791956902887063,0.027662389784240952
0.05,slow_observer,56.0,-0.2164131259346465,2.085714285714286,0.0,-0.9736304182631987,0.02751145484605291
0.05,slow_observer,56.0,-0.2164131259346465,2.2142857142857144,0.0,-1.0680651462376909,0.02736334068718886
0.05,slow_observer,56.0,-0.2164131259346465,2.3428571428571434,0.0,-1.1626280139076546,0.027229700990339185
0.05,slow_observer,56.0,-0.2164131259346465,2.4714285714285715,0.0,-1.257210108453094,0.027098683417910985
0.05,slow_observer,56.0,-0.2164131259346465,2.6000000000000005,0.0,-1.3517922029985339,0.02696797666755114
0.05,slow_observer,56.0,-0.2164131259346465,2.7285714285714286,0.0,-1.4463742975439737,0.026837585280638235
0.05,slow_observer,56.0,-0.2164131259346465,2.8571428571428577,0.0,-1.5409563920894136,0.026707513876173917
0.05,slow_observer,56.0,-0.2164131259346465,2.9857142857142858,0.0,-1.6355384866348535,0.026577767152134654
0.05,slow_observer,56.0,-0.2164131259346465,3.1142857142857148,0.0,-1.7301205811802927,0.026448349886840094
0.05,slow_observer,56.0,-0.2164131259346465,3.242857142857143,0.0,-1.8247026757257323,0.02631926694033951
0.05,slow_observer,56.0,-0.2164131259346465,3.371428571428572,0.0,-1.9192847702711724,0.02619052325581868
0.05,slow_observer,56.0,-0.2164131259346465,3.5,0.0,-2.0138668648166114,0.02606212386101415
0.05,slow_observer,64.0,0.0663799976499353,0.8,0.6666666666666666,0.04627551673217204,0.030114064359055878
0.05,slow_observer,64.0,0.0663799976499353,0.9285714285714286,0.6666666666666666,-0.032580529097931826,0.04819673407563978
0.05,slow_observer,64.0,0.0663799976499353,1.0571428571428572,0.5,-0.12589290643539355,0.04831806961239799
0.05,slow_observer,64.0,0.0663799976499353,1.185714285714286,0.5,-0.21927139973000068,0.04847205252992231
0.05,slow_observer,64.0,0.0663799976499353,1.3142857142857145,0.3333333333333333,-0.31280047243351455,0.04842788496850875
0.05,slow_observer,64.0,0.0663799976499353,1.442857142857143,0.16666666666666666,-0.4063331917815558,0.04841383813362968
0.05,slow_observer,64.0,0.0663799976499353,1.5714285714285716,0.0,-0.49988856604791004,0.04842971187331183
0.05,slow_observer,64.0,0.0663799976499353,1.7000000000000002,0.0,-0.5934993909994012,0.048474007217888006
0.05,slow_observer,64.0,0.0663799976499353,1.8285714285714287,0.0,-0.6873469215185534,0.048486969674296734
0.05,slow_observer,64.0,0.0663799976499353,1.9571428571428573,0.0,-0.7813732491754393,0.04846065172660691
0.05,slow_observer,64.0,0.0663799976499353,2.085714285714286,0.0,-0.8755221164451297,0.04840084821065868
0.05,slow_observer,64.0,0.0663799976499353,2.2142857142857144,0.0,-0.9696990358130071,0.048341339787008046
0.05,slow_observer,64.0,0.0663799976499353,2.3428571428571434,0.0,-1.0639325880557386,0.048275687725817654
0.05,slow_observer,64.0,0.0663799976499353,2.4714285714285715,0.0,-1.158373883079566,0.04819134561572932
0.05,slow_observer,64.0,0.0663799976499353,2.6000000000000005,0.0,-1.2528511930762003,0.04809658900780126
0.05,slow_observer,64.0,0.0663799976499353,2.7285714285714286,0.0,-1.347434321993682,0.04797035401026946
0.05,slow_observer,64.0,0.0663799976499353,2.8571428571428577,0.0,-1.442085961348445,0.047828724036600524
0.05,slow_observer,64.0,0.0663799976499353,2.9857142857142858,0.0,-1.5367376007032074,0.04768738072999967
0.05,slow_observer,64.0,0.0663799976499353,3.1142857142857148,0.0,-1.6313892400579701,0.04754632664703498
0.05,slow_observer,64.0,0.0663799976499353,3.242857142857143,0.0,-1.726040879412733,0.047405564369440954
0.05,slow_observer,64.0,0.0663799976499353,3.371428571428572,0.0,-1.8206925187674965,0.0472650965043316
0.05,slow_observer,64.0,0.0663799976499353,3.5,0.0,-1.9153441581222586,0.04712492568442197
0.05,slow_observer,72.0,0.21014780913719353,0.8,0.5,0.12328145961932062,0.03611380151626277
0.05,slow_observer,72.0,0.21014780913719353,0.9285714285714286,0.3333333333333333,0.029281951278318105,0.036134285753963054
0.05,slow_observer,72.0,0.21014780913719353,1.0571428571428572,0.3333333333333333,-0.06472319977247386,0.0361696356594835
0.05,slow_observer,72.0,0.21014780913719353,1.185714285714286,0.3333333333333333,-0.15881520367974497,0.036269044876755085
0.05,slow_observer,72.0,0.21014780913719353,1.3142857142857145,0.16666666666666666,-0.25303352093726056,0.03645367818545364
0.05,slow_observer,72.0,0.21014780913719353,1.442857142857143,0.16666666666666666,-0.34725183819477606,0.03664301266565311
0.05,slow_observer,72.0,0.21014780913719353,1.5714285714285716,0.16666666666666666,-0.44147015545229157,0.03683697582826041
0.05,slow_observer,72.0,0.21014780913719353,1.7000000000000002,0.0,-0.5357103124205345,0.03700914563639122
0.05,slow_observer,72.0,0.21014780913719353,1.8285714285714287,0.0,-0.6300650062545,0.03704676342466837
0.05,slow_observer,72.0,0.21014780913719353,1.9571428571428573,0.0,-0.7244306207966322,0.03707871408991753
0.05,slow_observer,72.0,0.21014780913719353,2.085714285714286,0.0,-0.8188024318905859,0.03710901580959556
0.05,slow_observer,72.0,0.21014780913719353,2.2142857142857144,0.0,-0.9131742429845399,0.03714263683792399
0.05,slow_observer,72.0,0.21014780913719353,2.3428571428571434,0.0,-1.0075460540784935,0.03717956817007277
0.05,slow_observer,72.0,0.21014780913719353,2.4714285714285715,0.0,-1.1019632849607042,0.03716533683534718
0.05,slow_observer,72.0,0.21014780913719353,2.6000000000000005,0.0,-1.1964226447900514,0.03713017842524277
0.05,slow_observer,72.0,0.21014780913719353,2.7285714285714286,0.0,-1.2909409581955746,0.037139387007901585
0.05,slow_observer,72.0,0.21014780913719353,2.8571428571428577,0.0,-1.385549407803264,0.037066204276250514
0.05,slow_observer,72.0,0.21014780913719353,2.9857142857142858,0.0,-1.480179703842181,0.03697376709018949
0.05,slow_observer,72.0,0.21014780913719353,3.1142857142857148,0.0,-1.5748253322307593,0.03689276177459393
0.05,slow_observer,72.0,0.21014780913719353,3.242857142857143,0.0,-1.6694849216248617,0.03682190593897936
0.05,slow_observer,72.0,0.21014780913719353,3.371428571428572,0.0,-1.7642024045180096,0.03678735269672073
0.05,slow_observer,72.0,0.21014780913719353,3.5,0.0,-1.8589198874111565,0.03675331009794752
0.05,slow_observer,80.0,-0.6106859722051887,0.8,0.5,-0.6106859722051886,1.1102230246251565e-16
0.05,slow_observer,80.0,-0.6106859722051887,0.9285714285714286,0.5,-0.6106859722051886,1.1102230246251565e-16
0.05,slow_observer,80.0,-0.6106859722051887,1.0571428571428572,0.3333333333333333,-0.6106859722051886,1.1102230246251565e-16
0.05,slow_observer,80.0,-0.6106859722051887,1.185714285714286,0.3333333333333333,-0.6106859722051886,1.1102230246251565e-16
0.05,slow_observer,80.0,-0.6106859722051887,1.3142857142857145,0.16666666666666666,-0.6106859722051886,1.1102230246251565e-16
0.05,slow_observer,80.0,-0.6106859722051887,1.442857142857143,0.16666666666666666,-0.6553094931076823,0.03178221530300715
0.05,slow_observer,80.0,-0.6106859722051887,1.5714285714285716,0.16666666666666666,-0.749442588227946,0.03134081328340599
0.05,slow_observer,80.0,-0.6106859722051887,1.7000000000000002,0.16666666666666666,-0.8435756833482094,0.03090063714213862
0.05,slow_observer,80.0,-0.6106859722051887,1.8285714285714287,0.16666666666666666,-0.9377087784684736,0.030461740021559387
0.05,slow_observer,80.0,-0.6106859722051887,1.9571428571428573,0.0,-1.0318418735887374,0.030024178012365094
0.05,slow_observer,80.0,-0.6106859722051887,2.085714285714286,0.0,-1.125974968709001,0.029588010347461485
0.05,slow_observer,80.0,-0.6106859722051887,2.2142857142857144,0.0,-1.220108063829265,0.029153299610008676
0.05,slow_observer,80.0,-0.6106859722051887,2.3428571428571434,0.0,-1.3142540883049294,0.02873741143952388
0.05,slow_observer,80.0,-0.6106859722051887,2.4714285714285715,0.0,-1.408426523037506,0.02835472511985249
0.05,slow_observer,80.0,-0.6106859722051887,2.6000000000000005,0.0,-1.5026909582371948,0.028069648400172845
0.05,slow_observer,80.0,-0.6106859722051887,2.7285714285714286,0.0,-1.5969600654477212,0.02779472037718797
0.05,slow_observer,80.0,-0.6106859722051887,2.8571428571428577,0.0,-1.691250146406939,0.027544372695661404
0.05,slow_observer,80.0,-0.6106859722051887,2.9857142857142858,0.0,-1.7855584695679827,0.027317307618362242
0.05,slow_observer,80.0,-0.6106859722051887,3.1142857142857148,0.0,-1.8798667927290271,0.02709615161832945
0.05,slow_observer,80.0,-0.6106859722051887,3.242857142857143,0.0,-1.97417511589007,0.026881050541585717
0.05,slow_observer,80.0,-0.6106859722051887,3.371428571428572,0.0,-2.0685644820108355,0.026677468440709305
0.05,slow_observer,80.0,-0.6106859722051887,3.5,0.0,-2.1629817921000676,0.026482648624137326
0.05,slow_observer,88.0,-0.8900850480399806,0.8,0.3333333333333333,-0.8900850480399806,0.0
0.05,slow_observer,88.0,-0.8900850480399806,0.9285714285714286,0.16666666666666666,-0.8900850480399806,0.0
0.05,slow_observer,88.0,-0.8900850480399806,1.0571428571428572,0.16666666666666666,-0.8900850480399806,0.0
0.05,slow_observer,88.0,-0.8900850480399806,1.185714285714286,0.16666666666666666,-0.8900850480399806,0.0
0.05,slow_observer,88.0,-0.8900850480399806,1.3142857142857145,0.0,-0.8900850480399806,0.0
0.05,slow_observer,88.0,-0.8900850480399806,1.442857142857143,0.0,-0.8900850480399806,0.0
0.05,slow_observer,88.0,-0.8900850480399806,1.5714285714285716,0.0,-0.8979754794109543,0.017643540917294444
0.05,slow_observer,88.0,-0.8900850480399806,1.7000000000000002,0.0,-0.9419528710177284,0.043074280635663056
0.05,slow_observer,88.0,-0.8900850480399806,1.8285714285714287,0.0,-1.0361280163800766,0.043319544370806096
0.05,slow_observer,88.0,-0.8900850480399806,1.9571428571428573,0.0,-1.1304342826154465,0.04343552325050704
0.05,slow_observer,88.0,-0.8900850480399806,2.085714285714286,0.0,-1.224740548850816,0.04355235847674762
0.05,slow_observer,88.0,-0.8900850480399806,2.2142857142857144,0.0,-1.3190886283989829,0.0436608372638831
0.05,slow_observer,88.0,-0.8900850480399806,2.3428571428571434,0.0,-1.4134508785399722,0.0437666303321619
0.05,slow_observer,88.0,-0.8900850480399806,2.4714285714285715,0.0,-1.5078131286809613,0.04387279533805572
0.05,slow_observer,88.0,-0.8900850480399806,2.6000000000000005,0.0,-1.6021753788219497,0.04397932958802299
0.05,slow_observer,88.0,-0.8900850480399806,2.7285714285714286,0.0,-1.6965376289629395,0.04408623040522908
0.05,slow_observer,88.0,-0.8900850480399806,2.8571428571428577,0.0,-1.7908998791039286,0.04419349512957828
0.05,slow_observer,88.0,-0.8900850480399806,2.9857142857142858,0.0,-1.885262129244918,0.04430112111772377
0.05,slow_observer,88.0,-0.8900850480399806,3.1142857142857148,0.0,-1.9796648984017695,0.044400089511486905
0.05,slow_observer,88.0,-0.8900850480399806,3.242857142857143,0.0,-2.07408967462573,0.04448316458974215
0.05,slow_observer,88.0,-0.8900850480399806,3.371428571428572,0.0,-2.168530277572562,0.044554476105555484
0.05,slow_observer,88.0,-0.8900850480399806,3.5,0.0,-2.2629708805193935,0.04462623065960837
0.05,slow_observer,96.0,-0.4672962159551587,0.8,0.3333333333333333,-0.4674345345346986,0.00030928974640229476
0.05,slow_observer,96.0,-0.4672962159551587,0.9285714285714286,0.0,-0.4674345345979438,0.00030928988782303875
0.05,slow_observer,96.0,-0.4672962159551587,1.0571428571428572,0.0,-0.46743453466118906,0.00030929002924380344
0.05,slow_observer,96.0,-0.4672962159551587,1.185714285714286,0.0,-0.4674345347244344,0.0003092901706645473
0.05,slow_observer,96.0,-0.4672962159551587,1.3142857142857145,0.0,-0.5043522759485253,0.02967233068689392
0.05,slow_observer,96.0,-0.4672962159551587,1.442857142857143,0.0,-0.5945676387544498,0.03361871386078752
0.05,slow_observer,96.0,-0.4672962159551587,1.5714285714285716,0.0,-0.6880416711138281,0.032981414974322415
0.05,slow_observer,96.0,-0.4672962159551587,1.7000000000000002,0.0,-0.7817684887942309,0.03265191543394793
0.05,slow_observer,96.0,-0.4672962159551587,1.8285714285714287,0.0,-0.8757848616102578,0.03255574935148124
0.05,slow_observer,96.0,-0.4672962159551587,1.9571428571428573,0.0,-0.9698012344262849,0.032471699852986216
0.05,slow_observer,96.0,-0.4672962159551587,2.085714285714286,0.0,-1.0641176948468265,0.03232789195739317
0.05,slow_observer,96.0,-0.4672962159551587,2.2142857142857144,0.0,-1.1584897151703468,0.03218554183797325
0.05,slow_observer,96.0,-0.4672962159551587,2.3428571428571434,0.0,-1.2528711597505164,0.0320591954657135
0.05,slow_observer,96.0,-0.4672962159551587,2.4714285714285715,0.0,-1.3474260444450066,0.03217751993450974
0.05,slow_observer,96.0,-0.4672962159551587,2.6000000000000005,0.0,-1.4419809291394976,0.03229654854462432
0.05,slow_observer,96.0,-0.4672962159551587,2.7285714285714286,0.0,-1.5365358138339882,0.03241627353949331
0.05,slow_observer,96.0,-0.4672962159551587,2.8571428571428577,0.0,-1.6310906985284797,0.032536687231674466
0.05,slow_observer,96.0,-0.4672962159551587,2.9857142857142858,0.0,-1.7256455832229693,0.032657782003204495
0.05,slow_observer,96.0,-0.4672962159551587,3.1142857142857148,0.0,-1.8202004679174595,0.03277955030592105
0.05,slow_observer,96.0,-0.4672962159551587,3.242857142857143,0.0,-1.91475535261195,0.03290198466172704
0.05,slow_observer,96.0,-0.4672962159551587,3.371428571428572,0.0,-2.009317964024172,0.03301312672571249
0.05,slow_observer,96.0,-0.4672962159551587,3.5,0.0,-2.103914543843197,0.03307252395857188
0.05,slow_observer,104.0,-0.13648299187962618,0.8,0.3333333333333333,-0.1387654880277359,0.0018700592861951464
0.05,slow_observer,104.0,-0.13648299187962618,0.9285714285714286,0.3333333333333333,-0.1403988200394317,0.003912797461336473
0.05,slow_observer,104.0,-0.13648299187962618,1.0571428571428572,0.3333333333333333,-0.21362928486686283,0.03227821128758551
0.05,slow_observer,104.0,-0.13648299187962618,1.185714285714286,0.16666666666666666,-0.3068824995203553,0.032297740746985104
0.05,slow_observer,104.0,-0.13648299187962618,1.3142857142857145,0.16666666666666666,-0.40018634922400803,0.032477522916892584
0.05,slow_observer,104.0,-0.13648299187962618,1.442857142857143,0.16666666666666666,-0.4937828855526274,0.0326747542453352
0.05,slow_observer,104.0,-0.13648299187962618,1.5714285714285716,0.16666666666666666,-0.5881723798334273,0.032642041509440896
0.05,slow_observer,104.0,-0.13648299187962618,1.7000000000000002,0.0,-0.6827480149451294,0.03262683429636128
0.05,slow_observer,104.0,-0.13648299187962618,1.8285714285714287,0.0,-0.7774521265421647,0.032614496595524775
0.05,slow_observer,104.0,-0.13648299187962618,1.9571428571428573,0.0,-0.8722013500602958,0.032602220734620525
0.05,slow_observer,104.0,-0.13648299187962618,2.085714285714286,0.0,-0.9669521032287505,0.032590949632516984
0.05,slow_observer,104.0,-0.13648299187962618,2.2142857142857144,0.0,-1.0617143365221386,0.032586868702096754
0.05,slow_observer,104.0,-0.13648299187962618,2.3428571428571434,0.0,-1.1564765698155273,0.032582842510238186
0.05,slow_observer,104.0,-0.13648299187962618,2.4714285714285715,0.0,-1.2512389989991408,0.03257887080989954
0.05,slow_observer,104.0,-0.13648299187962618,2.6000000000000005,0.0,-1.3460078438316827,0.03257494944230986
0.05,slow_observer,104.0,-0.13648299187962618,2.7285714285714286,0.0,-1.4407769012055296,0.03257124153116511
0.05,slow_observer,104.0,-0.13648299187962618,2.8571428571428577,0.0,-1.5355482397227485,0.0325692110268304
0.05,slow_observer,104.0,-0.13648299187962618,2.9857142857142858,0.0,-1.6303195782399678,0.03256724603596203
0.05,slow_observer,104.0,-0.13648299187962618,3.1142857142857148,0.0,-1.7250909167571866,0.032565346570421386
0.05,slow_observer,104.0,-0.13648299187962618,3.242857142857143,0.0,-1.819862255274405,0.03256351264167239
0.05,slow_observer,104.0,-0.13648299187962618,3.371428571428572,0.0,-1.914633593791624,0.03256174426079033
0.05,slow_observer,104.0,-0.13648299187962618,3.5,0.0,-2.009404932308842,0.032560041438455006
0.05,slow_observer,112.0,-0.48119045544939015,0.8,0.6666666666666666,-0.4814461473358291,0.0005717444393726127
0.05,slow_observer,112.0,-0.48119045544939015,0.9285714285714286,0.5,-0.4814461473990743,0.0005717445807933567
0.05,slow_observer,112.0,-0.48119045544939015,1.0571428571428572,0.5,-0.48144614746231956,0.0005717447222141214
0.05,slow_observer,112.0,-0.48119045544939015,1.185714285714286,0.16666666666666666,-0.4814461475255649,0.0005717448636348652
0.05,slow_observer,112.0,-0.48119045544939015,1.3142857142857145,0.16666666666666666,-0.5206251700765911,0.025624288473128604
0.05,slow_observer,112.0,-0.48119045544939015,1.442857142857143,0.16666666666666666,-0.6103000846058557,0.031229014213676836
0.05,slow_observer,112.0,-0.48119045544939015,1.5714285714285716,0.0,-0.7037656094051772,0.03091752820310388
0.05,slow_observer,112.0,-0.48119045544939015,1.7000000000000002,0.0,-0.7975631159655973,0.030773087466021195
0.05,slow_observer,112.0,-0.48119045544939015,1.8285714285714287,0.0,-0.8913606225260172,0.030634952478319134
0.05,slow_observer,112.0,-0.48119045544939015,1.9571428571428573,0.0,-0.9851581290864374,0.030503208907625052
0.05,slow_observer,112.0,-0.48119045544939015,2.085714285714286,0.0,-1.0791323909337092,0.030293535221320077
0.05,slow_observer,112.0,-0.48119045544939015,2.2142857142857144,0.0,-1.173208732450104,0.029984516414628164
0.05,slow_observer,112.0,-0.48119045544939015,2.3428571428571434,0.0,-1.2672850739664994,0.029688418441082182
0.05,slow_observer,112.0,-0.48119045544939015,2.4714285714285715,0.0,-1.3613614154828941,0.02940563161958
0.05,slow_observer,112.0,-0.48119045544939015,2.6000000000000005,0.0,-1.45549727843095,0.02917387766840133
0.05,slow_observer,112.0,-0.48119045544939015,2.7285714285714286,0.0,-1.54978775166102,0.02906821045740537
0.05,slow_observer,112.0,-0.48119045544939015,2.8571428571428577,0.0,-1.6442285897015927,0.029152510351795585
0.05,slow_observer,112.0,-0.48119045544939015,2.9857142857142858,0.0,-1.7388211452988258,0.029195092667414817
0.05,slow_observer,112.0,-0.48119045544939015,3.1142857142857148,0.0,-1.8334230384036145,0.029233150744432505
0.05,slow_observer,112.0,-0.48119045544939015,3.242857142857143,0.0,-1.9280249315084044,0.029273031612681084
0.05,slow_observer,112.0,-0.48119045544939015,3.371428571428572,0.0,-2.022646674017025,0.02929995835385452
0.05,slow_observer,112.0,-0.48119045544939015,3.5,0.0,-2.117289853418316,0.02931196190895597
0.05,slow_observer,120.0,-1.3208139252022122,0.8,0.16666666666666666,-1.3208139252022122,0.0
0.05,slow_observer,120.0,-1.3208139252022122,0.9285714285714286,0.16666666666666666,-1.3208139252022122,0.0
0.05,slow_observer,120.0,-1.3208139252022122,1.0571428571428572,0.16666666666666666,-1.3208139252022122,0.0
0.05,slow_observer,120.0,-1.3208139252022122,1.185714285714286,0.16666666666666666,-1.3208139252022122,0.0
0.05,slow_observer,120.0,-1.3208139252022122,1.3142857142857145,0.16666666666666666,-1.3208139252022122,0.0
0.05,slow_observer,120.0,-1.3208139252022122,1.442857142857143,0.0,-1.3208139252022122,0.0
0.05,slow_observer,120.0,-1.3208139252022122,1.5714285714285716,0.0,-1.3208139252022122,0.0
0.05,slow_observer,120.0,-1.3208139252022122,1.7000000000000002,0.0,-1.3208139252022122,0.0
0.05,slow_observer,120.0,-1.3208139252022122,1.8285714285714287,0.0,-1.3208139252022122,0.0
0.05,slow_observer,120.0,-1.3208139252022122,1.9571428571428573,0.0,-1.3257444106698515,0.011024900667716732
0.05,slow_observer,120.0,-1.3208139252022122,2.085714285714286,0.0,-1.3714935519132503,0.04012869677109221
0.05,slow_observer,120.0,-1.3208139252022122,2.2142857142857144,0.0,-1.464384116726677,0.04128566977355124
0.05,slow_observer,120.0,-1.3208139252022122,2.3428571428571434,0.0,-1.5586700356497065,0.04093322965815316
0.05,slow_observer,120.0,-1.3208139252022122,2.4714285714285715,0.0,-1.6529640167772905,0.040571817896837496
0.05,slow_observer,120.0,-1.3208139252022122,2.6000000000000005,0.0,-1.7472579979048752,0.0402124719487411
0.05,slow_observer,120.0,-1.3208139252022122,2.7285714285714286,0.0,-1.8415519790324597,0.03985524769173277
0.05,slow_observer,120.0,-1.3208139252022122,2.8571428571428577,0.0,-1.9358500739245124,0.03950301127280383
0.05,slow_observer,120.0,-1.3208139252022122,2.9857142857142858,0.0,-2.030158849978396,0.03916011551814971
0.05,slow_observer,120.0,-1.3208139252022122,3.1142857142857148,0.0,-2.1246779877051414,0.03907827418776679
0.05,slow_observer,120.0,-1.3208139252022122,3.242857142857143,0.0,-2.219248513818465,0.03906440916727961
0.05,slow_observer,120.0,-1.3208139252022122,3.371428571428572,0.0,-2.3138190399317904,0.03905109105066497
0.05,slow_observer,120.0,-1.3208139252022122,3.5,0.0,-2.408389566045115,0.039038320397660434
0.05,slow_observer,128.0,-0.8977048400275199,0.8,0.3333333333333333,-0.8985380433387472,0.0012396629924717986
0.05,slow_observer,128.0,-0.8977048400275199,0.9285714285714286,0.16666666666666666,-0.8985380434652378,0.0012396631625056769
0.05,slow_observer,128.0,-0.8977048400275199,1.0571428571428572,0.0,-0.8985380435917284,0.0012396633325395924
0.05,slow_observer,128.0,-0.8977048400275199,1.185714285714286,0.0,-0.898538043718219,0.001239663502573476
0.05,slow_observer,128.0,-0.8977048400275199,1.3142857142857145,0.0,-0.8985380438447095,0.0012396636726073765
0.05,slow_observer,128.0,-0.8977048400275199,1.442857142857143,0.0,-0.8987430190966635,0.0011854401238615795
0.05,slow_observer,128.0,-0.8977048400275199,1.5714285714285716,0.0,-0.9141429164898921,0.034541176765788294
0.05,slow_observer,128.0,-0.8977048400275199,1.7000000000000002,0.0,-0.9623016258637481,0.060814029440607015
0.05,slow_observer,128.0,-0.8977048400275199,1.8285714285714287,0.0,-1.0552412158666071,0.061523971425098516
0.05,slow_observer,128.0,-0.8977048400275199,1.9571428571428573,0.0,-1.149289915496789,0.06107686526637613
0.05,slow_observer,128.0,-0.8977048400275199,2.085714285714286,0.0,-1.2433386151269712,0.06063262785834754
0.05,slow_observer,128.0,-0.8977048400275199,2.2142857142857144,0.0,-1.3373873147571533,0.060191322718825574
0.05,slow_observer,128.0,-0.8977048400275199,2.3428571428571434,0.0,-1.4314360143873361,0.05975301481654209
0.05,slow_observer,128.0,-0.8977048400275199,2.4714285714285715,0.0,-1.5254847140175176,0.05931777059264016
0.05,slow_observer,128.0,-0.8977048400275199,2.6000000000000005,0.0,-1.6195334136477004,0.058885657981272974
0.05,slow_observer,128.0,-0.8977048400275199,2.7285714285714286,0.0,-1.713582113277882,0.05845674642917517
0.05,slow_observer,128.0,-0.8977048400275199,2.8571428571428577,0.0,-1.807728758089514,0.05805648745231704
0.05,slow_observer,128.0,-0.8977048400275199,2.9857142857142858,0.0,-1.90190437786641,0.057666718400834205
0.05,slow_observer,128.0,-0.8977048400275199,3.1142857142857148,0.0,-1.9961232736018608,0.05736409529114744
0.05,slow_observer,128.0,-0.8977048400275199,3.242857142857143,0.0,-2.0904007663394846,0.05717757486349261
0.05,slow_observer,128.0,-0.8977048400275199,3.371428571428572,0.0,-2.1846782590771086,0.056992879671356765
0.05,slow_observer,128.0,-0.8977048400275199,3.5,0.0,-2.278955751814733,0.05681002751682053
0.05,slow_observer,136.0,-0.45490703537195326,0.8,0.6666666666666666,-0.45502586791285576,0.00016805673905869375
0.05,slow_observer,136.0,-0.45490703537195326,0.9285714285714286,0.5,-0.45502586817731183,0.00016805711425964297
0.05,slow_observer,136.0,-0.45490703537195326,1.0571428571428572,0.3333333333333333,-0.4550258684417679,0.00016805748946097912
0.05,slow_observer,136.0,-0.45490703537195326,1.185714285714286,0.16666666666666666,-0.455025868706224,0.00016805786466261039
0.05,slow_observer,136.0,-0.45490703537195326,1.3142857142857145,0.0,-0.5138073145997871,0.018247434893312733
0.05,slow_observer,136.0,-0.45490703537195326,1.442857142857143,0.0,-0.6069918755604526,0.018025260752186335
0.05,slow_observer,136.0,-0.45490703537195326,1.5714285714285716,0.0,-0.7004229909418043,0.017755100296061338
0.05,slow_observer,136.0,-0.45490703537195326,1.7000000000000002,0.0,-0.7943700520986718,0.017509377264211187
0.05,slow_observer,136.0,-0.45490703537195326,1.8285714285714287,0.0,-0.8886992564464911,0.017535517308303505
0.05,slow_observer,136.0,-0.45490703537195326,1.9571428571428573,0.0,-0.9830284607943104,0.017569762182981397
0.05,slow_observer,136.0,-0.45490703537195326,2.085714285714286,0.0,-1.0774132676908807,0.017563574479186855
0.05,slow_observer,136.0,-0.45490703537195326,2.2142857142857144,0.0,-1.1718152757610139,0.017554142563594513
0.05,slow_observer,136.0,-0.45490703537195326,2.3428571428571434,0.0,-1.2662172838311463,0.017553375909600332
0.05,slow_observer,136.0,-0.45490703537195326,2.4714285714285715,0.0,-1.360619291901279,0.0175612756520749
0.05,slow_observer,136.0,-0.45490703537195326,2.6000000000000005,0.0,-1.4550212999714116,0.017577830106593768
0.05,slow_observer,136.0,-0.45490703537195326,2.7285714285714286,0.0,-1.5494233080415443,0.01760301485564491
0.05,slow_observer,136.0,-0.45490703537195326,2.8571428571428577,0.0,-1.6438253161116776,0.01763679292795457
0.05,slow_observer,136.0,-0.45490703537195326,2.9857142857142858,0.0,-1.7382273241818105,0.017679115067861663
0.05,slow_observer,136.0,-0.45490703537195326,3.1142857142857148,0.0,-1.832629332251943,0.0177299200902191
0.05,slow_observer,136.0,-0.45490703537195326,3.242857142857143,0.0,-1.9270313403220756,0.017789135314907473
0.05,slow_observer,136.0,-0.45490703537195326,3.371428571428572,0.0,-2.021433348392208,0.017856677073920604
0.05,slow_observer,136.0,-0.45490703537195326,3.5,0.0,-2.115860104697641,0.01793048967974846
0.05,slow_observer,144.0,-0.34898626111920383,0.8,0.6666666666666666,-0.34924930149719957,0.000588176166025648
0.05,slow_observer,144.0,-0.34898626111920383,0.9285714285714286,0.5,-0.3492493016274418,0.0005881764572559704
0.05,slow_observer,144.0,-0.34898626111920383,1.0571428571428572,0.3333333333333333,-0.34924930175768387,0.0005881767484862931
0.05,slow_observer,144.0,-0.34898626111920383,1.185714285714286,0.16666666666666666,-0.3821444695029008,0.025004917404128708
0.05,slow_observer,144.0,-0.34898626111920383,1.3142857142857145,0.16666666666666666,-0.4719579067709945,0.030079469974785018
0.05,slow_observer,144.0,-0.34898626111920383,1.442857142857143,0.16666666666666666,-0.5658666161820222,0.0296520647423778
0.05,slow_observer,144.0,-0.34898626111920383,1.5714285714285716,0.0,-0.6598067834028497,0.029254292575765364
0.05,slow_observer,144.0,-0.34898626111920383,1.7000000000000002,0.0,-0.7537562224314606,0.028878916715324793
0.05,slow_observer,144.0,-0.34898626111920383,1.8285714285714287,0.0,-0.8477440386022116,0.02855740433459414
0.05,slow_observer,144.0,-0.34898626111920383,1.9571428571428573,0.0,-0.9418511200882334,0.02836927560935036
0.05,slow_observer,144.0,-0.34898626111920383,2.085714285714286,0.0,-1.0361041883351418,0.028325762466704076
0.05,slow_observer,144.0,-0.34898626111920383,2.2142857142857144,0.0,-1.1303711636820404,0.028298544910206926
0.05,slow_observer,144.0,-0.34898626111920383,2.3428571428571434,0.0,-1.2247392901290526,0.028365211064417372
0.05,slow_observer,144.0,-0.34898626111920383,2.4714285714285715,0.0,-1.3191074165760655,0.028433474189989507
0.05,slow_observer,144.0,-0.34898626111920383,2.6000000000000005,0.0,-1.4134757018549597,0.028503465979843868
0.05,slow_observer,144.0,-0.34898626111920383,2.7285714285714286,0.0,-1.5078599212739607,0.028589397619848134
0.05,slow_observer,144.0,-0.34898626111920383,2.8571428571428577,0.0,-1.6022806513078744,0.02866348510342573
0.05,slow_observer,144.0,-0.34898626111920383,2.9857142857142858,0.0,-1.6967085109882742,0.028728506934705442
0.05,slow_observer,144.0,-0.34898626111920383,3.1142857142857148,0.0,-1.791136370668674,0.02879441726798605
0.05,slow_observer,144.0,-0.34898626111920383,3.242857142857143,0.0,-1.8855836197979692,0.028873117586789315
0.05,slow_observer,144.0,-0.34898626111920383,3.371428571428572,0.0,-1.9800341879166068,0.028955029731068938
0.05,slow_observer,144.0,-0.34898626111920383,3.5,0.0,-2.0744847560352437,0.02903812891995044
0.05,slow_observer,152.0,-1.4525399538632882,0.8,0.16666666666666666,-1.4525399538632884,2.220446049250313e-16
0.05,slow_observer,152.0,-1.4525399538632882,0.9285714285714286,0.16666666666666666,-1.4525399538632884,2.220446049250313e-16
0.05,slow_observer,152.0,-1.4525399538632882,1.0571428571428572,0.16666666666666666,-1.4525399538632884,2.220446049250313e-16
0.05,slow_observer,152.0,-1.4525399538632882,1.185714285714286,0.0,-1.4525399538632884,2.220446049250313e-16
0.05,slow_observer,152.0,-1.4525399538632882,1.3142857142857145,0.0,-1.4525399538632884,2.220446049250313e-16
0.05,slow_observer,152.0,-1.4525399538632882,1.442857142857143,0.0,-1.4525399538632884,2.220446049250313e-16
0.05,slow_observer,152.0,-1.4525399538632882,1.5714285714285716,0.0,-1.4525399538632884,2.220446049250313e-16
0.05,slow_observer,152.0,-1.4525399538632882,1.7000000000000002,0.0,-1.4525399538632884,2.220446049250313e-16
0.05,slow_observer,152.0,-1.4525399538632882,1.8285714285714287,0.0,-1.4525399538632884,2.220446049250313e-16
0.05,slow_observer,152.0,-1.4525399538632882,1.9571428571428573,0.0,-1.4525399538632884,2.220446049250313e-16
0.05,slow_observer,152.0,-1.4525399538632882,2.085714285714286,0.0,-1.4609150596057188,0.01703643170155735
0.05,slow_observer,152.0,-1.4525399538632882,2.2142857142857144,0.0,-1.519676799828441,0.042077032723178365
0.05,slow_observer,152.0,-1.4525399538632882,2.3428571428571434,0.0,-1.613451109307965,0.041656313866716796
0.05,slow_observer,152.0,-1.4525399538632882,2.4714285714285715,0.0,-1.7073041714634771,0.0412420767463574
0.05,slow_observer,152.0,-1.4525399538632882,2.6000000000000005,0.0,-1.8011572336189896,0.04082972576704687
0.05,slow_observer,152.0,-1.4525399538632882,2.7285714285714286,0.0,-1.895010295774501,0.04041931865509122
0.05,slow_observer,152.0,-1.4525399538632882,2.8571428571428577,0.0,-1.9889528484930803,0.04008041764530644
0.05,slow_observer,152.0,-1.4525399538632882,2.9857142857142858,0.0,-2.0829015365148433,0.03975092581994952
0.05,slow_observer,152.0,-1.4525399538632882,3.1142857142857148,0.0,-2.176850224536604,0.039426281075062415
0.05,slow_observer,152.0,-1.4525399538632882,3.242857142857143,0.0,-2.2707989125583663,0.039106604125415854
0.05,slow_observer,152.0,-1.4525399538632882,3.371428571428572,0.0,-2.364747600580129,0.038792017786910334
0.05,slow_observer,152.0,-1.4525399538632882,3.5,0.0,-2.4586962886018893,0.038482646903295045
0.05,slow_observer,160.0,-1.3255680624824175,0.8,0.3333333333333333,-1.3256441437657551,0.00017012292135759174
0.05,slow_observer,160.0,-1.3255680624824175,0.9285714285714286,0.3333333333333333,-1.325644143829,0.0001701230627782943
0.05,slow_observer,160.0,-1.3255680624824175,1.0571428571428572,0.16666666666666666,-1.3256441438922455,0.00017012320419907965
0.05,slow_observer,160.0,-1.3255680624824175,1.185714285714286,0.16666666666666666,-1.3256441439554907,0.00017012334561978225
0.05,slow_observer,160.0,-1.3255680624824175,1.3142857142857145,0.16666666666666666,-1.325644144018736,0.00017012348704056757
0.05,slow_observer,160.0,-1.3255680624824175,1.442857142857143,0.0,-1.3256441440819815,0.0001701236284613529
0.05,slow_observer,160.0,-1.3255680624824175,1.5714285714285716,0.0,-1.3256441441452267,0.00017012376988205548
0.05,slow_observer,160.0,-1.3255680624824175,1.7000000000000002,0.0,-1.325644144208472,0.0001701239113028408
0.05,slow_observer,160.0,-1.3255680624824175,1.8285714285714287,0.0,-1.325644144271717,0.00017012405272362618
0.05,slow_observer,160.0,-1.3255680624824175,1.9571428571428573,0.0,-1.3277961819706683,0.004780984223856848
0.05,slow_observer,160.0,-1.3255680624824175,2.085714285714286,0.0,-1.3627558143600567,0.036771997110922626
0.05,slow_observer,160.0,-1.3255680624824175,2.2142857142857144,0.0,-1.4544331228345486,0.03984289822661459
0.05,slow_observer,160.0,-1.3255680624824175,2.3428571428571434,0.0,-1.54865643304921,0.04010252405585911
0.05,slow_observer,160.0,-1.3255680624824175,2.4714285714285715,0.0,-1.6429006832086321,0.04038495524729077
0.05,slow_observer,160.0,-1.3255680624824175,2.6000000000000005,0.0,-1.7371837809473372,0.04065515367467146
0.05,slow_observer,160.0,-1.3255680624824175,2.7285714285714286,0.0,-1.8317135568396106,0.04078707637055748
0.05,slow_observer,160.0,-1.3255680624824175,2.8571428571428577,0.0,-1.9262744232793552,0.04090103286220741
0.05,slow_observer,160.0,-1.3255680624824175,2.9857142857142858,0.0,-2.020859508094134,0.041001378069607866
0.05,slow_observer,160.0,-1.3255680624824175,3.1142857142857148,0.0,-2.115444592908914,0.04110290596101789
0.05,slow_observer,160.0,-1.3255680624824175,3.242857142857143,0.0,-2.2100296777236945,0.04120560779427564
0.05,slow_observer,160.0,-1.3255680624824175,3.371428571428572,0.0,-2.304614762538474,0.041309474813568545
0.05,slow_observer,160.0,-1.3255680624824175,3.5,0.0,-2.3991998473532545,0.041414498252083216
0.05,slow_observer,168.0,-0.7867176967783021,0.8,0.3333333333333333,-0.7874815553927492,0.0010807574814271181
0.05,slow_observer,168.0,-0.7867176967783021,0.9285714285714286,0.3333333333333333,-0.787481555582485,0.0010807576155288086
0.05,slow_observer,168.0,-0.7867176967783021,1.0571428571428572,0.3333333333333333,-0.7874815557722208,0.0010807577496304772
0.05,slow_observer,168.0,-0.7867176967783021,1.185714285714286,0.3333333333333333,-0.7874815559619567,0.0010807578837321622
0.05,slow_observer,168.0,-0.7867176967783021,1.3142857142857145,0.3333333333333333,-0.7874815561516927,0.0010807580178338644
0.05,slow_observer,168.0,-0.7867176967783021,1.442857142857143,0.0,-0.7874815563414285,0.0010807581519356219
0.05,slow_observer,168.0,-0.7867176967783021,1.5714285714285716,0.0,-0.8288399892518972,0.030697424757495047
0.05,slow_observer,168.0,-0.7867176967783021,1.7000000000000002,0.0,-0.9213110948618866,0.03208859428361473
0.05,slow_observer,168.0,-0.7867176967783021,1.8285714285714287,0.0,-1.0152236679842623,0.03142847201487898
0.05,slow_observer,168.0,-0.7867176967783021,1.9571428571428573,0.0,-1.1092864931302373,0.030985417775351975
0.05,slow_observer,168.0,-0.7867176967783021,2.085714285714286,0.0,-1.2034435579828175,0.03067305998857024
0.05,slow_observer,168.0,-0.7867176967783021,2.2142857142857144,0.0,-1.2976813969588405,0.030384949059411612
0.05,slow_observer,168.0,-0.7867176967783021,2.3428571428571434,0.0,-1.3919580268567415,0.030153943986928947
0.05,slow_observer,168.0,-0.7867176967783021,2.4714285714285715,0.0,-1.4862490247839109,0.029925531694553455
0.05,slow_observer,168.0,-0.7867176967783021,2.6000000000000005,0.0,-1.580621690031693,0.0297215329893518
0.05,slow_observer,168.0,-0.7867176967783021,2.7285714285714286,0.0,-1.6749943552794726,0.0295199276758583
0.05,slow_observer,168.0,-0.7867176967783021,2.8571428571428577,0.0,-1.7693670205272547,0.02932076512395305
0.05,slow_observer,168.0,-0.7867176967783021,2.9857142857142858,0.0,-1.8637396857750355,0.02912409544750785
0.05,slow_observer,168.0,-0.7867176967783021,3.1142857142857148,0.0,-1.9581123510228167,0.0289299694872353
0.05,slow_observer,168.0,-0.7867176967783021,3.242857142857143,0.0,-2.0524850162705977,0.028738438791009582
0.05,slow_observer,168.0,-0.7867176967783021,3.371428571428572,0.0,-2.1468576815183784,0.028549555591500877
0.05,slow_observer,168.0,-0.7867176967783021,3.5,0.0,-2.241230346766159,0.02836337278101939
0.05,slow_observer,176.0,-0.42368734981869244,0.8,0.5,-0.42412012409703115,0.0007057636997648562
0.05,slow_observer,176.0,-0.42368734981869244,0.9285714285714286,0.5,-0.42412012442848407,0.0007057640450480255
0.05,slow_observer,176.0,-0.42368734981869244,1.0571428571428572,0.5,-0.42412012475993704,0.0007057643903313589
0.05,slow_observer,176.0,-0.42368734981869244,1.185714285714286,0.3333333333333333,-0.42412012509138997,0.0007057647356148527
0.05,slow_observer,176.0,-0.42368734981869244,1.3142857142857145,0.16666666666666666,-0.4872656896206837,0.014365886968377733
0.05,slow_observer,176.0,-0.42368734981869244,1.442857142857143,0.16666666666666666,-0.5815914996817684,0.01414015611058496
0.05,slow_observer,176.0,-0.42368734981869244,1.5714285714285716,0.0,-0.6759173097428538,0.013921073819040062
0.05,slow_observer,176.0,-0.42368734981869244,1.7000000000000002,0.0,-0.7702431198039384,0.013708958848817225
0.05,slow_observer,176.0,-0.42368734981869244,1.8285714285714287,0.0,-0.8645689298650234,0.013504139519491913
0.05,slow_observer,176.0,-0.42368734981869244,1.9571428571428573,0.0,-0.9589195532877627,0.013258535531883225
0.05,slow_observer,176.0,-0.42368734981869244,2.085714285714286,0.0,-1.0533408439367449,0.012976164282970493
0.05,slow_observer,176.0,-0.42368734981869244,2.2142857142857144,0.0,-1.1477726244193702,0.012702800993194499
0.05,slow_observer,176.0,-0.42368734981869244,2.3428571428571434,0.0,-1.2422044049019967,0.01243676843082252
0.05,slow_observer,176.0,-0.42368734981869244,2.4714285714285715,0.0,-1.3366361853846216,0.012178547010470647
0.05,slow_observer,176.0,-0.42368734981869244,2.6000000000000005,0.0,-1.4310679658672474,0.011928644010352447
0.05,slow_observer,176.0,-0.42368734981869244,2.7285714285714286,0.0,-1.5255295898859058,0.011699073146764829
0.05,slow_observer,176.0,-0.42368734981869244,2.8571428571428577,0.0,-1.620099736921549,0.011516386475908446
0.05,slow_observer,176.0,-0.42368734981869244,2.9857142857142858,0.0,-1.7146698839571923,0.011336320023645634
0.05,slow_observer,176.0,-0.42368734981869244,3.1142857142857148,0.0,-1.8092400309928347,0.011159000633633709
0.05,slow_observer,176.0,-0.42368734981869244,3.242857142857143,0.0,-1.9038101780284775,0.010984561340866068
0.05,slow_observer,176.0,-0.42368734981869244,3.371428571428572,0.0,-1.9983886824171304,0.010816464682877185
0.05,slow_observer,176.0,-0.42368734981869244,3.5,0.0,-2.0930133331686958,0.010696547373924361
0.05,slow_observer,184.0,-1.2155127722405288,0.8,0.16666666666666666,-1.2155127722405288,0.0
0.05,slow_observer,184.0,-1.2155127722405288,0.9285714285714286,0.0,-1.2155127722405288,0.0
0.05,slow_observer,184.0,-1.2155127722405288,1.0571428571428572,0.0,-1.2155127722405288,0.0
0.05,slow_observer,184.0,-1.2155127722405288,1.185714285714286,0.0,-1.2155127722405288,0.0
0.05,slow_observer,184.0,-1.2155127722405288,1.3142857142857145,0.0,-1.2155127722405288,0.0
0.05,slow_observer,184.0,-1.2155127722405288,1.442857142857143,0.0,-1.2155127722405288,0.0
0.05,slow_observer,184.0,-1.2155127722405288,1.5714285714285716,0.0,-1.2155127722405288,0.0
0.05,slow_observer,184.0,-1.2155127722405288,1.7000000000000002,0.0,-1.2155127722405288,0.0
0.05,slow_observer,184.0,-1.2155127722405288,1.8285714285714287,0.0,-1.2186689953305996,0.007057529381552496
0.05,slow_observer,184.0,-1.2155127722405288,1.9571428571428573,0.0,-1.273100915045709,0.03005667231993341
0.05,slow_observer,184.0,-1.2155127722405288,2.085714285714286,0.0,-1.366531031635261,0.03026869306819919
0.05,slow_observer,184.0,-1.2155127722405288,2.2142857142857144,0.0,-1.460192005683001,0.03041429066984402
0.05,slow_observer,184.0,-1.2155127722405288,2.3428571428571434,0.0,-1.554224979121451,0.03042443743400585
0.05,slow_observer,184.0,-1.2155127722405288,2.4714285714285715,0.0,-1.6483393746308568,0.030435625205055064
0.05,slow_observer,184.0,-1.2155127722405288,2.6000000000000005,0.0,-1.742492256176467,0.03045257335696567
0.05,slow_observer,184.0,-1.2155127722405288,2.7285714285714286,0.0,-1.8366654434601521,0.03049004562800602
0.05,slow_observer,184.0,-1.2155127722405288,2.8571428571428577,0.0,-1.9308448719645002,0.030539147882366193
0.05,slow_observer,184.0,-1.2155127722405288,2.9857142857142858,0.0,-2.0250243004688464,0.03059605425835548
0.05,slow_observer,184.0,-1.2155127722405288,3.1142857142857148,0.0,-2.1192037289731935,0.03066072130260055
0.05,slow_observer,184.0,-1.2155127722405288,3.242857142857143,0.0,-2.213498795713365,0.030630360106750888
0.05,slow_observer,184.0,-1.2155127722405288,3.371428571428572,0.0,-2.3078817937431677,0.03052486445122598
0.05,slow_observer,184.0,-1.2155127722405288,3.5,0.0,-2.402353080512788,0.030469274943335293
0.05,slow_observer,192.0,-1.751163263841916,0.8,0.16666666666666666,-1.7511632638419157,2.220446049250313e-16
0.05,slow_observer,192.0,-1.751163263841916,0.9285714285714286,0.16666666666666666,-1.7511632638419157,2.220446049250313e-16
0.05,slow_observer,192.0,-1.751163263841916,1.0571428571428572,0.16666666666666666,-1.7511632638419157,2.220446049250313e-16
0.05,slow_observer,192.0,-1.751163263841916,1.185714285714286,0.16666666666666666,-1.7511632638419157,2.220446049250313e-16
0.05,slow_observer,192.0,-1.751163263841916,1.3142857142857145,0.16666666666666666,-1.7511632638419157,2.220446049250313e-16
0.05,slow_observer,192.0,-1.751163263841916,1.442857142857143,0.16666666666666666,-1.7511632638419157,2.220446049250313e-16
0.05,slow_observer,192.0,-1.751163263841916,1.5714285714285716,0.16666666666666666,-1.7511632638419157,2.220446049250313e-16
0.05,slow_observer,192.0,-1.751163263841916,1.7000000000000002,0.16666666666666666,-1.7511632638419157,2.220446049250313e-16
0.05,slow_observer,192.0,-1.751163263841916,1.8285714285714287,0.16666666666666666,-1.7511632638419157,2.220446049250313e-16
0.05,slow_observer,192.0,-1.751163263841916,1.9571428571428573,0.0,-1.7511632638419157,2.220446049250313e-16
0.05,slow_observer,192.0,-1.751163263841916,2.085714285714286,0.0,-1.7511632638419157,2.220446049250313e-16
0.05,slow_observer,192.0,-1.751163263841916,2.2142857142857144,0.0,-1.7511632638419157,2.220446049250313e-16
0.05,slow_observer,192.0,-1.751163263841916,2.3428571428571434,0.0,-1.7511632638419157,2.220446049250313e-16
0.05,slow_observer,192.0,-1.751163263841916,2.4714285714285715,0.0,-1.8193238195901118,0.030622066287008184
0.05,slow_observer,192.0,-1.751163263841916,2.6000000000000005,0.0,-1.9132409808287407,0.030413355894170244
0.05,slow_observer,192.0,-1.751163263841916,2.7285714285714286,0.0,-2.007187949985305,0.0302357455433705
0.05,slow_observer,192.0,-1.751163263841916,2.8571428571428577,0.0,-2.10115763782165,0.030084509045685694
0.05,slow_observer,192.0,-1.751163263841916,2.9857142857142858,0.0,-2.195230583506358,0.029980346259647767
0.05,slow_observer,192.0,-1.751163263841916,3.1142857142857148,0.0,-2.2893207946835648,0.02989302237313347
0.05,slow_observer,192.0,-1.751163263841916,3.242857142857143,0.0,-2.3834555582809855,0.029842627612533736
0.05,slow_observer,192.0,-1.751163263841916,3.371428571428572,0.0,-2.477735151161459,0.029882583108724648
0.05,slow_observer,192.0,-1.751163263841916,3.5,0.0,-2.57204685385171,0.029946424036259595
0.05,slow_observer,200.0,-1.1550531933130752,0.8,0.3333333333333333,-1.1551775842002843,0.0002781464795807978
0.05,slow_observer,200.0,-1.1550531933130752,0.9285714285714286,0.3333333333333333,-1.1551775842635295,0.0002781466210015004
0.05,slow_observer,200.0,-1.1550531933130752,1.0571428571428572,0.0,-1.1551775843267749,0.0002781467624222857
0.05,slow_observer,200.0,-1.1550531933130752,1.185714285714286,0.0,-1.1551775843900203,0.00027814690384307103
0.05,slow_observer,200.0,-1.1550531933130752,1.3142857142857145,0.0,-1.1551775844532655,0.0002781470452637736
0.05,slow_observer,200.0,-1.1550531933130752,1.442857142857143,0.0,-1.1551775845165106,0.00027814718668455894
0.05,slow_observer,200.0,-1.1550531933130752,1.5714285714285716,0.0,-1.155177584579756,0.00027814732810526157
0.05,slow_observer,200.0,-1.1550531933130752,1.7000000000000002,0.0,-1.1551775846430012,0.00027814746952604686
0.05,slow_observer,200.0,-1.1550531933130752,1.8285714285714287,0.0,-1.1551775847062467,0.00027814761094683215
0.05,slow_observer,200.0,-1.1550531933130752,1.9571428571428573,0.0,-1.2156655963061744,0.02294497941754084
0.05,slow_observer,200.0,-1.1550531933130752,2.085714285714286,0.0,-1.3094261018033204,0.022793000617590833
0.05,slow_observer,200.0,-1.1550531933130752,2.2142857142857144,0.0,-1.4035181789276467,0.02279751839303949
0.05,slow_observer,200.0,-1.1550531933130752,2.3428571428571434,0.0,-1.4976121260416375,0.022824390659593095
0.05,slow_observer,200.0,-1.1550531933130752,2.4714285714285715,0.0,-1.5917060731556274,0.02287224534190595
0.05,slow_observer,200.0,-1.1550531933130752,2.6000000000000005,0.0,-1.6858000202696184,0.02294095113278665
0.05,slow_observer,200.0,-1.1550531933130752,2.7285714285714286,0.0,-1.7798939673836085,0.023030321419193693
0.05,slow_observer,200.0,-1.1550531933130752,2.8571428571428577,0.0,-1.8740126428171557,0.02310639390177385
0.05,slow_observer,200.0,-1.1550531933130752,2.9857142857142858,0.0,-1.9682321002309964,0.023059041438648977
0.05,slow_observer,200.0,-1.1550531933130752,3.1142857142857148,0.0,-2.062619529956365,0.022783747538634908
0.05,slow_observer,200.0,-1.1550531933130752,3.242857142857143,0.0,-2.157007560546734,0.022510451431137415
0.05,slow_observer,200.0,-1.1550531933130752,3.371428571428572,0.0,-2.251395591137101,0.02224009565757972
0.05,slow_observer,200.0,-1.1550531933130752,3.5,0.0,-2.34578362172747,0.02197278875287097
0.05,slow_observer,208.0,-0.6581883745119012,0.8,0.5,-0.6581883745119012,0.0
0.05,slow_observer,208.0,-0.6581883745119012,0.9285714285714286,0.3333333333333333,-0.6581883745119012,0.0
0.05,slow_observer,208.0,-0.6581883745119012,1.0571428571428572,0.16666666666666666,-0.6581883745119012,0.0
0.05,slow_observer,208.0,-0.6581883745119012,1.185714285714286,0.16666666666666666,-0.6581883745119012,0.0
0.05,slow_observer,208.0,-0.6581883745119012,1.3142857142857145,0.16666666666666666,-0.6581883745119012,0.0
0.05,slow_observer,208.0,-0.6581883745119012,1.442857142857143,0.16666666666666666,-0.6750164830948937,0.02078508808679271
0.05,slow_observer,208.0,-0.6581883745119012,1.5714285714285716,0.16666666666666666,-0.7572862110024571,0.03157150357934621
0.05,slow_observer,208.0,-0.6581883745119012,1.7000000000000002,0.16666666666666666,-0.8512021699520385,0.031772035585614956
0.05,slow_observer,208.0,-0.6581883745119012,1.8285714285714287,0.16666666666666666,-0.9451399217603905,0.0319590071745956
0.05,slow_observer,208.0,-0.6581883745119012,1.9571428571428573,0.16666666666666666,-1.0392249730756136,0.03204512242674922
0.05,slow_observer,208.0,-0.6581883745119012,2.085714285714286,0.0,-1.1333249511424364,0.032147163581351904
0.05,slow_observer,208.0,-0.6581883745119012,2.2142857142857144,0.0,-1.2274332328252227,0.032265774517593646
0.05,slow_observer,208.0,-0.6581883745119012,2.3428571428571434,0.0,-1.3216692841659132,0.03244639400690278
0.05,slow_observer,208.0,-0.6581883745119012,2.4714285714285715,0.0,-1.416026654196138,0.03264369043383537
0.05,slow_observer,208.0,-0.6581883745119012,2.6000000000000005,0.0,-1.5103840242263635,0.032842914507330595
0.05,slow_observer,208.0,-0.6581883745119012,2.7285714285714286,0.0,-1.6047413942565871,0.03304403136178222
0.05,slow_observer,208.0,-0.6581883745119012,2.8571428571428577,0.0,-1.6990987642868125,0.03324700664793548
0.05,slow_observer,208.0,-0.6581883745119012,2.9857142857142858,0.0,-1.7934641707873107,0.03344500087562991
0.05,slow_observer,208.0,-0.6581883745119012,3.1142857142857148,0.0,-1.8878321490898948,0.033642614656083966
0.05,slow_observer,208.0,-0.6581883745119012,3.242857142857143,0.0,-1.9822001273924794,0.03384199515631357
0.05,slow_observer,208.0,-0.6581883745119012,3.371428571428572,0.0,-2.076568105695065,0.03404311133485688
0.05,slow_observer,208.0,-0.6581883745119012,3.5,0.0,-2.1709360839976495,0.034245932612358934
0.05,slow_observer,216.0,-0.8480236602913911,0.8,0.3333333333333333,-0.8481395261850208,0.00025908401442993465
0.05,slow_observer,216.0,-0.8480236602913911,0.9285714285714286,0.16666666666666666,-0.848139526248266,0.00025908415585067864
0.05,slow_observer,216.0,-0.8480236602913911,1.0571428571428572,0.16666666666666666,-0.8481395263115113,0.0002590842972714225
0.05,slow_observer,216.0,-0.8480236602913911,1.185714285714286,0.16666666666666666,-0.8481395263747565,0.0002590844386922079
0.05,slow_observer,216.0,-0.8480236602913911,1.3142857142857145,0.16666666666666666,-0.8481395264380018,0.00025908458011295185
0.05,slow_observer,216.0,-0.8480236602913911,1.442857142857143,0.16666666666666666,-0.8481395265012472,0.0002590847215336958
0.05,slow_observer,216.0,-0.8480236602913911,1.5714285714285716,0.16666666666666666,-0.8529353232189183,0.010674929065310694
0.05,slow_observer,216.0,-0.8480236602913911,1.7000000000000002,0.16666666666666666,-0.9111091798784953,0.03521540963151675
0.05,slow_observer,216.0,-0.8480236602913911,1.8285714285714287,0.16666666666666666,-1.0046531822810019,0.034760281379183154
0.05,slow_observer,216.0,-0.8480236602913911,1.9571428571428573,0.0,-1.098279992272168,0.03444232764354995
0.05,slow_observer,216.0,-0.8480236602913911,2.085714285714286,0.0,-1.192054205586916,0.03422730257240642
0.05,slow_observer,216.0,-0.8480236602913911,2.2142857142857144,0.0,-1.2858668236552755,0.034039507910810715
0.05,slow_observer,216.0,-0.8480236602913911,2.3428571428571434,0.0,-1.3797798745942258,0.0339023046963259
0.05,slow_observer,216.0,-0.8480236602913911,2.4714285714285715,0.0,-1.4737391372012822,0.03377014866694049
0.05,slow_observer,216.0,-0.8480236602913911,2.6000000000000005,0.0,-1.5678724704000466,0.03363213961081848
0.05,slow_observer,216.0,-0.8480236602913911,2.7285714285714286,0.0,-1.6620282923046474,0.033502770761891704
0.05,slow_observer,216.0,-0.8480236602913911,2.8571428571428577,0.0,-1.7561841142092482,0.033382039352581924
0.05,slow_observer,216.0,-0.8480236602913911,2.9857142857142858,0.0,-1.8503399361138484,0.033270039414495065
0.05,slow_observer,216.0,-0.8480236602913911,3.1142857142857148,0.0,-1.944495758018449,0.03316685940269172
0.05,slow_observer,216.0,-0.8480236602913911,3.242857142857143,0.0,-2.038696191366814,0.0330645254236119
0.05,slow_observer,216.0,-0.8480236602913911,3.371428571428572,0.0,-2.1330044350214616,0.03294771266205403
0.05,slow_observer,216.0,-0.8480236602913911,3.5,0.0,-2.2274402984901447,0.032810119124661814
0.05,slow_observer,224.0,-2.0431543941583787,0.8,0.16666666666666666,-2.0431543941583787,0.0
0.05,slow_observer,224.0,-2.0431543941583787,0.9285714285714286,0.16666666666666666,-2.0431543941583787,0.0
0.05,slow_observer,224.0,-2.0431543941583787,1.0571428571428572,0.0,-2.0431543941583787,0.0
0.05,slow_observer,224.0,-2.0431543941583787,1.185714285714286,0.0,-2.0431543941583787,0.0
0.05,slow_observer,224.0,-2.0431543941583787,1.3142857142857145,0.0,-2.0431543941583787,0.0
0.05,slow_observer,224.0,-2.0431543941583787,1.442857142857143,0.0,-2.0431543941583787,0.0
0.05,slow_observer,224.0,-2.0431543941583787,1.5714285714285716,0.0,-2.0431543941583787,0.0
0.05,slow_observer,224.0,-2.0431543941583787,1.7000000000000002,0.0,-2.0431543941583787,0.0
0.05,slow_observer,224.0,-2.0431543941583787,1.8285714285714287,0.0,-2.0431543941583787,0.0
0.05,slow_observer,224.0,-2.0431543941583787,1.9571428571428573,0.0,-2.0431543941583787,0.0
0.05,slow_observer,224.0,-2.0431543941583787,2.085714285714286,0.0,-2.0431543941583787,0.0
0.05,slow_observer,224.0,-2.0431543941583787,2.2142857142857144,0.0,-2.0431543941583787,0.0
0.05,slow_observer,224.0,-2.0431543941583787,2.3428571428571434,0.0,-2.0431543941583787,0.0
0.05,slow_observer,224.0,-2.0431543941583787,2.4714285714285715,0.0,-2.0431543941583787,0.0
0.05,slow_observer,224.0,-2.0431543941583787,2.6000000000000005,0.0,-2.0449817204141367,0.0040860257249450286
0.05,slow_observer,224.0,-2.0431543941583787,2.7285714285714286,0.0,-2.0965039187365035,0.03184162165730624
0.05,slow_observer,224.0,-2.0431543941583787,2.8571428571428577,0.0,-2.189306864235005,0.0327061653618465
0.05,slow_observer,224.0,-2.0431543941583787,2.9857142857142858,0.0,-2.2829790972443083,0.03209481319609216
0.05,slow_observer,224.0,-2.0431543941583787,3.1142857142857148,0.0,-2.3766513302536123,0.03148921511791133
0.05,slow_observer,224.0,-2.0431543941583787,3.242857142857143,0.0,-2.47052031645199,0.030936045208235428
0.05,slow_observer,224.0,-2.0431543941583787,3.371428571428572,0.0,-2.5644789815941147,0.030442421800947618
0.05,slow_observer,224.0,-2.0431543941583787,3.5,0.0,-2.658454624986689,0.029954188652741482
0.05,slow_observer,232.0,-1.5733198527207577,0.8,0.16666666666666666,-1.5739527900342887,0.001415290858551201
0.05,slow_observer,232.0,-1.5733198527207577,0.9285714285714286,0.0,-1.5739527900975336,0.0014152909999719037
0.05,slow_observer,232.0,-1.5733198527207577,1.0571428571428572,0.0,-1.573952790160779,0.001415291141392689
0.05,slow_observer,232.0,-1.5733198527207577,1.185714285714286,0.0,-1.5739527902240245,0.0014152912828134744
0.05,slow_observer,232.0,-1.5733198527207577,1.3142857142857145,0.0,-1.5739527902872696,0.001415291424234177
0.05,slow_observer,232.0,-1.5733198527207577,1.442857142857143,0.0,-1.573952790350515,0.0014152915656549623
0.05,slow_observer,232.0,-1.5733198527207577,1.5714285714285716,0.0,-1.5739527904137602,0.0014152917070757477
0.05,slow_observer,232.0,-1.5733198527207577,1.7000000000000002,0.0,-1.5739527904770056,0.0014152918484964501
0.05,slow_observer,232.0,-1.5733198527207577,1.8285714285714287,0.0,-1.573952790540251,0.0014152919899172354
0.05,slow_observer,232.0,-1.5733198527207577,1.9571428571428573,0.0,-1.573952790603496,0.001415292131337938
0.05,slow_observer,232.0,-1.5733198527207577,2.085714285714286,0.0,-1.5739527906667414,0.0014152922727587234
0.05,slow_observer,232.0,-1.5733198527207577,2.2142857142857144,0.0,-1.5831003197824993,0.012940973598333424
0.05,slow_observer,232.0,-1.5733198527207577,2.3428571428571434,0.0,-1.6738453144337442,0.016460741690123806
0.05,slow_observer,232.0,-1.5733198527207577,2.4714285714285715,0.0,-1.7677918645105253,0.016868177036358394
0.05,slow_observer,232.0,-1.5733198527207577,2.6000000000000005,0.0,-1.8617631739073077,0.017253157218200216
0.05,slow_observer,232.0,-1.5733198527207577,2.7285714285714286,0.0,-1.9558396980883537,0.017494236501351935
0.05,slow_observer,232.0,-1.5733198527207577,2.8571428571428577,0.0,-2.049972084216663,0.017658057256585116
0.05,slow_observer,232.0,-1.5733198527207577,2.9857142857142858,0.0,-2.144122605543687,0.017798721743974087
0.05,slow_observer,232.0,-1.5733198527207577,3.1142857142857148,0.0,-2.2382872878116378,0.017943390954560313
0.05,slow_observer,232.0,-1.5733198527207577,3.242857142857143,0.0,-2.3324655667788368,0.018091090130769833
0.05,slow_observer,232.0,-1.5733198527207577,3.371428571428572,0.0,-2.4266608120770288,0.018215640034626928
0.05,slow_observer,232.0,-1.5733198527207577,3.5,0.0,-2.5209400644603535,0.01822388684796771
0.05,slow_observer,240.0,-0.9718522149941262,0.8,0.16666666666666666,-0.971882791468991,6.837107631029614e-05
0.05,slow_observer,240.0,-0.9718522149941262,0.9285714285714286,0.16666666666666666,-0.9718827915322364,6.83712177310401e-05
0.05,slow_observer,240.0,-0.9718522149941262,1.0571428571428572,0.16666666666666666,-0.9718827915954815,6.837135915178405e-05
0.05,slow_observer,240.0,-0.9718522149941262,1.185714285714286,0.16666666666666666,-0.9718827916587269,6.83715005725694e-05
0.05,slow_observer,240.0,-0.9718522149941262,1.3142857142857145,0.16666666666666666,-0.9718827917219723,6.837164199331336e-05
0.05,slow_observer,240.0,-0.9718522149941262,1.442857142857143,0.16666666666666666,-0.9718827917852174,6.837178341405731e-05
0.05,slow_observer,240.0,-0.9718522149941262,1.5714285714285716,0.0,-0.9718827918484628,6.837192483480127e-05
0.05,slow_observer,240.0,-0.9718522149941262,1.7000000000000002,0.0,-0.9811802276528062,0.01066133900319875
0.05,slow_observer,240.0,-0.9718522149941262,1.8285714285714287,0.0,-1.0520014918990495,0.03535083328870801
0.05,slow_observer,240.0,-0.9718522149941262,1.9571428571428573,0.0,-1.1453143897063083,0.036038268164473954
0.05,slow_observer,240.0,-0.9718522149941262,2.085714285714286,0.0,-1.23916938851442,0.0364209345991134
0.05,slow_observer,240.0,-0.9718522149941262,2.2142857142857144,0.0,-1.3333153726621485,0.0366365958284011
0.05,slow_observer,240.0,-0.9718522149941262,2.3428571428571434,0.0,-1.4274613568098775,0.03685740093441041
0.05,slow_observer,240.0,-0.9718522149941262,2.4714285714285715,0.0,-1.5216073409576059,0.037083258032593186
0.05,slow_observer,240.0,-0.9718522149941262,2.6000000000000005,0.0,-1.6157533251053346,0.037314075385965685
0.05,slow_observer,240.0,-0.9718522149941262,2.7285714285714286,0.0,-1.7098993092530632,0.037549761522982096
0.05,slow_observer,240.0,-0.9718522149941262,2.8571428571428577,0.0,-1.8041073658733733,0.037685977790394155
0.05,slow_observer,240.0,-0.9718522149941262,2.9857142857142858,0.0,-1.8983162479163551,0.03782440883927119
0.05,slow_observer,240.0,-0.9718522149941262,3.1142857142857148,0.0,-1.9925527119958577,0.03795021390613503
0.05,slow_observer,240.0,-0.9718522149941262,3.242857142857143,0.0,-2.0868005767809072,0.038073087039429236
0.05,slow_observer,240.0,-0.9718522149941262,3.371428571428572,0.0,-2.1810484415659572,0.03819972052578246
0.05,slow_observer,240.0,-0.9718522149941262,3.5,0.0,-2.27534677385813,0.03827678710031275
0.05,slow_observer,248.0,-0.5099617057766452,0.8,0.16666666666666666,-0.5101667995963213,0.0004586037225606652
0.05,slow_observer,248.0,-0.5099617057766452,0.9285714285714286,0.16666666666666666,-0.5101667996595666,0.00045860386398145065
0.05,slow_observer,248.0,-0.5099617057766452,1.0571428571428572,0.16666666666666666,-0.5101667997228119,0.0004586040054021945
0.05,slow_observer,248.0,-0.5099617057766452,1.185714285714286,0.16666666666666666,-0.5101667997860572,0.0004586041468229385
0.05,slow_observer,248.0,-0.5099617057766452,1.3142857142857145,0.0,-0.5221678824838605,0.014475059884638574
0.05,slow_observer,248.0,-0.5099617057766452,1.442857142857143,0.0,-0.6001649731038597,0.02939224955038176
0.05,slow_observer,248.0,-0.5099617057766452,1.5714285714285716,0.0,-0.6939908202676447,0.028886124341544413
0.05,slow_observer,248.0,-0.5099617057766452,1.7000000000000002,0.0,-0.7878178915026716,0.02839320111177711
0.05,slow_observer,248.0,-0.5099617057766452,1.8285714285714287,0.0,-0.8816449627376984,0.02791537787137714
0.05,slow_observer,248.0,-0.5099617057766452,1.9571428571428573,0.0,-0.9754720339727255,0.027453443071115302
0.05,slow_observer,248.0,-0.5099617057766452,2.085714285714286,0.0,-1.069418578602038,0.027125206908139615
0.05,slow_observer,248.0,-0.5099617057766452,2.2142857142857144,0.0,-1.1633667111461015,0.026809212633383397
0.05,slow_observer,248.0,-0.5099617057766452,2.3428571428571434,0.0,-1.2574692045633864,0.026530057327481305
0.05,slow_observer,248.0,-0.5099617057766452,2.4714285714285715,0.0,-1.351704372117087,0.02628162603706647
0.05,slow_observer,248.0,-0.5099617057766452,2.6000000000000005,0.0,-1.4459557689736027,0.026055335453287826
0.05,slow_observer,248.0,-0.5099617057766452,2.7285714285714286,0.0,-1.5404233625296344,0.025990576613816378
0.05,slow_observer,248.0,-0.5099617057766452,2.8571428571428577,0.0,-1.6349418296861062,0.025927975899468096
0.05,slow_observer,248.0,-0.5099617057766452,2.9857142857142858,0.0,-1.7294602968425776,0.025866554473026382
0.05,slow_observer,248.0,-0.5099617057766452,3.1142857142857148,0.0,-1.8239859911567138,0.025812646173516536
0.05,slow_observer,248.0,-0.5099617057766452,3.242857142857143,0.0,-1.9185122259788538,0.025760409517781822
0.05,slow_observer,248.0,-0.5099617057766452,3.371428571428572,0.0,-2.013038460800994,0.02570937885678
0.05,slow_observer,248.0,-0.5099617057766452,3.5,0.0,-2.107659526828712,0.0257997304160167
0.05,slow_observer,256.0,-0.1562651980080868,0.8,0.8333333333333334,-0.15636972721930353,0.00023373442191503292
0.05,slow_observer,256.0,-0.1562651980080868,0.9285714285714286,0.8333333333333334,-0.1563697272825488,0.00023373456333578718
0.05,slow_observer,256.0,-0.1562651980080868,1.0571428571428572,0.5,-0.19120865582965077,0.026317405942960313
0.05,slow_observer,256.0,-0.1562651980080868,1.185714285714286,0.5,-0.280193775772738,0.03311569294758936
0.05,slow_observer,256.0,-0.1562651980080868,1.3142857142857145,0.3333333333333333,-0.3740571993694064,0.03232038925370788
0.05,slow_observer,256.0,-0.1562651980080868,1.442857142857143,0.0,-0.46807857626905286,0.03168188368717835
0.05,slow_observer,256.0,-0.1562651980080868,1.5714285714285716,0.0,-0.5621012113432126,0.031051906165072786
0.05,slow_observer,256.0,-0.1562651980080868,1.7000000000000002,0.0,-0.6561238464173721,0.03043022632717707
0.05,slow_observer,256.0,-0.1562651980080868,1.8285714285714287,0.0,-0.7501464814915312,0.0298173631879828
0.05,slow_observer,256.0,-0.1562651980080868,1.9571428571428573,0.0,-0.8441691165656909,0.029213871636040986
0.05,slow_observer,256.0,-0.1562651980080868,2.085714285714286,0.0,-0.9381917516398502,0.028620344508272267
0.05,slow_observer,256.0,-0.1562651980080868,2.2142857142857144,0.0,-1.0322954915073097,0.028081178034480715
0.05,slow_observer,256.0,-0.1562651980080868,2.3428571428571434,0.0,-1.1266165228660303,0.027711842995124223
0.05,slow_observer,256.0,-0.1562651980080868,2.4714285714285715,0.0,-1.2212313057026212,0.02763929099630341
0.05,slow_observer,256.0,-0.1562651980080868,2.6000000000000005,0.0,-1.3158460885392134,0.02756755396625421
0.05,slow_observer,256.0,-0.1562651980080868,2.7285714285714286,0.0,-1.4104608713758047,0.02749663828358638
0.05,slow_observer,256.0,-0.1562651980080868,2.8571428571428577,0.0,-1.505075654212396,0.027426550319470926
0.05,slow_observer,256.0,-0.1562651980080868,2.9857142857142858,0.0,-1.5996904370489877,0.02735729643562438
0.05,slow_observer,256.0,-0.1562651980080868,3.1142857142857148,0.0,-1.6943052198855784,0.027288882982247752
0.05,slow_observer,256.0,-0.1562651980080868,3.242857142857143,0.0,-1.78892000272217,0.027221316295929943
0.05,slow_observer,256.0,-0.1562651980080868,3.371428571428572,0.0,-1.883534785558762,0.02715460269750487
0.05,slow_observer,256.0,-0.1562651980080868,3.5,0.0,-1.9781495683953525,0.027088748489875584
0.05,slow_observer,264.0,0.11458071882924183,0.8,0.8333333333333334,0.06320480964661927,0.028744299869770992
0.05,slow_observer,264.0,0.11458071882924183,0.9285714285714286,0.8333333333333334,-0.028568034307179278,0.028028775110940596
0.05,slow_observer,264.0,0.11458071882924183,1.0571428571428572,0.3333333333333333,-0.12104723262105109,0.027270167403144883
0.05,slow_observer,264.0,0.11458071882924183,1.185714285714286,0.3333333333333333,-0.21422995766167416,0.0266833559368732
0.05,slow_observer,264.0,0.11458071882924183,1.3142857142857145,0.16666666666666666,-0.30749196905795695,0.026249574901791518
0.05,slow_observer,264.0,0.11458071882924183,1.442857142857143,0.16666666666666666,-0.40079186742518624,0.02591880860958245
0.05,slow_observer,264.0,0.11458071882924183,1.5714285714285716,0.0,-0.4943086057603998,0.02590456446419363
0.05,slow_observer,264.0,0.11458071882924183,1.7000000000000002,0.0,-0.5879272807741952,0.02607566775186547
0.05,slow_observer,264.0,0.11458071882924183,1.8285714285714287,0.0,-0.6818641792314356,0.026017736364095562
0.05,slow_observer,264.0,0.11458071882924183,1.9571428571428573,0.0,-0.776038431008527,0.02619202637587619
0.05,slow_observer,264.0,0.11458071882924183,2.085714285714286,0.0,-0.8703944877977156,0.02654996543271565
0.05,slow_observer,264.0,0.11458071882924183,2.2142857142857144,0.0,-0.9648160739302535,0.02687229579680482
0.05,slow_observer,264.0,0.11458071882924183,2.3428571428571434,0.0,-1.059304875050263,0.027224553072156217
0.05,slow_observer,264.0,0.11458071882924183,2.4714285714285715,0.0,-1.153793676170271,0.027577485420235668
0.05,slow_observer,264.0,0.11458071882924183,2.6000000000000005,0.0,-1.248293303620643,0.027920424622213995
0.05,slow_observer,264.0,0.11458071882924183,2.7285714285714286,0.0,-1.3428881853570032,0.028173878233629723
0.05,slow_observer,264.0,0.11458071882924183,2.8571428571428577,0.0,-1.4374857830318293,0.02843068404381617
0.05,slow_observer,264.0,0.11458071882924183,2.9857142857142858,0.0,-1.532083380706654,0.028688267950409373
0.05,slow_observer,264.0,0.11458071882924183,3.1142857142857148,0.0,-1.62668097838148,0.028946609181542626
0.05,slow_observer,264.0,0.11458071882924183,3.242857142857143,0.0,-1.721278576056305,0.029205687640299006
0.05,slow_observer,264.0,0.11458071882924183,3.371428571428572,0.0,-1.815876173731131,0.02946548388022404
0.05,slow_observer,264.0,0.11458071882924183,3.5,0.0,-1.9104737714059559,0.02972597908173952
0.05,slow_observer,272.0,0.3219831360318611,0.8,0.3333333333333333,0.15696121467250326,0.05071520366908104
0.05,slow_observer,272.0,0.3219831360318611,0.9285714285714286,0.3333333333333333,0.06389307888428475,0.051306670163779274
0.05,slow_observer,272.0,0.3219831360318611,1.0571428571428572,0.3333333333333333,-0.02982160824701099,0.05144204056186708
0.05,slow_observer,272.0,0.3219831360318611,1.185714285714286,0.3333333333333333,-0.12372582841201542,0.05157064327260342
0.05,slow_observer,272.0,0.3219831360318611,1.3142857142857145,0.3333333333333333,-0.21778477757641035,0.05158486650845806
0.05,slow_observer,272.0,0.3219831360318611,1.442857142857143,0.16666666666666666,-0.31186586403124555,0.051589410263223306
0.05,slow_observer,272.0,0.3219831360318611,1.5714285714285716,0.16666666666666666,-0.40600626842540216,0.051615264374269276
0.05,slow_observer,272.0,0.3219831360318611,1.7000000000000002,0.0,-0.5003935026892296,0.05158413641801842
0.05,slow_observer,272.0,0.3219831360318611,1.8285714285714287,0.0,-0.5947807369530569,0.051554379575423206
0.05,slow_observer,272.0,0.3219831360318611,1.9571428571428573,0.0,-0.689167971216885,0.05152599622198529
0.05,slow_observer,272.0,0.3219831360318611,2.085714285714286,0.0,-0.7836226212102785,0.05143367070068479
0.05,slow_observer,272.0,0.3219831360318611,2.2142857142857144,0.0,-0.878083856714125,0.051336589401453234
0.05,slow_observer,272.0,0.3219831360318611,2.3428571428571434,0.0,-0.9725450922179717,0.05124115349257547
0.05,slow_observer,272.0,0.3219831360318611,2.4714285714285715,0.0,-1.067038303091413,0.051209636337624515
0.05,slow_observer,272.0,0.3219831360318611,2.6000000000000005,0.0,-1.1615919991999322,0.05117297116047325
0.05,slow_observer,272.0,0.3219831360318611,2.7285714285714286,0.0,-1.2562119732814185,0.051085807372773386
0.05,slow_observer,272.0,0.3219831360318611,2.8571428571428577,0.0,-1.3508319473629058,0.05099989732128355
0.05,slow_observer,272.0,0.3219831360318611,2.9857142857142858,0.0,-1.4454519214443924,0.05091524735234696
0.05,slow_observer,272.0,0.3219831360318611,3.1142857142857148,0.0,-1.5401030667792357,0.05084431317283375
0.05,slow_observer,272.0,0.3219831360318611,3.242857142857143,0.0,-1.6348259201763848,0.05080248569632152
0.05,slow_observer,272.0,0.3219831360318611,3.371428571428572,0.0,-1.729553282743823,0.05076249504124913
0.05,slow_observer,272.0,0.3219831360318611,3.5,0.0,-1.82428064531126,0.050722534649398465
0.05,slow_observer,280.0,0.4808031882733162,0.8,0.8333333333333334,0.21113951934379485,0.026527627815202622
0.05,slow_observer,280.0,0.4808031882733162,0.9285714285714286,0.6666666666666666,0.1166235753566812,0.026496518466966816
0.05,slow_observer,280.0,0.4808031882733162,1.0571428571428572,0.6666666666666666,0.022098421969120027,0.02647526994564168
0.05,slow_observer,280.0,0.4808031882733162,1.185714285714286,0.6666666666666666,-0.07242673141844118,0.02646026485712174
0.05,slow_observer,280.0,0.4808031882733162,1.3142857142857145,0.6666666666666666,-0.1669540947534031,0.026452406321482335
0.05,slow_observer,280.0,0.4808031882733162,1.442857142857143,0.6666666666666666,-0.26149096640752956,0.02645469477329013
0.05,slow_observer,280.0,0.4808031882733162,1.5714285714285716,0.3333333333333333,-0.35602783806165644,0.026463321423686445
0.05,slow_observer,280.0,0.4808031882733162,1.7000000000000002,0.16666666666666666,-0.4505647097157832,0.02647828007769819
0.05,slow_observer,280.0,0.4808031882733162,1.8285714285714287,0.0,-0.5451015813699098,0.02649956001232778
0.05,slow_observer,280.0,0.4808031882733162,1.9571428571428573,0.0,-0.6396384530240365,0.026527146014888068
0.05,slow_observer,280.0,0.4808031882733162,2.085714285714286,0.0,-0.7341753246781634,0.026561018437131684
0.05,slow_observer,280.0,0.4808031882733162,2.2142857142857144,0.0,-0.8287121963322902,0.02660115326474363
0.05,slow_observer,280.0,0.4808031882733162,2.3428571428571434,0.0,-0.9232490679864167,0.026647522201611623
0.05,slow_observer,280.0,0.4808031882733162,2.4714285714285715,0.0,-1.0177883019173246,0.026702423262821955
0.05,slow_observer,280.0,0.4808031882733162,2.6000000000000005,0.0,-1.112328677033469,0.026764647853728073
0.05,slow_observer,280.0,0.4808031882733162,2.7285714285714286,0.0,-1.206869141983439,0.026833073714415116
0.05,slow_observer,280.0,0.4808031882733162,2.8571428571428577,0.0,-1.3014372645395966,0.026920112384611852
0.05,slow_observer,280.0,0.4808031882733162,2.9857142857142858,0.0,-1.3960053870957536,0.027013511817222266
0.05,slow_observer,280.0,0.4808031882733162,3.1142857142857148,0.0,-1.4905735096519097,0.027113206277762727
0.05,slow_observer,280.0,0.4808031882733162,3.242857142857143,0.0,-1.5851416322080671,0.02721912659664193
0.05,slow_observer,280.0,0.4808031882733162,3.371428571428572,0.0,-1.679840806534879,0.027267924641901524
0.05,slow_observer,280.0,0.4808031882733162,3.5,0.0,-1.7746005903071653,0.027288468186895943
0.05,slow_observer,288.0,0.6024209077492486,0.8,0.8333333333333334,0.2489876763656357,0.047460838723745805
0.05,slow_observer,288.0,0.6024209077492486,0.9285714285714286,0.8333333333333334,0.15466281154986808,0.04780946518183739
0.05,slow_observer,288.0,0.6024209077492486,1.0571428571428572,0.5,0.06000590495751732,0.047731128491841086
0.05,slow_observer,288.0,0.6024209077492486,1.185714285714286,0.5,-0.03466012805653024,0.0476681913730313
0.05,slow_observer,288.0,0.6024209077492486,1.3142857142857145,0.5,-0.1293703842414396,0.04767943773738232
0.05,slow_observer,288.0,0.6024209077492486,1.442857142857143,0.5,-0.22408064042634976,0.04769088558901236
0.05,slow_observer,288.0,0.6024209077492486,1.5714285714285716,0.16666666666666666,-0.3187908966112592,0.047702534782860455
0.05,slow_observer,288.0,0.6024209077492486,1.7000000000000002,0.16666666666666666,-0.41350115279616895,0.0477143851714562
0.05,slow_observer,288.0,0.6024209077492486,1.8285714285714287,0.0,-0.5082178075975275,0.04773134730055949
0.05,slow_observer,288.0,0.6024209077492486,1.9571428571428573,0.0,-0.6029347322874937,0.04774867356859368
0.05,slow_observer,288.0,0.6024209077492486,2.085714285714286,0.0,-0.6976516569774597,0.04776615577026771
0.05,slow_observer,288.0,0.6024209077492486,2.2142857142857144,0.0,-0.7923685816674254,0.04778379373443207
0.05,slow_observer,288.0,0.6024209077492486,2.3428571428571434,0.0,-0.8870855063573914,0.047801587288665084
0.05,slow_observer,288.0,0.6024209077492486,2.4714285714285715,0.0,-0.981802431047357,0.047819536259282126
0.05,slow_observer,288.0,0.6024209077492486,2.6000000000000005,0.0,-1.0765193557373238,0.04783764047134576
0.05,slow_observer,288.0,0.6024209077492486,2.7285714285714286,0.0,-1.171236280427289,0.04785589974866652
0.05,slow_observer,288.0,0.6024209077492486,2.8571428571428577,0.0,-1.2659767135935835,0.0478436001065881
0.05,slow_observer,288.0,0.6024209077492486,2.9857142857142858,0.0,-1.360721114710563,0.047830622422632876
0.05,slow_observer,288.0,0.6024209077492486,3.1142857142857148,0.0,-1.4554878356589098,0.047813644773448225
0.05,slow_observer,288.0,0.6024209077492486,3.242857142857143,0.0,-1.5502545566072552,0.0477968137487523
0.05,slow_observer,288.0,0.6024209077492486,3.371428571428572,0.0,-1.6450212775556015,0.04778012950349539
0.05,slow_observer,288.0,0.6024209077492486,3.5,0.0,-1.739787998503947,0.047763592191490276
0.05,slow_observer,296.0,0.6955506447174754,0.8,0.8333333333333334,0.2761212408663836,0.0455140330409766
0.05,slow_observer,296.0,0.6955506447174754,0.9285714285714286,0.8333333333333334,0.18245832771957612,0.04585172085137768
0.05,slow_observer,296.0,0.6955506447174754,1.0571428571428572,0.6666666666666666,0.08854590908553868,0.04604985572714653
0.05,slow_observer,296.0,0.6955506447174754,1.185714285714286,0.3333333333333333,-0.0054207478684003135,0.04621716213773314
0.05,slow_observer,296.0,0.6955506447174754,1.3142857142857145,0.3333333333333333,-0.09940415239065094,0.04639517237331007
0.05,slow_observer,296.0,0.6955506447174754,1.442857142857143,0.16666666666666666,-0.19348510616818493,0.04665685734047182
0.05,slow_observer,296.0,0.6955506447174754,1.5714285714285716,0.16666666666666666,-0.2878317658831016,0.04696001361834308
0.05,slow_observer,296.0,0.6955506447174754,1.7000000000000002,0.16666666666666666,-0.38226083433509966,0.04724845686691166
0.05,slow_observer,296.0,0.6955506447174754,1.8285714285714287,0.0,-0.4767364001345446,0.047500821359734255
0.05,slow_observer,296.0,0.6955506447174754,1.9571428571428573,0.0,-0.5712187787457901,0.0477611805537414
0.05,slow_observer,296.0,0.6955506447174754,2.085714285714286,0.0,-0.6657217267312077,0.0480397112852605
0.05,slow_observer,296.0,0.6955506447174754,2.2142857142857144,0.0,-0.760224674716626,0.048318925451536744
0.05,slow_observer,296.0,0.6955506447174754,2.3428571428571434,0.0,-0.8547276227020437,0.048598811272983204
0.05,slow_observer,296.0,0.6955506447174754,2.4714285714285715,0.0,-0.9492305706874616,0.04887935721180016
0.05,slow_observer,296.0,0.6955506447174754,2.6000000000000005,0.0,-1.0437641366938404,0.04915999303585986
0.05,slow_observer,296.0,0.6955506447174754,2.7285714285714286,0.0,-1.1383448201480693,0.049411275638712095
0.05,slow_observer,296.0,0.6955506447174754,2.8571428571428577,0.0,-1.2330791329362893,0.04938905737921461
0.05,slow_observer,296.0,0.6955506447174754,2.9857142857142858,0.0,-1.3278134457245088,0.04936699056285201
0.05,slow_observer,296.0,0.6955506447174754,3.1142857142857148,0.0,-1.422547758512728,0.04934507539279862
0.05,slow_observer,296.0,0.6955506447174754,3.242857142857143,0.0,-1.5172820713009472,0.049323312071190666
0.05,slow_observer,296.0,0.6955506447174754,3.371428571428572,0.0,-1.612016384089167,0.0493017007991206
0.05,slow_observer,296.0,0.6955506447174754,3.5,0.0,-1.7067506968773862,0.04928024177662618
